doi,cr_title,cr_first_author,cr_last_author,cr_all_authors,cr_journal,cr_abstract,cr_year,cr_month,source,abstract_id
10.1016/j.jmig.2012.08.065,Contraceptive Failures Associated with Hysteroscopic Sterilization,Deraleau E,Heinlein P,Deraleau E; Heinlein P,Journal of Minimally Invasive Gynecology,NA,2012,11,crossref,AAGL2012_056
10.1136/bmj.h6282,Safety and efficacy of hysteroscopic sterilization compared with laparoscopic sterilization: an observational cohort study,,,,BMJ,NA,2015,11,crossref,AAGL2012_056
10.5005/jp/books/11731_17,Hysteroscopic Sterilization,Gupta J,Munir R,Gupta J; Munir R,Textbook of Hysteroscopy,NA,2013,01,crossref,AAGL2012_056
10.5005/jp/books/12892_16,Hysteroscopic and laparoscopic sterilization,Zurawin R,Zurawin J,Zurawin R; Zurawin J,"Minimally Invasive Gynecologic Surgery: Evidence-Based Laparoscopic, Hysteroscopic and Robotic Procedures",NA,2016,01,crossref,AAGL2012_056
10.1515/9781400871759-006,V Demographic and Social Aspects of Contraceptive Sterilization,,,,The Contraceptive Revolution,NA,2015,12,crossref,AAGL2012_056
10.5468/ogs.2015.58.6.487,Contraceptive failure after hysteroscopic sterilization: Analysis of clinical and demographic data from 103 unplanned pregnancies,Sills E,Wood S,Sills E; Li X; Jones C; Wood S,Obstetrics &amp; Gynecology Science,NA,2015,01,crossref,AAGL2012_056
10.1002/pds.3766,"Incidence of opioid-managed pelvic pain after hysteroscopic sterilization versus laparoscopic sterilization, US 2005-2012",Conover M,Jonsson Funk M,Conover M; Howell J; Wu J; Kinlaw A; Dasgupta N; Jonsson Funk M,Pharmacoepidemiology and Drug Safety,NA,2015,08,crossref,AAGL2012_056
10.1016/j.contraception.2014.05.021,Probability of pregnancy after sterilization: a comparison of hysteroscopic versus laparoscopic sterilization,Verkuyl D,Verkuyl D,Verkuyl D,Contraception,NA,2014,11,crossref,AAGL2012_056
10.1007/978-3-662-44059-9_5,Hysteroscopic Sterilization,Thurkow A,Thurkow A,Thurkow A,Minimally Invasive Gynecological Surgery,NA,2015,01,crossref,AAGL2012_056
10.1097/gco.0000000000000369,"Current techniques and outcomes in hysteroscopic sterilization: current evidence, considerations, and complications with hysteroscopic sterilization micro inserts",Casey J,Yunker A,Casey J; Cedo-Cintron L; Pearce J; Yunker A,Current Opinion in Obstetrics &amp; Gynecology,"
            Purpose of review
            To describe the current data regarding effectiveness, complications, postoperative evaluation, and surgical interventions associated with Essure hysteroscopic sterilization.
          
          
            Recent findings
            Hysteroscopic sterilization is a commonly performed procedure that is offered as a well tolerated, effective, outpatient method of permanent sterilization. Over the past several years, concerns have been raised regarding correct placement and postoperative complications. This has led to statements by both the Food and Drug Administration (FDA) in October, 2016 and American Association of Gynecologic Laparoscopists in February, 2017, as a significant portion of women seek removal of these devices. A current black-box warning issued by the FDA in 2016 recommends discussion of ‘the probabilities of rates or events’ of adverse outcomes associated with Essure placement.
          
          
            Summary
            Although hysteroscopic sterilization is usually a safe, effective option for permanent contraception, new evidence regarding complications has emphasized the need for proper education and counseling. Appropriate patient selection and knowledge of potential complications is paramount to ensuring patients, and medical providers are well informed and have realistic expectations regarding potential placement and postoperative issues.
          ",2017,08,crossref,AAGL2012_056
10.1016/j.contraception.2014.06.029,Probability of pregnancy after sterilization: a comparison of hysteroscopic versus laparoscopic sterilization: in reply,Gariepy A,Gariepy A,Gariepy A,Contraception,NA,2014,11,crossref,AAGL2012_056
10.1136/bmj.h5162,Safety and efficacy of hysteroscopic sterilization compared with laparoscopic sterilization: an observational cohort study,Mao J,Sedrakyan A,Mao J; Pfeifer S; Schlegel P; Sedrakyan A,BMJ,NA,2015,10,crossref,AAGL2012_056
10.1007/978-1-4939-1414-2_8,Hysteroscopic Tubal Sterilization,Emery J,Emery J,Emery J,Office-Based Gynecologic Surgical Procedures,NA,2015,01,crossref,AAGL2012_056
10.1016/j.contraception.2013.05.151,Probability of pregnancy after sterilization: a comparison of hysteroscopic versus laparoscopic sterilization,Gariepy A,Xu X,Gariepy A; Creinin M; Smith K; Xu X,Contraception,NA,2013,09,crossref,AAGL2012_056
10.5005/jp/books/13032_67,Maintenance and Sterilization of Hysteroscopic Instruments,Darade R,Parbat M,Darade R; Parbat M,Mastering the Techniques in Hysteroscopy,NA,2017,01,crossref,AAGL2012_056
10.1016/j.jmig.2021.09.162,Hysteroscopic Endometrial Resection Sterilization (HERS): Complete Endometrial Resection for Permanent Transcervical Sterilization,Moore M,Moore M,Moore M,Journal of Minimally Invasive Gynecology,NA,2021,11,crossref,AAGL2012_056
10.1016/j.contraception.2020.12.002,Comparison of contraceptive failures associated with CYP3A4-inducing drug-drug interactions by route of hormonal contraceptive in an adverse event reporting system,Sunaga T,Brown J,Sunaga T; Cicali B; Schmidt S; Brown J,Contraception,NA,2021,04,crossref,AAGL2012_056
10.1016/j.contraception.2015.03.005,Probability of pregnancy after sterilization: a comparison of hysteroscopic versus laparoscopic sterilization,Gariepy A,Xu X,Gariepy A; Creinin M; Smith K; Xu X,Contraception,NA,2015,06,crossref,AAGL2012_056
10.5005/jp/books/13032_55,Hysteroscopic Methods of Sterilization Nowadays: Essure Device,Pascual L,Berral J,Pascual L; Berral J,Mastering the Techniques in Hysteroscopy,NA,2017,01,crossref,AAGL2012_056
10.1016/j.contraception.2014.03.010,Probability of pregnancy after sterilization: a comparison of hysteroscopic versus laparoscopic sterilization,Gariepy A,Xu X,Gariepy A; Creinin M; Smith K; Xu X,Contraception,NA,2014,08,crossref,AAGL2012_056
10.1016/j.jmig.2012.08.094,A Retrospective Review of Patient Outcomes in a Multi-Disciplinary Clinic Model for Treatment of Chronic Pelvic Pain,Masone M,Tatalovich J,Masone M; Jarnagin B; Tatalovich J,Journal of Minimally Invasive Gynecology,NA,2012,11,crossref,AAGL2012_085
10.26226/morressier.5d1cc24a57558b317a1733c4,4 - The role of injection procedures in a multi-disciplinary chronic pain clinic,Cox N,D Tilak D,Cox N; D Tilak D,NA,NA,NA,01,crossref,AAGL2012_085
10.2217/pmt-2021-0072,Patient Perspectives from the Multi-Disciplinary Chronic Pain Clinic: A Qualitative Study,Pandey M,Oakes L,Pandey M; Marwah R; McLean M; Paluck E; Oliver A; Maierhoffer S; Rude D; Oakes L,Pain Management,NA,2022,04,crossref,AAGL2012_085
10.21203/rs.3.rs-6865142/v1,Interdisciplinary Multimodal Pain Therapy for chronic musculoskeletal pain in a day clinic setting: Examining patient-reported and performance-based correlates of treatment outcomes,Maas J,Fleig L,Maas J; Vinzelberg S; Kolodziejczak-Krupp K; Wilhelm L; Fleig L,NA,"Abstract
        Objectives
The aim of this single-arm pre-post intervention study was to evaluate an interdisciplinary multimodal pain therapy (IMPT) in a day clinic for people with chronic musculoskeletal pain under routine care conditions. Primary objectives included assessing changes in pain intensity and pain-related disability and examining theory- and evidence-based correlates of these treatment outcomes, such as parameters of mental and physical health.
Methods
A cohort of n = 308 patients underwent a four-week IMPT, which included exercise, manual therapy, and cognitive behavioural therapy. Pain intensity and disability (CPG), well-being (FW-7), mental and physical health (VR-12), depressive symptoms, anxiety, and stress (DASS) were assessed using self-report questionnaires before and six months after the IMPT was completed. Physical function was assessed using performance-based measures including the stair climb test, the MFT-S3-Check and the prone bridge test before and after treatment. Data were analysed using dependent samples t-tests and multiple linear regressions.
Results
Six months post-treatment, patients showed reductions in pain intensity (d = .95) and disability (d = .75). Reductions in depression, anxiety, and stress,well-being, mental and physical health, and physical function were also observed, with small to large effect sizes. Regression analysis showed that improvements in self-reported well-being and physical health were associated with changes in pain. However, this was not the case for changes in performance-based physical function or changes psychological risk factors (i.e., depressive symptoms, anxiety, stress).
Discussion
The results indicate that individuals with chronic pain experienced sustained benefits from IMPT for up to six months following treatment completon. The findings highlight the role of changes in self-reported well-being and physical health in reducing pain. The investigation of psychosocial and behavioural mechanisms is an important avenue for future studies.",NA,01,crossref,AAGL2012_085
10.1016/j.ijsu.2014.07.166,Treatment outcomes of midfacial segment pain: Experience of the liverpool multi-disciplinary facial pain clinic,Lazarova L,Leong S,Lazarova L; Tsang H; Banhegyi G; Leong S,International Journal of Surgery,NA,2014,11,crossref,AAGL2012_085
10.4193/rhino14.156,Treatment outcomes of midfacial segment pain: experience from the Liverpool multi-disciplinary team facial pain clinic,Leong S,Banhegyi G,Leong S; Lazarova L; Tsang H; Banhegyi G,Rhinology journal,"Objectives: Midfacial segment pain (MSP) has the characteristics of tension-type headache which is confined to the midface cor- responding to the second division of the trigeminal nerve. This review presents treatment outcomes of MSP patients managed at the Multi-disciplinary Team (MDT) Facial Pain Clinic in Liverpool.  Methodology: Prospective clinical outcome performed in a tertiary referral centre for complex facial pain syndromes.  Main outcome measures: Sino-Nasal Outcome Test (SNOT). Clinical ""success"" was defined as an improvement in total SNOT score of &gt;9 points and a reduction of the ear-facial symptoms sub-domain score by ≥50% from baseline.  Results: The average age of the cohort was 49 years, with an average follow-up of 12 months. The overall pre-treatment total SNOT-22 score was 59.5 which improved significantly to 42 at latest follow-up. Although the average scores of all sub-domains improved, only the ear-facial symptoms and psychological issues sub-domains achieved statistical significance. When the criterion for success was applied, nine patients fulfilled this definition at an average of 12 months follow-up. The baseline total SNOT score in this cohort improved from 60.6 to 19.7. Half of these patients achieved success within 18 months of commencing treatment and the probability of attaining success at long-term follow-up was high.  Conclusions: Treatment of midfacial segment facial pain is complex and requires follow-up to achieve any meaningful clinical outcome.",2015,03,crossref,AAGL2012_085
10.1186/isrctn21012555,A randomised trial of group-delivered cognitive behavioural therapy versus standard pain clinic treatment for chronic pelvic pain,Rochester M,Rochester M,Rochester M,http://isrctn.org/&gt;,NA,NA,01,crossref,AAGL2012_085
10.1016/j.inpm.2024.100397,Dorsal root ganglion stimulation for patients with chronic pelvic pain: A retrospective review of patient experiences and long-term outcomes,Burns S,Barreveld A,Burns S; Majdak P; Adler A; Jo C; Chiang M; Yong R; Barreveld A,Interventional Pain Medicine,NA,2024,03,crossref,AAGL2012_085
10.1136/rapm-2019-esraabs2019.129,ESRA19-0508 The role of injection procedures in a multi-disciplinary chronic pain clinic,Cox N,Tilak D,Cox N; Tilak D,E-Poster Discussion Abstracts,NA,2019,10,crossref,AAGL2012_085
10.1007/978-3-319-48464-8_2,The Changing Role of Organized Patient Support for the Chronic Pelvic Pain Patient,Meijlink J,Meijlink J,Meijlink J,Urological and Gynaecological Chronic Pelvic Pain,NA,2017,01,crossref,AAGL2012_085
10.21203/rs.3.rs-29986/v1,A Urine-Based Biomarker for Chronic Prostatitis/Chronic Pelvic Pain Syndrome: A Retrospective Multi-Center Study,Wu Z,Shang X,Wu Z; Zhang G; Chen W; Hu X; Yang J; Meng J; Zeng Y; Shang X,NA,"Abstract
        Background There are currently no objective diagnostic criteria for chronic prostatitis or chronic pelvic pain syndrome and no accepted therapies that cure the disease.Methods We identified 372 patients with chronic prostatitis diagnosed from 2015 to 2018 and collect the information of age, routine urinary test, EPS and NIH-CPSI.Results Our study demonstrated a correlation between the increase of PSEP level and NIH-CPSI scores. At meantime, the correlation was found between the PSEP level and EPS-white blood cells.Conclusions These findings highlight the potential of PSEP as a viable indicator of symptomatic progression of CP/CPPS. Applications of PSEP assay may guide drug discovery and lead to the better treatment to improve patient’s quality of life.",NA,01,crossref,AAGL2012_085
10.1016/j.sjpain.2015.04.009,Chronic nonmalignant pain at a mono-disciplinary pain clinic. Identifying the key patient groups for targeted health promotion – A cohort study,Hansen C,Hansen C,Hansen C,Scandinavian Journal of Pain,"Abstract
                  
                    Aims
                    To identify and describe the most common category of patients in a newly established mono-disciplinary pain clinic, in order to plan, test, evaluate and implement targeted health promotion interventions.
                  
                  
                    Methods
                    The study was a register-based retrospective cohort study comprising data from the hospital registration system GS!open. Including chronic non-malignant pain patients in the period January 1st 2013 to December 31st 2014; analysing only patients who underwent a treatment trajectory by the mono-disciplinary pain clinic.
                  
                  
                    Results
                    The study population consisted of 300 men and 509 women, mean age 53.6 year. By descriptive statistics the three major patient groups was identified: (1) Long lasting/chronic non-malignant pain – comprising 52% of the cohort, representing 37% male, mean age 54.9 year, mainly labeled nonspecific back pain; (2) Other chronic pain– representing 15% of the cohort, comprising 45% male, mean age 56.0 year; (3) Reflex dystrophy – comprising 8% of the cohort, with 30% male, mean age 43.6 year. The clinic had 4.161 outpatient consultations in the period with an increase of 13.9% from 2013 to 2014; average consultation rate per individual was 5.2 for women both years; for men the average was 5.1 in 2013 and 4.9 in 2014. In addition, the pain clinic patients were referred from: hospital (89.3%); hospital waiting trajectory (1.7%); general practitioner (7.3%) and practitioner specialist (1.7%).
                  
                  
                    Conclusions
                    This register-based study revealed that patients with nonspecific back pain were the most frequent patient category treated in the mono-disciplinary pain clinic. This finding suggests that targeted health promotion intervention may advantageously be organized with focus on the large group of patients with chronic nonspecific back pain.
                  ",2015,07,crossref,AAGL2012_085
10.36255/chronic-pelvic-pain-in-women-causes-symptoms-treatment,"Chronic Pelvic Pain in Women: Causes, Symptoms, Diagnosis, and Treatment",,,,Chronic Pelvic Pain in Women: Education for Patients and the Public,"Chronic pelvic pain in women is a common but often misunderstood condition that can affect daily functioning, emotional well-being, and quality of life. It refers to pain in the lower abdomen that lasts for six months or longer and may be related to a wide range of causes including gynecological, urological, gastrointestinal, or musculoskeletal issues. This article provides a complete overview of chronic pelvic pain in women, including its types, causes, symptoms, diagnosis, and treatment options. It also explains how to manage side effects of treatment, reduce risks, and live well despite the condition.",2025,05,crossref,AAGL2012_085
10.1007/978-3-031-08376-1_9,Patient Reported Outcomes,Kent M,Kent M,Kent M,Hospitalized Chronic Pain Patient,NA,2022,01,crossref,AAGL2012_085
10.26226/morressier.59b63e3fd462b80292389248,Physiotherapy Interventions for the Treatment of Urologic Chronic Pelvic Pain Syndrome: A Systematic Review,Hacad C,Hacad C,Hacad C,NA,NA,NA,01,crossref,AAGL2012_085
10.36076/ppj.2021/24/e367,Feasibility of Ultrasound-Guided Peritoneal Perfusion with Ozone in the Treatment of Chronic Pelvic Pain: A Bicenter Retrospective Analysis,An J,An J,An J,Pain Physician,"Background: Numerous therapies have been developed for the treatment of chronic
pelvic pain (CPP). Oxygen-ozone therapy is a new method for the treatment of CPP.
Objectives: This article evaluated the feasibility of ultrasound-guided peritoneal perfusion
with ozone in patients with CPP.
Study Design: This is a bicenter retrospective study.
Setting: The study was conducted at 2 pain centers of a university hospital.
Methods: The medical records of patients with CPP (n = 60) from March 2016 until
October 2018 were collected and reviewed. Group A contained 19 patients who were
treated with a 1500 mcg dose of ozonated water (10 mcg/mL concentration and 150 mL
volume), group B contained 23 patients using the same dose of ozonated water but a 15
mcg/mL concentration and 100 mL volume. Group C included 18 patients using a similar
ozone dose but delivered in an oxygen-ozone mixture (15 mcg/mL concentration and 100
mL volume oxygen-ozone mixture). Visual Analog Scale (VAS) scores for pain of the 3 groups
were compared at pretreatment, posttreatment, 1, 3, and 6 months posttreatment. The
injection pain was evaluated using a 4-point verbal rating scale. Quality of life (QoL), anxiety,
and depression were assessed at pretreatment and at 6 months posttreatment.
Results: The VAS scores of the 3 groups decreased over time following treatment. Group
A showed much higher pain scores compared with groups B and C at 1, 3, and 6 months
posttreatment. However, the injection pain for groups B and C was higher than group A, but
there was no difference seen between group B and C. At 6 months posttreatment, the QoL
for all patients improved compared with pretreatment, whereas the anxiety and depression
did not demonstrate differences.
Limitations: The main limitations of this study are the retrospective study design, limited
case number, and short follow-up period.
Conclusions: Ultrasound-guided peritoneal perfusion with ozone is a feasible therapy for
patients with CPP.
Key words: Chronic pelvic pain, ozone, peritoneal perfusion",2021,05,crossref,AAGL2012_085
10.2310/pm.15021,Patient with Chronic Pelvic Pain from Endometriosis,Cheng J,Cho Y,Cheng J; Cho Y,DeckerMed Pain Management,"Endometriosis, a chronic and progressive condition characterized by the presence of endometrial tissue outside the uterus, accounts for about one third of the cases of chronic pelvic pain in women. Pain in endometriosis may be due to nociceptive, inflammatory, and/or neu­ropathic mechanisms. The clinical presentation is often variable between patients, and diagnostic laparoscopy for visualization and biopsy of lesions is the gold standard for diagnosis. The treatment may consist of two elements: chronic pelvic pain itself as a diagnosis and endometriosis as a disease. Hormonal therapy is used to reduce the amount of estrogen and hence reduce symptoms such as pelvic pain and dysmenorrhea. In patients with severe endometriosis, surgical removal of lesions, adhesions, and cysts and restoration of pelvic anatomy may be preferred. Both hormonal and surgical treatments have been shown to be effective in decreasing pain symptoms associated with endometriosis. A variety of analgesics, including nonsteroidal antiinflammatory drugs, opioids, tricyclic antidepressants, dual reuptake inhibitors of serotonin and norepinephrine, and antiepileptic drugs, have been used to ameliorate pain in endometriosis, with varying degrees of success. In patients with persistent symptoms, interventional pain management procedures may be performed to target the visceral and somatic organs and their innervations. Infertility is the most common complication of endometriosis. Between 10 and 20% of women with endometriosis have recurrence of the disease regardless of the treatment they receive. The recurrence of pain may be due to remodeling of the central nervous system, the role of the reproductive tract in reactivating pain, and incomplete removal or recurrence of lesions.
This review contains 2 tables and 52 references 
Key words: chronic abdominal pain, chronic pelvic pain, dyschezia, dysmenorrhea, dyspareunia, endometrioma, endometriosis, hormonal therapy, infertility, retrograde menstruation, visceral pain ",2016,11,crossref,AAGL2012_085
10.1017/9781108877084.020,Treatment of Sexual Dysfunction Arising from Chronic Pelvic Pain,Wickman D,Wickman D,Wickman D,Management of Chronic Pelvic Pain,NA,2021,03,crossref,AAGL2012_085
10.1007/978-3-642-28753-4_100369,Chronic Pelvic Pain Model,,,,Encyclopedia of Pain,NA,2013,01,crossref,AAGL2012_085
10.1007/978-3-030-56387-5_10,Mind and Pain: Psychotherapy and Hypnosis in the Treatment of Chronic Pelvic Pain,Comello W,Comello W,Comello W,"Urodynamics, Neurourology and Pelvic Floor Dysfunctions",NA,2021,01,crossref,AAGL2012_085
10.1016/j.jmig.2013.08.024,Regression Analysis of Predicted and Actual Operating Duration for Advanced Laparoscopic Excisional Endometriosis Surgery,Attilia B,Penketh R,Attilia B; Griffiths A; Penketh R,Journal of Minimally Invasive Gynecology,NA,2013,11,crossref,AAGL2013_021
10.52054/fvvo.15.1.055,Excisional endometriosis surgery with hysterectomy and bilateral salpingo-oophorectomy versus excisional endometriosis surgery alone for pelvic pain associated with deep endometriosis,Manobharath N,Saridogan E,Manobharath N; Lewin J; Hirsch M; Naftalin J; Vashisht A; Cutner A; Saridogan E,"Facts, Views and Vision in ObGyn","Background: There is no agreed consensus on the optimal surgical treatment for pain associated with endometriosis.

Objectives: To compare improvement in symptoms and quality-of-life in patients undergoing excisional endometriosis surgery (EES) versus EES with hysterectomy and bilateral salpingo-oophorectomy (EES-HBSO).

Methods: This study evaluated patients undergoing EES and EES-HBSO at a single endometriosis centre between 2009 and 2019. Data was obtained from the British Society for Gynaecological Endoscopy database. Adenomyosis was assessed by blinded re-analysis of imaging and/or histology data.

Main outcome measures: Pain scores (numeric rating scale 0-10) and quality-of-life scores (EQ-VAS) before and after EES and EES-HBSO.

Results: We included 120 patients undergoing EES and 100 patients undergoing EES-HBSO. After controlling for baseline characteristics and the presence of adenomyosis, there was greater post-op improvement in non-cyclical pelvic pain amongst patients undergoing EES-HBSO compared to EES alone.The baseline pain scores had improved in the EES-HBSO cohort by 2.106/10 at 6 months (95%CI 0.469-3.742, p=0.012), 2.642/10 at 12 months (95%CI 0.871-4.413, p=0.004), and 2.548/10 at 24 months (95%CI 0.681-4.414, p=0.008), when compared to the EES group. Greater improvement amongst EES-HBSO patients was also seen for dyspareunia, non-cyclical dyschaezia and bladder pain. Patients undergoing EES-HBSO had greater improvement in EQ-VAS, although this was no longer statistically significant after controlling for adenomyosis.

Conclusion: EES-HBSO appears to provide greater benefit than EES alone for symptoms including non-cyclical pelvic pain as well as for quality-of-life. Further research is required to determine which patients benefit the most from EES-HBSO, and whether removal of the ovaries, uterus or both is the key to this additional benefit in symptom control.",2023,03,crossref,AAGL2013_021
10.5005/jp/books/11753_33,Laparoscopic Management of Endometriosis,Mishra R,Mishra R,Mishra R,Textbook of Practical Laparoscopic Surgery,NA,2013,01,crossref,AAGL2013_021
10.1097/md.0000000000030602,Outcomes between non-IVF and IVF treatment after laparoscopic conservative surgery of advanced endometriosis with Endometriosis Fertility Index score &gt;3,Demir E,Kelekci S,Demir E; Soyman Z; Kelekci S,Medicine,"
                    Surgical excision of advanced endometriosis has been demonstrated to improve women’s pain symptoms and quality of life in women in randomized placebo-controlled trials, but there is no strong evidence regarding the live birth rate. The revised American Fertility Society (r-AFS) classification for endometriosis has a limited predictive ability for fertility outcomes after surgery; therefore, EFI scoring has been advised for predicting conception after endometriosis surgery. No randomized controlled trials have investigated fertility outcomes in patients with advanced endometriosis after surgery. This study aimed to determine the outcomes of in vitro fertilization (IVF) or non-IVF treatments after conservative surgery for advanced endometriosis in patients with good prognosis Endometriosis Fertility Index (EFI) scores (&gt;3). This prospective cohort study was conducted between April 2014 and April 2019 at a tertiary research hospital. In total, 113 women with suspected preoperative advanced endometriosis were enrolled in this study. A total of 90 women with advanced endometriosis underwent laparoscopic surgery. Fourteen patients with EFI score of ≤3 and 3 of them who had bilateral tubal occlusion were also excluded. Seventy-three women were included in this study. The remaining 30 women in the non-IVF group and 32 women in the IVF group were analyzed. The main outcome measures were cumulative pregnancy rates and live birth rates in both groups. Women who underwent IVF treatment were older than women (30 ± 3.41) who had non-IVF treatment (26.5 ± 3.07) after laparoscopic surgery (
                    P
                     &lt; .001). The remaining baseline characteristics of the patients in both groups were similar. Clinical pregnancy, abortion, and live birth rates were similar in both the groups after 36 months of follow-up. This study demonstrated that cumulative pregnancy and live birth rates were similar to those of non-IVF or IVF treatments after conservative surgery for advanced endometriosis, if patients had good prognosis EFI scores. Furthermore, non-IVF treatments resulted in nearly the same clinical pregnancy results as IVF treatment within 1 year after surgery.
                  ",2022,09,crossref,AAGL2013_021
10.33140/ijwhc.08.01.03,Microwave Thermal Ablation of Uterine Fibroids during Laparoscopic Surgery for Endometriosis,,,,International Journal of Women’s Health Care,"Endometriosis is defined as the presence of endometrial glands or stroma outside the uterus, commonly diagnosed in women of childbearing age frequently with subfertility. Endometriosis is associated with the presence of uterine fibroids, which are benign tumors of the smooth muscle cells of the uterus, in 20-25% of cases. It is unclear whether fibroids interfere with fertility and pregnancy. The association of the two pathologies makes us ask the question of which is the best therapy to use. Sometimes medical therapy is not effective or has contraindications, surgery can be burdened with secondary effects that can impair fertility. In recent years, new techniques have been introduced to integrate conventional therapies, which involve the use of different forms of energy. Among these energies, an important place is occupied by microwaves (MW). MW creates an electromagnetic field that transforms kinetic energy into heat that induces cell death by coagulation necrosis. We have chosen to use MW thermal ablation to treat fibroids during laparoscopic surgery for endometriosis due to the fact that laparoscopic removal of myomas significantly lengthens the surgical time and increases possible complications.",2023,01,crossref,AAGL2013_021
10.3410/f.742328725.793595510,Faculty Opinions recommendation of Outcomes between non-IVF and IVF treatment after laparoscopic conservative surgery of advanced endometriosis with Endometriosis Fertility Index score &gt;3.,Rolla E,Rolla E,Rolla E,Faculty Opinions – Post-Publication Peer Review of the Biomedical Literature,NA,2022,09,crossref,AAGL2013_021
10.1002/14651858.cd008979.pub2,Excisional versus ablative surgery for peritoneal endometriosis,Bignardi T,Lam A,Bignardi T; Khong S; Lam A,Cochrane Database of Systematic Reviews,NA,2019,07,crossref,AAGL2013_021
10.1016/j.annonc.2023.10.153,21P Duration of breast cancer trials: Analysis of predicted versus actual completion date,Verschoor D,Segelov E,Verschoor D; Khlebnikov P; Meer F; Amini P; Haas Q; Segelov E,Annals of Oncology,NA,2023,11,crossref,AAGL2013_021
10.1093/bjs/znaf166.073,SP6.02 Laparoscopic management of advanced (Grade IV) endometriosis: a joint venture or a solo journey?,Siddique K,Akram F,Siddique K; Akram F,British Journal of Surgery,"Abstract
               
                  Aims
                  Advanced grade IV endometriosis affects between 3.8% to 37% patients, mostly affecting the rectovaginal septum. It is characterized by a myriad of symptoms. The Aim of the project was to assess the outcomes of the joint coloretal-Gynae lists for multi-visceral endometriosis.
               
               
                  Methods
                  This study is conducted at a tertiary care centre with data entered into the national registry over the last 10years. Cases were reviewed at the Endometriosis MDT followed by surgery. Analysis was performed to asses variables including peri-operative complications following rectal treatment; improvement in pain, fertility, conversion &amp; return to theatre.
               
               
                  Results
                  The total number of joint procedures were 300. Majority had rectal shaving (97%), disc resection in 4 (1.3%) and anterior resection 2(0.6%), &amp; two stomas formed. Two patients had ureteric injury managed conservatively and 01open conversion with no unplanned return-to-theatre. Pelvic pain improved in 70-80%, &amp; pregnancy was achieved in 35-40%.
               
               
                  Conclusion
                  Tertiary centre MDT with experienced radiologists, gynaecologists, colorectal surgeon, &amp; nurse specialists adhering to the core GIRFT principles are essential for high quality patient outcomes. The Expertise of a colorectal surgeon helps organ preservation and better functional outcomes, thus achieving a high success rate and patient satisfaction.
               ",2025,08,crossref,AAGL2013_021
10.12891/ceog3133.2016,Robot-assisted versus conventional laparoscopic surgery in the treatment of advanced stage endometriosis: a meta-analysis,Chen S,Du X,Chen S; Li Z; Du X,Clinical and Experimental Obstetrics &amp; Gynecology,NA,2016,06,crossref,AAGL2013_021
10.1201/b13198-10,Operating Room Requirements and Special Consideration for Laparoscopic Surgery,,,,Operative Pediatric Surgery,NA,2013,04,crossref,AAGL2013_021
10.4293/jsls.2014.00094,Perioperative Outcomes of Robotic Assisted Laparoscopic Surgery Versus Conventional Laparoscopy Surgery for Advanced-Stage Endometriosis,Nezhat F,Sirota I,Nezhat F; Sirota I,JSLS : Journal of the Society of Laparoendoscopic Surgeons,NA,2014,01,crossref,AAGL2013_021
10.1007/978-3-030-52984-0_36,Laparoscopic Surgery in Adolescent Endometriosis,Soriano D,Bar-Shavit Y,Soriano D; Bar-Shavit Y,Endometriosis in Adolescents,NA,2020,01,crossref,AAGL2013_021
10.5005/jp/books/12446_14,Laparoscopic Management of Endometriosis,Gordts S,Gordts S,Gordts S,A Manual of Minimally Invasive Gynecological Surgery,NA,2015,01,crossref,AAGL2013_021
10.15226/2376-4570/4/1/00138,Laparoscopic Acute Care Surgery in Liver Disease: A Regression Analysis of the Nationwide Inpatient Sample,Merchant A,Merchant A,Merchant A,SOJ Surgery ,NA,2017,03,crossref,AAGL2013_021
10.1097/01.aog.0000558828.95268.20,Elagolix Versus Laparoscopic Surgery for Treatment of Pain Due to Endometriosis: A Cost-Effectiveness Analysis [12J],Movilla P,Movilla P,Movilla P,Obstetrics &amp; Gynecology,"
            INTRODUCTION:
            The objective was to assess the cost-effectiveness Elagolix versus laparoscopic conservative surgery as the primary treatment of moderate to severe pain due to endometriosis.
          
          
            METHODS:
            A Markov model was developed comparing primary treatment with Elagolix to primary laparoscopic conservative surgery for patients with moderate to severe pain due to endometriosis. Clinical and surgical data were obtained from published literature. Medical costs were obtained utilizing contemporary charges for standard treatments. The medical and financial outcomes were evaluated from time of patient presentation with moderate to severe pain, until time of patient death. A sensitivity analysis was performed to evaluate the significance of various medical and financial parameters designated within the model on disease specific outcomes. Main outcome was measured in quality-adjusted life years (QALYs) and costs from a national healthcare perspective.
          
          
            RESULTS:
            Laparoscopic conservative surgery was a strongly dominant treatment strategy when compared to Elagolix for the purpose of primary treatment for moderate to severe pain from endometriosis based on our Monte-Carlo microsimulation cost-effectiveness analysis. A second order probabilistic sensitivity analysis demonstrated that laparoscopic conservative surgery for endometriosis is cost-effective when compared to Elagolix for primary treatment of moderate to severe pain from endometriosis, with a willingness to pay threshold of $410.35 per QALY over all ranges of varying utilities and costs utilized.
          
          
            CONCLUSION:
            From a national healthcare perspective, laparoscopic conservative surgery for endometriosis is more cost-effective than Elagolix for the primary treatment of moderate to severe pain from endometriosis that has been refractory to standard medical care.
          ",2019,05,crossref,AAGL2013_021
10.1093/med/9780190608347.003.0007,Operating Room Set-up and Instrumentation for Laparoscopic Bariatric Surgery,Rogula T,Schauer P,Rogula T; Batayyah E; Schauer P,Oxford Medicine Online,"This chapter discusses operating room set-up and the basic instruments required for laparoscopic bariatric surgery, including hand instruments (which come in different lengths that accommodate the large cavity of bariatric patients), retraction instruments, stabilizers, and energy sources for transection and coagulation. In addition, staplers are discussed and the articulating and power technology, along with different thicknesses of reloads, as well as buttressing materials, are described. Voice activation technology in operating theater simplifies many of the demands on the surgeon. Finally, robotics improve ergonomics for the surgeon and enhance complex maneuvers in the abdominal cavity.",2018,06,crossref,AAGL2013_021
10.1111/ases.12464,Laparoscopic surgery with urinary tract reconstruction and bowel endometriosis resection for deep infiltrating endometriosis,Ota Y,Ota I,Ota Y; Andou M; Ota I,Asian Journal of Endoscopic Surgery,"AbstractDeep infiltrating endometriosis (DIE) is the most severe form of endometriosis. It causes chronic pelvic pain, severe dysmenorrhea, deep dyspareunia, dyschezia, and dysuria, markedly impairing the quality of life of women of reproductive age. A number of randomized controlled trials on surgical and medical treatments to reduce the pain associated with endometriosis have been reported, but few have focused on this in DIE. DIE causes not only pain but also functional invasion to the urinary organs and bowel, such as hydronephrosis and bowel stenosis. In addition to DIE resection, surgical treatment involves adhesion separation as well as resection and reconstruction of the urinary organs and bowel; high‐level skills are required. The severity of DIE should be evaluated preoperatively as accurately as possible. Using ENZIAN in conjunction with the AFS (The revised American Fertility Society classification of endometriosis) classification makes a more detailed assessment of DIE possible. The operative procedures used for laparoscopic resection of urinary DIE and reconstruction of the urinary organs are chosen based on the type of lesion (intrinsic/extrinsic) and length of stenosis. In addition to ureteroneocystostomy, the psoas bladder hitch and Boari bladder flap procedures are applied when necessary to extend the urinary tract. Bowel resection for bowel endometriosis is classified into classic segmental resection and conservative approaches (shaving/discoid). When these procedures are employed, it is advisable to work in consultation with urologists and gastroenterologists and to inform the patients of the associated risks and outcomes. Furthermore, postoperative medication is essential because it is difficult to conduct repeated surgeries.",2018,02,crossref,AAGL2013_021
10.1007/978-1-4614-8335-9_2,Excisional and Non-excisional Surgery,Hale E,Robins P,Hale E; Karen J; Robins P,Handbook of Dermatologic Surgery,NA,2014,01,crossref,AAGL2013_021
10.5005/jp/books/12892_22,Laparoscopic treatment of endometriosis,Centini G,Murtada R,Centini G; Afors K; Wattiez A; Murtada R,"Minimally Invasive Gynecologic Surgery: Evidence-Based Laparoscopic, Hysteroscopic and Robotic Procedures",NA,2016,01,crossref,AAGL2013_021
10.1136/heartjnl-2023-ics.1,1 Abstract withdrawn,,,,Oral abstract presentations 1,NA,2023,10,crossref,AAGL2013_051
10.1136/heartjnl-2023-ics.20,20 Abstract withdrawn,,,,Oral abstract presentations 3,NA,2023,10,crossref,AAGL2013_051
10.1093/rheumatology/kew102.001,O38 Abstract Withdrawn,,,,Rheumatology,NA,2016,04,crossref,AAGL2013_051
10.1136/bmjophth-2023-bcm.8,OP-8 Abstract withdrawn,,,,Oral abstract presentation,NA,2023,05,crossref,AAGL2013_051
10.1093/rheumatology/kev091.091,E91. Abstract Withdrawn,,,,Rheumatology,NA,2015,04,crossref,AAGL2013_051
10.1093/rheumatology/kew144,073 Abstract Withdrawn,,,,Rheumatology,NA,2016,04,crossref,AAGL2013_051
10.1093/rheumatology/kev091.058,E58. Abstract Withdrawn,,,,Rheumatology,NA,2015,04,crossref,AAGL2013_051
10.1093/rheumatology/kev091.098,E98. Abstract Withdrawn,,,,Rheumatology,NA,2015,04,crossref,AAGL2013_051
10.1093/rheumatology/kev091.056,E56. Abstract Withdrawn,,,,Rheumatology,NA,2015,04,crossref,AAGL2013_051
10.1093/rheumatology/kev091.020,E20. Abstract Withdrawn,,,,Rheumatology,NA,2015,04,crossref,AAGL2013_051
10.1093/rheumatology/kev091.097,E97. Abstract Withdrawn,,,,Rheumatology,NA,2015,04,crossref,AAGL2013_051
10.1093/rheumatology/kev091.090,E90. Abstract Withdrawn,,,,Rheumatology,NA,2015,04,crossref,AAGL2013_051
10.1093/rheumatology/kew166.011,E65 Abstract Withdrawn,,,,Rheumatology,NA,2016,04,crossref,AAGL2013_051
10.1093/rheumatology/kev091.013,E13. Abstract Withdrawn,,,,Rheumatology,NA,2015,04,crossref,AAGL2013_051
10.1093/rheumatology/kev091.093,E93. Abstract Withdrawn,,,,Rheumatology,NA,2015,04,crossref,AAGL2013_051
10.1093/rheumatology/kev091.039,E39. Abstract Withdrawn,,,,Rheumatology,NA,2015,04,crossref,AAGL2013_051
10.1093/rheumatology/kev091.040,E40. Abstract Withdrawn,,,,Rheumatology,NA,2015,04,crossref,AAGL2013_051
10.1136/injuryprev-2022-savir.14,020 Abstract withdrawn,,,,Abstracts,NA,2022,03,crossref,AAGL2013_051
10.1016/s1530-891x(20)42435-8,Abstract #1208: Abstract Withdrawn,,,,Endocrine Practice,NA,2015,05,crossref,AAGL2013_051
10.1136/bmjresp-2021-bssconf.9,11 Abstract withdrawn,,,,Abstracts,NA,2021,11,crossref,AAGL2013_051
10.1016/j.jmig.2013.08.059,Laser in Gynecology: Correction of Age-Related Changes of Vulva and Vaginal Mucosa,Piskunova E,Piskunova E,Piskunova E,Journal of Minimally Invasive Gynecology,NA,2013,11,crossref,AAGL2013_057
10.1155/2017/9523853,A Report of Two Cases of Age‐Related Changes in Cervical Morphology in Postmenopausal Women with Vaginal Adenosis,Vigliani M,Vigliani M,Vigliani M,Case Reports in Obstetrics and Gynecology,"This paper presents two cases of women who had extensive vaginal adenosis from prenatal DES exposure, extending almost halfway down the vaginal canal. Both women were followed for decades with annual exams and Pap smears until after menopause. Clinical examination in both cases initially showed an absent pars vaginalis of the cervix, vaginal adenosis, and shallowness of the fornices. Several decades of annual exams showed these stigmata of DES exposure gradually disappear as the upper vagina progressively contracted. After menopause the upper vagina in both cases transformed into what appeared to be a normal cervix with all adenosis involuted into a normal endocervical canal. A timeline was created to show the morphological changes that were observed over time. This timeline illustrates how severe vaginal stenosis above the level of the squamocolumnar junction developed in middle age and was followed in the postmenopause by fusion of the upper vaginal walls in the midline resulting in the appearance of a normal, but prolapsed, cervix.",2017,01,crossref,AAGL2013_057
10.1016/j.jmig.2017.08.046,Clinical Observation of Modified Vaginal Closure of Vaginal Mucosa (Vaginal Mediastinoplasty) in the Treatment of Senile Pelvic Organ Prolapse,Jia N,Feng L,Jia N; Feng L,Journal of Minimally Invasive Gynecology,NA,2017,11,crossref,AAGL2013_057
10.1055/b-0034-91305,Surgical Techniques: Vaginal 6.3.2.2 Laser Surgery on the Vulva and Vagina,,,,Atlas of Gynecologic Surgery,NA,2014,01,crossref,AAGL2013_057
10.1016/j.ajog.2017.12.101,82: The treatment of vaginal shortening with autologous buccal mucosa graft augmentation without vaginal mold,Berger A,Echols K,Berger A; Echols K,American Journal of Obstetrics and Gynecology,NA,2018,02,crossref,AAGL2013_057
10.17116/klinderma202019061943,Reasonable choice of a complex program for correction of age-related facial changes using injection and laser technologies,Kalashnikova N,Pozdeeva E,Kalashnikova N; Pozdeeva E,Klinicheskaya dermatologiya i venerologiya,NA,2020,01,crossref,AAGL2013_057
10.17116/klinderma202120021104,"Combined approach to the correction of age-related facial changes: laser technologies, botulinum toxin and hyaluronic acid fillers",Kalashnikova N,Pozdeeva E,Kalashnikova N; Pozdeeva E,Klinicheskaya dermatologiya i venerologiya,NA,2021,01,crossref,AAGL2013_057
10.1097/01.aog.0000483299.84198.e4,Changes in Vaginal pH After Treatment for Atrophic Vaginitis With a CO2 Laser [4A],Weaver S,Rosen L,Weaver S; Rosen L,Obstetrics &amp; Gynecology,NA,2016,05,crossref,AAGL2013_057
10.1016/j.jmig.2016.08.226,Changes in Maturation Index and Vaginal pH After Treatment with a Fractional CO2 Laser for Atrophic Vaginitis,Weaver S,Rosen L,Weaver S; Rosen L,Journal of Minimally Invasive Gynecology,NA,2016,11,crossref,AAGL2013_057
10.1007/s00129-017-4190-4,Correction: Diagnostik und Therapie des Vulva- und Vaginalkarzinoms,Stüber T,Wöckel A,Stüber T; Wulff C; Wöckel A,Der Gynäkologe,NA,2018,02,crossref,AAGL2013_057
10.1007/978-981-16-1743-0_8,Laser in Vaginal Rejuvenation,Bader A,Bader A,Bader A,Aesthetic and Regenerative Gynecology,NA,2022,01,crossref,AAGL2013_057
10.1111/odi.70137/v1/review2,"Review for ""Menopause Related Changes of Oral Labial Mucosa: A Mucoscopic Study""",,,,NA,NA,2025,10,crossref,AAGL2013_057
10.1111/odi.70137/v2/review1,"Review for ""Menopause Related Changes of Oral Labial Mucosa: A Mucoscopic Study""",,,,NA,NA,2025,10,crossref,AAGL2013_057
10.1111/odi.70137/v2/review2,"Review for ""Menopause Related Changes of Oral Labial Mucosa: A Mucoscopic Study""",,,,NA,NA,2025,10,crossref,AAGL2013_057
10.1016/j.jpag.2017.01.006,Cylindrical Alkaline Battery Causing No Harm to Vaginal Mucosa,Bosnali O,Celayir A,Bosnali O; Moralioğlu S; Celayir A,Journal of Pediatric and Adolescent Gynecology,NA,2017,06,crossref,AAGL2013_057
10.54296/18186173_2022_2_4,Cosmetological correction of age-related changes in facial skin with color light therapy,Gotovskiy M,Gotovskiy M,Gotovskiy M,Традиционная медицина,NA,2022,01,crossref,AAGL2013_057
10.23880/oajg-16000240,A Rare Case of Vaginal Agglutination in Reproductive Age Group,VV M,VV M,VV M,Open Access Journal of Gynecology,"Labia minora partial or total adhesion is known as labial agglutination. It commonly occurs in postmenopausal or prepubertal women and is accompanied by low oestrogen levels. Due to the high levels of oestrogen in women in the reproductive age group, labial agglutination is uncommon. Due to its uncommon presentation and a unique approach to treatment in this age group, where the patient has been suffering from infancy, we are presenting a case of labial agglutination in a female who is 22 years old. After a comprehensive clinical examination, extensive history-taking and all necessary laboratory and imaging tests, we were able to make the right diagnosis, which was then treated with expert surgery. Her abnormal vestibular structure was treated with this method without any complications. Patient was treated by surgery i.e. labial adhesiolysis under vaginoscopic approach using our standard hysteroscope light and camera. Labial adhesion can be treated both medically and surgically however treatment is individualized in every case ranging from medical treatment to minimally invasive surgery or invasive skillful surgery.",2022,07,crossref,AAGL2013_057
10.1097/aog.0000000000000258,Promising Surgical Innovations Involving Buccal Mucosa for Vaginal Creation and Reconstruction,Quint E,Park J,Quint E; Park J,Obstetrics &amp; Gynecology,NA,2014,05,crossref,AAGL2013_057
10.1016/j.jmig.2024.09.770,11522 USG- Hysteroscopy Guided Correction of Distal Vaginal Atresia,Krishnakumar S,Krishnakumar S,Krishnakumar S,Journal of Minimally Invasive Gynecology,NA,2024,11,crossref,AAGL2013_057
10.14739/2310-1210.2019.6.186598,Clinico-immunological efficiency of age-related skin changes correction by neofibrolifting,Tsepkolenko H,Tsepkolenko H,Tsepkolenko H,Zaporozhye Medical Journal,NA,2019,12,crossref,AAGL2013_057
10.1136/heartjnl-2023-ics.1,1 Abstract withdrawn,,,,Oral abstract presentations 1,NA,2023,10,crossref,AAGL2014_042
10.1136/heartjnl-2023-ics.20,20 Abstract withdrawn,,,,Oral abstract presentations 3,NA,2023,10,crossref,AAGL2014_042
10.1093/rheumatology/kew102.001,O38 Abstract Withdrawn,,,,Rheumatology,NA,2016,04,crossref,AAGL2014_042
10.1136/bmjophth-2023-bcm.8,OP-8 Abstract withdrawn,,,,Oral abstract presentation,NA,2023,05,crossref,AAGL2014_042
10.1093/rheumatology/kev091.091,E91. Abstract Withdrawn,,,,Rheumatology,NA,2015,04,crossref,AAGL2014_042
10.1093/rheumatology/kew144,073 Abstract Withdrawn,,,,Rheumatology,NA,2016,04,crossref,AAGL2014_042
10.1093/rheumatology/kev091.058,E58. Abstract Withdrawn,,,,Rheumatology,NA,2015,04,crossref,AAGL2014_042
10.1093/rheumatology/kev091.098,E98. Abstract Withdrawn,,,,Rheumatology,NA,2015,04,crossref,AAGL2014_042
10.1093/rheumatology/kev091.056,E56. Abstract Withdrawn,,,,Rheumatology,NA,2015,04,crossref,AAGL2014_042
10.1093/rheumatology/kev091.020,E20. Abstract Withdrawn,,,,Rheumatology,NA,2015,04,crossref,AAGL2014_042
10.1093/rheumatology/kev091.097,E97. Abstract Withdrawn,,,,Rheumatology,NA,2015,04,crossref,AAGL2014_042
10.1093/rheumatology/kev091.090,E90. Abstract Withdrawn,,,,Rheumatology,NA,2015,04,crossref,AAGL2014_042
10.1093/rheumatology/kew166.011,E65 Abstract Withdrawn,,,,Rheumatology,NA,2016,04,crossref,AAGL2014_042
10.1093/rheumatology/kev091.013,E13. Abstract Withdrawn,,,,Rheumatology,NA,2015,04,crossref,AAGL2014_042
10.1093/rheumatology/kev091.093,E93. Abstract Withdrawn,,,,Rheumatology,NA,2015,04,crossref,AAGL2014_042
10.1093/rheumatology/kev091.039,E39. Abstract Withdrawn,,,,Rheumatology,NA,2015,04,crossref,AAGL2014_042
10.1093/rheumatology/kev091.040,E40. Abstract Withdrawn,,,,Rheumatology,NA,2015,04,crossref,AAGL2014_042
10.1136/injuryprev-2022-savir.14,020 Abstract withdrawn,,,,Abstracts,NA,2022,03,crossref,AAGL2014_042
10.1016/s1530-891x(20)42435-8,Abstract #1208: Abstract Withdrawn,,,,Endocrine Practice,NA,2015,05,crossref,AAGL2014_042
10.1136/bmjresp-2021-bssconf.9,11 Abstract withdrawn,,,,Abstracts,NA,2021,11,crossref,AAGL2014_042
10.1016/j.surg.2025.109415,Comparative learning curves and outcomes of robotic versus laparoscopic transabdominal preperitoneal inguinal hernia repair,Solaini L,Ercolani G,Solaini L; Cavaliere D; Turrini R; Pellegrini S; Rocco G; Pasini F; Bonini G; Di Pietrantonio D; Ercolani G,Surgery,NA,2025,08,crossref,AAGL2015_022
10.1016/j.jmig.2015.08.031,Laparoscopic Versus Robotic Surgery Learning Curves,Livinti I,Shah A,Livinti I; Osofsky R; Burgamy A; Loehrke-Sichhart L; Mikhail M; Shah A,Journal of Minimally Invasive Gynecology,NA,2015,11,crossref,AAGL2015_022
10.1016/j.lers.2018.01.002,Performance of single versus two operators in laparoscopic surgery,Bao B,Zheng B,Bao B; He W; Zheng B,"Laparoscopic, Endoscopic and Robotic Surgery",NA,2018,06,crossref,AAGL2015_022
10.1007/s11701-025-02429-8,From practice to perfection—complications and operative time learning curves in benign robotic-assisted laparoscopic hysterectomy,Andersson K,Brunes M,Andersson K; Oksanen A; Falconer H; Brunes M,Journal of Robotic Surgery,"Abstract
                  
                    This study aimed to estimate the learning curve for benign robotic-assisted laparoscopic hysterectomy, defined as the number of cases required to stabilize intra- and postoperative complications, estimated blood loss and operative time.  This is a retrospective single-center cohort study with prospectively collected data. Patients who underwent a robotic-assisted laparoscopic hysterectomy between 2013 and 2021 were included. Six surgeons performed the surgeries. Analysis was conducted using linear and logistic generalized estimating equation (GEE) regression. The estimand was change in the speed of learning. The cohort comprised 1281 consecutive cases. An inverse association was observed between the number of robot-assisted laparoscopic hysterectomies and the number of complications with a breakpoint at 150 surgeries (adjusted Odds Ratio (aOR) 0.996, 95% Confidence Interval (CI) 0.992–0.999,
                    P
                     = 0.03) This decrease continued with surgeon experience. Moreover, there was a significant decrease in operative time after 50 operations (aCoeff -0.62 min, 95% CI − 0.89 to − 0.34 min,
                    P
                     &lt; 0.001), with an operative time of approximately 100 min. No significant difference in intraoperative blood loss was observed throughout the learning curve (Knotbreak 50 operations, aCoeff 0.69 ml, 95% CI − 0.44 – 1.81 ml,
                    P
                     = 0.23). In this large observational study of learning curve for robotic-assisted laparoscopic hysterectomy, a plateau was reached at 50 cases for operative time and 150 cases for intra- and postoperative complications.
                  ",2025,06,crossref,AAGL2015_022
10.7759/cureus.67468,Comparative Analysis of Learning Curves in Robotic Versus Laparoscopic Cholecystectomy: A Systematic Review,Karim M,Patel B,Karim M; Kong A; Mohammad N; Shah R; Patel B,Cureus,NA,2024,08,crossref,AAGL2015_022
10.1007/s11701-025-02513-z,Letter to the Editor “From practice to perfection—complications and operative time learning curves in benign robotic-assisted laparoscopic hysterectomy”,Qin Z,Song D,Qin Z; Sun A; Song D,Journal of Robotic Surgery,NA,2025,07,crossref,AAGL2015_022
10.21037/ls.2018.04.02,Laparoscopic versus robotic distal pancreatectomy,Ielpo B,Ielpo B,Ielpo B,Laparoscopic Surgery,NA,2018,04,crossref,AAGL2015_022
10.1007/s11701-023-01753-1,Transferability of the robot assisted and laparoscopic suturing learning curves,Leijte E,Botden S,Leijte E; De Blaauw I; Rosman C; Botden S,Journal of Robotic Surgery,"AbstractRobot assisted surgery (RAS) is increasingly used, and besides conventional minimally invasive surgery (cMIS) surgeons are challenged to learn an increased array of skills. This study aimed to assess the influence of both learning curves on each other. A prospective randomized crossover study was performed. Participants without cMIS or RAS experience (Groups 1 and 2), and cMIS experienced, (Group 3) were recruited. Three suturing tasks (intracorporal suturing, tilted plane and anastomosis needle transfer) were performed on the EoSim cMIS simulator or RobotiX RAS simulator up to twenty repetitions. Subsequently, Groups 1 and 2 performed the tasks on the other modality. Outcomes were simulator parameters, validated composite and pass/fail scores. In total forty-three participants were recruited. Overall RAS suturing was better in Group 1 (cMIS followed by RAS tasks) and 3 (RAS tasks) versus Group 2 (RAS followed by cMIS tasks) for time (163 s and 157 s versus 193 s p = 0.004, p = 0.001) and composite scores (92/100 and 91/100 versus 89/100 p = 0.008, p = 0.020). The cMIS suturing was better for Group 2 versus 1 (time 287 s versus 349 s p = 0.005, composite score 96/100 versus 94/100 p = 0.002). Significant differences from the RAS suturing pass/fail were reached earlier by Group 3, followed by Groups 1 and 2 (repetition six, nine and twelve). In cMIS suturing Group 2 reached significant differences from the pass/fail earlier than Group 1 (repetition four versus six). Transferability of skills was shown for cMIS and RAS, indicating that suturing experience on cMIS or RAS is beneficial in learning either approach.",2024,01,crossref,AAGL2015_022
10.1093/bjsopen/zrab030,Comment on: Shortening surgical training through robotics: randomized clinical trial of laparoscopic <i>versus</i> robotic surgical learning curves,Minty I,Nowinka Z,Minty I; Nowinka Z,BJS Open,NA,2021,07,crossref,AAGL2015_022
10.1016/j.hpb.2020.11.1013,Shortening Surgical Training through Robotics: A Randomised Controlled Trial of Laparoscopic versus Robotic Surgical Learning Curves,Gall T,Jiao L,Gall T; Alrawashdeh W; White S; Jiao L,HPB,NA,2021,01,crossref,AAGL2015_022
10.13188/2332-4139.1000035,Robotic Versus Laparoscopic Sleeve Gastrectomy for Morbid Obesity: A Meta-Analysis,,,,Journal of Surgery,NA,2017,01,crossref,AAGL2015_022
10.21037/ls.2017.12.02,Robotic versus laparoscopic surgery of the liver,Pesi B,Coratti A,Pesi B; Guerra F; Coratti A,Laparoscopic Surgery,NA,2017,01,crossref,AAGL2015_022
10.21037/ls.2019.01.01,Robotic-assisted versus laparoscopic liver surgery: is it the correct direction?,Marino M,Marino M,Marino M,Laparoscopic Surgery,NA,2019,01,crossref,AAGL2015_022
10.1016/j.lers.2023.12.004,"Robotic-assisted versus laparoscopic repair of type II, III and IV hiatal hernias: A retrospective study comparing adverse outcomes",Kooiker P,Richmond B,Kooiker P; Monnett S; Thompson S; Richmond B,"Laparoscopic, Endoscopic and Robotic Surgery",NA,2024,03,crossref,AAGL2015_022
10.1016/j.lers.2023.05.005,Early versus delayed laparoscopic cholecystectomy in uncomplicated biliary colic: An observational study,Vidyadharan K,Thandayuthapani S,Vidyadharan K; KembaiShanmugam R; Ayyasamy G; Thandayuthapani S,"Laparoscopic, Endoscopic and Robotic Surgery",NA,2023,06,crossref,AAGL2015_022
10.1093/bjsopen/zrab031,Author response to: Shortening surgical training through robotics: randomized clinical trial of laparoscopic <i>versus</i> robotic surgical learning curves,Jiao L,Gall T,Jiao L; Gall T,BJS Open,NA,2021,11,crossref,AAGL2015_022
10.21037/ls-20-53,Robotic pancreaticoduodenectomy versus laparoscopic pancreaticoduodenectomy,Jiang D,Hogg M,Jiang D; Hogg M,Laparoscopic Surgery,NA,2021,04,crossref,AAGL2015_022
10.1016/j.lers.2021.01.002,Harmonic scalpel versus traditional scissors in laparoscopic partial nephrectomy: A propensity score-based analysis,Xu Z,Zheng Y,Xu Z; Xu C; Zheng J; Zheng Y,"Laparoscopic, Endoscopic and Robotic Surgery",NA,2021,03,crossref,AAGL2015_022
10.1016/j.lers.2024.05.001,Interlayer repair with porcine small intestinal submucosa versus internal repair with tragus cartilage in endoscopic tympanoplasty,Zhao L,Zhang L,Zhao L; Li W; Zhang L,"Laparoscopic, Endoscopic and Robotic Surgery",NA,2024,05,crossref,AAGL2015_022
10.1016/j.lers.2020.06.002,Robotic versus open transversus abdominis release and incisional hernia repair: A case-control study,Reeves J,Mittal A,Reeves J; Mehta S; Prabha R; Salama Y; Mittal A,"Laparoscopic, Endoscopic and Robotic Surgery",NA,2020,09,crossref,AAGL2015_022
10.1136/bmjophth-2023-bcm.8,OP-8 Abstract withdrawn,,,,Oral abstract presentation,NA,2023,05,crossref,AAGL2015_032
10.1136/heartjnl-2023-ics.1,1 Abstract withdrawn,,,,Oral abstract presentations 1,NA,2023,10,crossref,AAGL2015_032
10.1093/rheumatology/kew102.001,O38 Abstract Withdrawn,,,,Rheumatology,NA,2016,04,crossref,AAGL2015_032
10.1093/rheumatology/kev091.013,E13. Abstract Withdrawn,,,,Rheumatology,NA,2015,04,crossref,AAGL2015_032
10.1093/rheumatology/kev091.093,E93. Abstract Withdrawn,,,,Rheumatology,NA,2015,04,crossref,AAGL2015_032
10.1136/heartjnl-2023-ics.20,20 Abstract withdrawn,,,,Oral abstract presentations 3,NA,2023,10,crossref,AAGL2015_032
10.1093/rheumatology/kev091.091,E91. Abstract Withdrawn,,,,Rheumatology,NA,2015,04,crossref,AAGL2015_032
10.1093/rheumatology/kew144,073 Abstract Withdrawn,,,,Rheumatology,NA,2016,04,crossref,AAGL2015_032
10.1093/rheumatology/kev091.058,E58. Abstract Withdrawn,,,,Rheumatology,NA,2015,04,crossref,AAGL2015_032
10.1093/rheumatology/kev091.040,E40. Abstract Withdrawn,,,,Rheumatology,NA,2015,04,crossref,AAGL2015_032
10.1093/rheumatology/kev091.098,E98. Abstract Withdrawn,,,,Rheumatology,NA,2015,04,crossref,AAGL2015_032
10.1093/rheumatology/kev091.097,E97. Abstract Withdrawn,,,,Rheumatology,NA,2015,04,crossref,AAGL2015_032
10.1093/rheumatology/kev091.090,E90. Abstract Withdrawn,,,,Rheumatology,NA,2015,04,crossref,AAGL2015_032
10.1093/rheumatology/kev091.056,E56. Abstract Withdrawn,,,,Rheumatology,NA,2015,04,crossref,AAGL2015_032
10.1093/rheumatology/kev091.020,E20. Abstract Withdrawn,,,,Rheumatology,NA,2015,04,crossref,AAGL2015_032
10.1093/rheumatology/kew166.011,E65 Abstract Withdrawn,,,,Rheumatology,NA,2016,04,crossref,AAGL2015_032
10.1093/rheumatology/kev091.039,E39. Abstract Withdrawn,,,,Rheumatology,NA,2015,04,crossref,AAGL2015_032
10.1136/injuryprev-2022-savir.14,020 Abstract withdrawn,,,,Abstracts,NA,2022,03,crossref,AAGL2015_032
10.1016/s1530-891x(20)42435-8,Abstract #1208: Abstract Withdrawn,,,,Endocrine Practice,NA,2015,05,crossref,AAGL2015_032
10.1136/injuryprev-2021-savir.58,0081 Abstract withdrawn,,,,Abstracts,NA,2021,04,crossref,AAGL2015_032
10.1136/bmjophth-2023-bcm.8,OP-8 Abstract withdrawn,,,,Oral abstract presentation,NA,2023,05,crossref,AAGL2016_022
10.1136/heartjnl-2023-ics.1,1 Abstract withdrawn,,,,Oral abstract presentations 1,NA,2023,10,crossref,AAGL2016_022
10.1136/heartjnl-2023-ics.20,20 Abstract withdrawn,,,,Oral abstract presentations 3,NA,2023,10,crossref,AAGL2016_022
10.1093/rheumatology/kew102.001,O38 Abstract Withdrawn,,,,Rheumatology,NA,2016,04,crossref,AAGL2016_022
10.1093/rheumatology/kev091.091,E91. Abstract Withdrawn,,,,Rheumatology,NA,2015,04,crossref,AAGL2016_022
10.1093/rheumatology/kew144,073 Abstract Withdrawn,,,,Rheumatology,NA,2016,04,crossref,AAGL2016_022
10.1093/rheumatology/kev091.058,E58. Abstract Withdrawn,,,,Rheumatology,NA,2015,04,crossref,AAGL2016_022
10.1093/rheumatology/kev091.098,E98. Abstract Withdrawn,,,,Rheumatology,NA,2015,04,crossref,AAGL2016_022
10.1093/rheumatology/kev091.056,E56. Abstract Withdrawn,,,,Rheumatology,NA,2015,04,crossref,AAGL2016_022
10.1093/rheumatology/kev091.020,E20. Abstract Withdrawn,,,,Rheumatology,NA,2015,04,crossref,AAGL2016_022
10.1093/rheumatology/kev091.097,E97. Abstract Withdrawn,,,,Rheumatology,NA,2015,04,crossref,AAGL2016_022
10.1093/rheumatology/kev091.090,E90. Abstract Withdrawn,,,,Rheumatology,NA,2015,04,crossref,AAGL2016_022
10.1093/rheumatology/kew166.011,E65 Abstract Withdrawn,,,,Rheumatology,NA,2016,04,crossref,AAGL2016_022
10.1093/rheumatology/kev091.013,E13. Abstract Withdrawn,,,,Rheumatology,NA,2015,04,crossref,AAGL2016_022
10.1093/rheumatology/kev091.093,E93. Abstract Withdrawn,,,,Rheumatology,NA,2015,04,crossref,AAGL2016_022
10.1093/rheumatology/kev091.039,E39. Abstract Withdrawn,,,,Rheumatology,NA,2015,04,crossref,AAGL2016_022
10.1093/rheumatology/kev091.040,E40. Abstract Withdrawn,,,,Rheumatology,NA,2015,04,crossref,AAGL2016_022
10.1136/injuryprev-2022-savir.14,020 Abstract withdrawn,,,,Abstracts,NA,2022,03,crossref,AAGL2016_022
10.1016/s1530-891x(20)42435-8,Abstract #1208: Abstract Withdrawn,,,,Endocrine Practice,NA,2015,05,crossref,AAGL2016_022
10.1136/heartjnl-2021-bscmr.5,5 Abstract withdrawn,,,,Abstracts,NA,2021,11,crossref,AAGL2016_022
10.1016/j.jmig.2016.08.028,Robot-Assisted Sacrocolpopexy for the Treatment of Pelvic Organ Prolapse; a Prospective Cohort Study Evaluating Functional and Sexual Outcome,Schraffordt K,van Zanten F,Schraffordt K; Lenters E; O’Reilly B; van Zanten F,Journal of Minimally Invasive Gynecology,NA,2016,11,crossref,AAGL2016_023
10.1016/j.jmig.2016.08.035,Robot-Assisted Sacrocolporectopexy for Multi-Compartment Prolapse of the Pelvic Floor: A Prospective Cohort Study Evaluating Functional and Sexual Outcome,Schraffordt Koops S,van Iersel J,Schraffordt Koops S; de Witte C; Consten E; Broeders I; van Iersel J,Journal of Minimally Invasive Gynecology,NA,2016,11,crossref,AAGL2016_023
10.1097/dcr.0000000000000669,Robot-Assisted Sacrocolporectopexy for Multicompartment Prolapse of the Pelvic Floor: A Prospective Cohort Study Evaluating Functional and Sexual Outcome,van Iersel J,Schraffordt Koops S,van Iersel J; de Witte C; Verheijen P; Broeders I; Lenters E; Consten E; Schraffordt Koops S,Diseases of the Colon &amp; Rectum,"BACKGROUND:Pelvic floor disorders are a major public health issue. For female genital prolapse, sacrocolpopexy is the gold standard. Laparoscopic ventral mesh rectopexy is a relatively new and promising technique correcting rectal prolapse. There is no literature combining the 2 robotically assisted techniques.OBJECTIVE:This study was designed to evaluate the safety, quality of life, and functional and sexual outcomes of robot-assisted sacrocolporectopexy for multicompartment prolapse of the pelvic floor.DESIGN:This was a prospective, observational cohort study.SETTINGS:The study was conducted in a tertiary care setting.PATIENTS:All sexually active patients undergoing robot-assisted sacrocolporectopexy at our institution between 2012 and 2014 were included.INTERVENTION:Robot-assisted sacrocolporectopexy was the study intervention.MAIN OUTCOME MEASURES:Preoperative and postoperative (12 months) questionnaires using the Urinary Distress Inventory, Pescatori Incontinence Scale, Pelvic Organ Prolapse/Urinary Incontinence Sexual Questionnaire, and Pelvic Floor Impact Questionnaire were completed. In addition Wexner and Vaizey incontinence scores and the Wexner constipation score were recorded postoperatively.RESULTS:Fifty-one patients underwent robot-assisted sacrocolporectopexy (median follow-up, 12.5 months). The simplified Pelvic Organ Prolapse Quantification improved significantly (p&lt; 0.0005) for all 4 of the anatomic landmarks. Both median fecal (preoperative and postoperative Pescatori 4 vs 3,p= 0.002) and urinary incontinence scores (Urinary Distress Inventory, 27.8 vs 22.2;p&lt; 0.0005) improved significantly at 12 months. Postoperatively median Wexner (3) and Vaizey incontinence (6) and Wexner Constipation (7) scores were noted. A positive effect on sexual function (Pelvic Organ Prolapse/Urinary Incontinence Sexual Questionnaire score 31.8 vs 35.9;p= 0.002) and quality of life for each compartment (p&lt; 0.0005) was observed. One patient (2%) developed mesh erosion. No multicompartment recurrences were detected.LIMITATIONS:This was a observational study with a limited follow-up, no control group, and no preoperatively validated constipation score.CONCLUSIONS:Robot-assisted sacrocolporectopexy is a safe and effective technique for multicompartment prolapse in terms of functional outcome, quality of life, and sexual function.",2016,10,crossref,AAGL2016_023
10.1016/j.urology.2019.07.043,"Robot-assisted Vs Laparoscopic Sacrocolpopexy for High-stage Pelvic Organ Prolapse: A Prospective, Randomized, Single-center Study",Illiano E,Costantini E,Illiano E; Ditonno P; Giannitsas K; De Rienzo G; Bini V; Costantini E,Urology,NA,2019,12,crossref,AAGL2016_023
10.23812/21-521-a,"Robot-assisted, laparoscopic and abdominal sacrocolpopexy for high-stage pelvic organ prolapse: a retrospective, multi-centre study",Niu K,Niu K,Niu K,JOURNAL OF BIOLOGICAL REGULATORS AND HOMEOSTATIC AGENTS,NA,2022,04,crossref,AAGL2016_023
10.2147/rru.s554947,Short-Term Functional Outcomes After Robot-Assisted Sacrocolpopexy versus Transvaginal Mesh Surgery for Pelvic Organ Prolapse: A Retrospective Comparative Study,Hanawa K,Mitsui T,Hanawa K; Miyashita Y; Usami Y; Doba K; Kimura R; Mitsui T,Research and Reports in Urology,NA,2025,11,crossref,AAGL2016_023
10.1016/j.amsu.2022.103852,Laparoscopic sacrocolpopexy versus open abdominal sacrocolpopexy for pelvic organ prolapse repair: A retrospective cohort study,Cho E,Kim S,Cho E; Shin E; Kim S,Annals of Medicine &amp; Surgery,NA,2022,06,crossref,AAGL2016_023
10.22541/au.164873319.96441620/v1,Impact of laparoscopic sacrocolpopexy (LSC) on sexual activity and function in women with advanced stages of pelvic organ prolapse (POP): A 5-year prospective study.,Najib B,Deval B,Najib B; Rusavy Z; Abdallah w; Abdelkhalek Y; Giraud N; Deval B,NA,"Objective: To compare patients undergoing laparoscopic sacrocolpopexy
for pelvic organ prolapse POP, in terms of sexual function and surgical
anatomical outcomes more than 5-years follow up period. Design: This is
a cohort study of prospectively collected data that includes all women
who underwent LSC between July 2005 and December 2021 at a tertiary care
center. Setting: Improvement in sexual function is an acknowledged goal
for women undergoing pelvic organ prolapse repair. The impact of POP
surgeries on sexual activity and function is very controversial, with
some studies showing improvement, while others showed no differences or
worsening in sexuality after the surgery Population: 228 women were
enrolled in this study. Methods: Patients completed the validated
quality of life questionnaires and were evaluated using the POP-Q, the
PFDI-20, PFIQ-7 and the PISQ-12 scores. Patients were divided
preoperatively according to their sexual activity and postoperatively
according to the sexual improvement after POP surgery. Main Outcomes: To
compare the PISQ-12 score pre and postoperatively and to assess
anatomical and sexual improvement after surgery. Results: There was a
statistically significant improvement in the PFDI, PFIQ and POPQ-score
score. There was no significant improvement in the PISQ-12 score with
more than 5 years follow-up. 76.1% of patients who were not sexually
active preoperatively resumed their sexual activity after the surgery.
Conclusions: The anatomical correction of a pelvic organ prolapses and
pelvic floor disorders by laparoscopic sacrocolpopexy may improve sexual
function but did not change significantly the sexuality score. Funding:
No funding. Keywords: prolapse, sacrocolpopexy, laparoscopy, sexuality.",NA,01,crossref,AAGL2016_023
10.1186/s12893-022-01702-z,Comparison of transvaginal mesh surgery and robot-assisted sacrocolpopexy for pelvic organ prolapse,Kusuda M,Sakamoto I,Kusuda M; Kagami K; Takahashi I; Nozaki T; Sakamoto I,BMC Surgery,"Abstract
                Background
                Pelvic organ prolapse (POP) is greatly affecting the quality of life (QOL) of women. There are some surgical techniques for POP repair, for example, transvaginal mesh surgery (TVM), laparoscopic sacrocolpopexy (LSC), and robot-assisted sacrocolpopexy (RSC). In the United States and Europe, the number of TVM has rapidly decreased since 2011 due to complications and safety concerns and has shifted to LSC/RSC. In Japan, RSC has increased after the insurance coverage of RSC in 2020. Therefore, we compared the surgical outcomes of TVM and RSC in POP surgery.
              
                Methods
                We retrospectively collected POP surgery underwent TVM or RSC at our hospital and compared the operative time, blood loss, postoperative hospital stay, postoperative complications, and preoperative and postoperative stress urinary incontinence (SUI) of two groups. Preoperative and postoperative SUI were classified into 3 groups: “improved preoperative SUI”, “persistent preoperative SUI” and “de novo SUI”, which occurred for the first time in patients with no preoperative SUI, and compared incidence rate. The Mann–Whitney U test and Fisher’s exact test were used to compare the two groups, and P &lt; 0.05 was considered statistically significant.
              
                Results
                From August 2011 to July 2021, 76 POP surgery was performed and they were classified into two groups: TVM group (n = 39) and RSC group (n = 37). There was no difference in patient age and BMI between the TVM and RSC groups. The median of operative time was 78.0 vs. 111.0 min (p = 0.06), blood loss was 20.0 ml vs. 5.0 ml (p &lt; 0.05), and postoperative hospital stay was 4.0 days vs. 3.0 days (p &lt; 0.05), with less blood loss and shorter postoperative hospital stay in the RSC group. There was no difference in postoperative complications between the TVM and RSC groups (17.9% vs. 16.2%, p = 1.00). De novo SUI was 25.6% vs. 5.4% (p &lt; 0.05) in the TVM and RSC groups, of which 23.1% vs. 5.4% (p &lt; 0.05) occurred within 3 months of surgery.
              
                Conclusion
                RSC is more beneficial and less invasive for patients with pelvic organ prolapse than TVM. In addition, de novo SUI as postoperative complication of RSC was lower than of TVM.
              ",2022,12,crossref,AAGL2016_023
10.22541/au.163448986.60305286/v1,"Re: Pessary or Surgery for a Symptomatic Pelvic Organ Prolapse, PEOPLE study: A Multicenter Prospective Cohort Study",Juckes J,Juckes J,Juckes J,NA,NA,NA,01,crossref,AAGL2016_023
10.1007/s00192-025-06158-2,The Safety of Robot-Assisted Sacrocolpopexy in Pelvic Organ Prolapse Treatment: Systematic Review and Meta-Analysis,Grigoryan B,Pushkar D,Grigoryan B; Kasyan G; Shapovalenko R; Popov A; Pushkar D,International Urogynecology Journal,NA,2025,07,crossref,AAGL2016_023
10.1016/j.jmig.2020.11.018,Robot-assisted Transvaginal Single-site Sacrocolpopexy for Pelvic Organ Prolapse,Guan X,Liu J,Guan X; Guan Z; Koythong T; Liu J,Journal of Minimally Invasive Gynecology,NA,2021,06,crossref,AAGL2016_023
10.5005/jp-journals-10032-1180,Comparative Study to Evaluate Pelvic Organ Prolapse Quantification System and Simplified Pelvic Organ Prolapse Scoring System by Assessing Anatomical and Functional Outcome in Women with Pelvic Organ Prolapse after Surgery,Bhalerao A,Duddalwar V,Bhalerao A; Duddalwar V,Journal of SAFOMS,NA,2020,07,crossref,AAGL2016_023
10.1016/j.juro.2014.12.081,Re: A Review of the Current Status of Laparoscopic and Robot-Assisted Sacrocolpopexy for Pelvic Organ Prolapse,Wein A,Wein A,Wein A,Journal of Urology,NA,2015,03,crossref,AAGL2016_023
10.1016/b978-1-4160-6266-0.00006-x,Robot-Assisted Laparoscopic Colposacropexy and Cervicosacropexy,Matthews C,Matthews C,Matthews C,Pelvic Organ Prolapse,NA,2013,01,crossref,AAGL2016_023
10.1016/j.eururo.2013.12.064,A Review of the Current Status of Laparoscopic and Robot-assisted Sacrocolpopexy for Pelvic Organ Prolapse,Lee R,Waltregny D,Lee R; Mottrie A; Payne C; Waltregny D,European Urology,NA,2014,06,crossref,AAGL2016_023
10.1007/978-3-319-59195-7_9,Sacrocolpopexy: Conventional Laparoscopic Versus Robot-Assisted Approach,Minervini A,Gaston R,Minervini A; Siena G; Campi R; Wagner C; Vittori G; Annino F; Gaston R,"Urodynamics, Neurourology and Pelvic Floor Dysfunctions",NA,2018,01,crossref,AAGL2016_023
10.1007/s00192-021-04741-x,Comparing the outcomes and effectiveness of robotic-assisted sacrocolpopexy and laparoscopic sacrocolpopexy in the treatment of pelvic organ prolapse,Chang C,Chang S,Chang C; Chen C; Chang S,International Urogynecology Journal,NA,2022,02,crossref,AAGL2016_023
10.4103/gmit.gmit-d-24-00042,Uterine-sparing Robot-assisted Sacrocolpopexy for Pelvic Organ Prolapse in Women Aiming for Pregnancy,Shimomai W,Isaka K,Shimomai W; Ito H; Suzuki J; Yanagida S; Okamoto A; Isaka K,Gynecology and Minimally Invasive Therapy,"Abstract
                  Pelvic organ prolapse (POP) is frequently encountered in elderly women. However, it can also affect relatively young women of reproductive age. Here, we present three cases of uterine-sparing robot-assisted sacrocolpopexy (RSC) in women aiming for pregnancy. All cases were diagnosed with POP-Q stage III. Utilizing the da Vinci X or Xi robotic surgical system, they underwent uterine-sparing RSC with dual mesh anterior and posterior walls. The anterior wall mesh was not a Y-shaped mesh encircling the cervix; The anterior wall mesh was not a Y-shaped mesh encircling the cervix; rather, it was placed only through the window of the right broad ligament to minimize uterine artery compression caused by the mesh. No perioperative complications or short-term recurrences were noted. Uterine-sparing robotic-assisted sacrocolpopexy represents a valuable surgical option for patients with POP who wish to become pregnant.",2026,01,crossref,AAGL2016_023
10.1007/s00404-021-06369-0,Impact of sacrocolpopexy for the management of pelvic organ prolapse on voiding dysfunction and uroflowmetry parameters: a prospective cohort study,Aichner S,Christmann-Schmid C,Aichner S; Fähnle I; Frey J; Krebs J; Christmann-Schmid C,Archives of Gynecology and Obstetrics,NA,2022,01,crossref,AAGL2016_023
10.1016/j.jmig.2016.08.070,The Systematization to Treat the Parametrium Endometriotic Nodule Safely,Crispi C,Crispi C,Crispi C; Crispi C,Journal of Minimally Invasive Gynecology,NA,2016,11,crossref,AAGL2016_064
10.1016/j.jmig.2023.02.003,"Management of a Large Endometriotic Nodule of the Right Parametrium Involving the Sacral Roots, Vagina, Rectum, and Sigmoid Colon, with Intraoperative Bleeding",Boulus S,Roman H,Boulus S; Merlot B; Smith A; Roman H,Journal of Minimally Invasive Gynecology,NA,2023,05,crossref,AAGL2016_064
10.1016/j.jmig.2016.08.383,Treating the Parametrium Endometriosis Safely,Crispi C,Crispi C,Crispi C; Crispi C,Journal of Minimally Invasive Gynecology,NA,2016,11,crossref,AAGL2016_064
10.1002/uog.17153,EP27.01: Rectal endometriotic nodule volume (<scp>RENV</scp>) and angle of infiltrating endometriotic rectal nodule (<scp>AIERN</scp>): ultrasonographic markers of severity for <scp>DIE</scp>,León M,Yamamoto M,León M; Sovino H; Martinez J; Iturra A; Yamamoto M,Ultrasound in Obstetrics &amp; Gynecology,NA,2016,09,crossref,AAGL2016_064
10.3310/nihrevidence_51924,A plaster cast can safely and cost-effectively treat a broken wrist,,,,NA,NA,2022,07,crossref,AAGL2016_064
10.21203/rs.3.rs-151163/v1,"The Endometriotic Nodule Has Lower T-cadherin, E-cadherin, Progesterone Receptor and Oestrogen Receptor Than Endometrioma Tissue",Biyik I,Simsek S,Biyik I; Kalkan U; Simsek S,NA,"Abstract
        Objective:To compare the T-cadherin, E-cadherin, PR and ER staining levels of endometriotic nodules, ovarian endometriomas and normal endometrial tissues.Methods:Endometriotic nodules of 24 cases, endometrioma of 30 cases and normal endometrial tissues of 30 cases were examined. T-cadherin, E-cadherin, ER-α and PR-α staining levels of endometriotic nodular tissues, endometrioma tissues and endometrial tissues were compared immunohistochemically. H-score was calculated to compare the expression of T-cadherin, E-cadherin, ER-α, PR-α in IHC staining based on the percentage of cells stained at each intensity level.Results:T-cadherin, E-cadherin, ER and PR H-score were found lowest in endometriotic nodule tissue and the highest in endometrial tissue (p &lt;0.0001, &lt;0.0001, &lt;0.0001 and &lt;0.0001, respectively). In correlation analysis, a positive correlation was found between T-cadherin, E-cadherin, PR and ER H-score (p &lt;0.0001 for each). No correlation was found between age, BMI, VAS score, CA125, endometrioma size and the severity of dysmenorrhea, dyspareunia and dystonia (p&gt; 0.05).Conclusions:T-cadherin, E-cadherin, ER and PR H-score were found lowest in endometriotic nodule tissue, the highest in endometrium tissue. The finding of lower expression of PR-α in endometriotic nodule in our study may be related to decrease in progesterone effect which could not inhibit the decrease in the expression of T-cadherin and E-cadherin, thus the invasiveness of endometriotic nodule. These findings suggest that endometriotic nodule and ovarian endometrioma tissues have a different biology.",NA,01,crossref,AAGL2016_064
10.1016/j.jmig.2021.06.025,Pseudotumoral Endometriotic Nodule,Engels S,Karampelas S,Engels S; Nisolle M; Karampelas S,Journal of Minimally Invasive Gynecology,NA,2021,12,crossref,AAGL2016_064
10.1016/j.jmig.2016.08.402,Endometriotic Nodule of the Cardinal Ligament,Elkattah R,Furr R,Elkattah R; Mohling S; Furr R,Journal of Minimally Invasive Gynecology,NA,2016,11,crossref,AAGL2016_064
10.1016/j.jmig.2016.09.010,Endometriotic Vaginal Vault Nodule Causing Posthysterectomy Vaginal Bleeding,Roy S,Bhandal M,Roy S; Bhandal M,Journal of Minimally Invasive Gynecology,NA,2017,05,crossref,AAGL2016_064
10.1016/j.jmig.2018.09.286,Laparoscopic Resection of Deep Infiltrating Endometriotic Rectal Nodule,Escalona J,Heredia F,Escalona J; Donetch G; Heredia F,Journal of Minimally Invasive Gynecology,NA,2018,11,crossref,AAGL2016_064
10.47746/fmcr.2021.2106,Clear Cell Carcinoma on an Endometriotic Nodule of The Recto-Vaginal Septum: Case Report,Pegenaute L,Lete I,Pegenaute L; Cuadra M; Lete I,Frontiers in Medical Case Reports,NA,2021,01,crossref,AAGL2016_064
10.1016/j.ajog.2017.12.142,19: Resection of endometriotic bladder nodule causing cyclic dysuria,Stuparich M,Donnellan N,Stuparich M; Donnellan N,American Journal of Obstetrics and Gynecology,NA,2018,02,crossref,AAGL2016_064
10.1016/j.jmig.2025.09.367,13177 Deep Infiltrating Endometriotic Bladder Nodule - a Stepwise Approach &amp; Excision,Shyamsunder A,Abbott J,Shyamsunder A; Abbott J,Journal of Minimally Invasive Gynecology,NA,2025,11,crossref,AAGL2016_064
10.1016/j.jmig.2017.08.292,Stepwise Approach to the Rectovaginal Endometriotic Nodule,Suen M,Singh S,Suen M; Bougie O; Arendas K; Singh S,Journal of Minimally Invasive Gynecology,NA,2017,11,crossref,AAGL2016_064
10.1016/j.jmig.2018.09.744,Laparoscopic Resection of Endometriotic Vesical Nodule,Escalona J,Donetch G,Escalona J; Bustos A; Canales J; Heredia F; Donetch G,Journal of Minimally Invasive Gynecology,NA,2018,11,crossref,AAGL2016_064
10.1016/j.jmig.2016.08.406,Excision of a Large Adnexal Endometriotic Nodule Masquerading as Salpingitis Isthmica Nodosa,Cook A,Hopton E,Cook A; Hopton E,Journal of Minimally Invasive Gynecology,NA,2016,11,crossref,AAGL2016_064
10.1093/oed/6904657123,"parametrium, n.",,,,Oxford English Dictionary,NA,2023,03,crossref,AAGL2016_064
10.1002/uog.24093,VP05.08: Ultrasound and surgical excision of a large endometriotic bladder nodule,Mak J,Mak J,Mak J,Ultrasound in Obstetrics &amp; Gynecology,NA,2021,10,crossref,AAGL2016_064
10.1016/j.eclinm.2019.03.015,Safely combining trabectedin with radiotherapy to treat myxoid liposarcoma,Chen M,Kirsch D,Chen M; Kirsch D,EClinicalMedicine,NA,2019,03,crossref,AAGL2016_064
10.1351/goldbook.11068,parametrium,,,,The IUPAC Compendium of Chemical Terminology,"Citation: 'parametrium' in the IUPAC Compendium of Chemical Terminology, 5th ed.; International Union of Pure and Applied Chemistry; 2025. Online version 5.0.0, 2025. 10.1351/goldbook.11068 • License: The IUPAC Gold Book is licensed under Creative Commons Attribution-ShareAlike CC BY-SA 4.0 International for individual terms. Requests for commercial usage of the compendium should be directed to IUPAC.",2025,06,crossref,AAGL2016_064
10.1016/j.jmig.2016.08.088,Ultrasound Evaluations After Radiofrequency Volumetric Thermal Ablation of Symptomatic Myomas,Lefholz K,Lefholz K,Lefholz K,Journal of Minimally Invasive Gynecology,NA,2016,11,crossref,AAGL2016_082
10.1016/j.jmig.2016.08.085,Post-Market Evaluation of Intraoperative and Clinical Outcomes After Radiofrequency Volumetric Thermal Ablation of Symptomatic Myomas,Williams N,Crump N,Williams N; Lefholz K; Crump N,Journal of Minimally Invasive Gynecology,NA,2016,11,crossref,AAGL2016_082
10.1016/j.jmig.2015.08.834,Reproductive Outcomes in Subjects Following Radiofrequency Volumetric Thermal Ablation (RFVTA) of Their Symptomatic Myomas: A Retrospective Case Series,Berman J,Brucker S,Berman J; Thiel J; Brucker S,Journal of Minimally Invasive Gynecology,NA,2015,11,crossref,AAGL2016_082
10.1016/j.jmig.2014.08.067,Laparoscopic Myomectomy (LM) Versus Laparoscopic Radiofrequency Volumetric Thermal Ablation (RFVTA) of Symptomatic Myomas: A Randomized Trial of Uterine-Sparing Techniques,Brucker S,Krämer B,Brucker S; Hahn M; Kraemer D; Taran F; Isaacson K; Krämer B,Journal of Minimally Invasive Gynecology,NA,2014,11,crossref,AAGL2016_082
10.1097/01.aog.0000533225.14144.82,Reproductive Outcomes After Laparoscopic Radiofrequency Ablation of Symptomatic Myomas [12Q],Berman J,Bhagavath B,Berman J; Shashuoa A; Olson C; Brucker S; Thiel J; Bhagavath B,Obstetrics &amp; Gynecology,"
            INTRODUCTION:
            More than 2,000 cases of laparoscopic intrabdominal ultrasound-guided radiofrequency ablation (Lap-RFA) of symptomatic myomas have been performed in the United States and internationally. Safe conception and childbearing following Lap-RFA are of great interest to patients, obstetrician-gynecologists, and reproductive endocrinologists and surgeons. Our purpose is to study the safety and gestational outcomes among reported pregnancies post Lap-RFA.
          
          
            METHODS:
            Gynecologic surgeons, who perform Lap-RFA, complete standardized data collection forms that capture specific details describing their consenting patients’ preoperative, intraoperative, and postoperative data as well as any pregnancy data. Reproductive outcomes have been collected and analyzed using descriptive statistics.
          
          
            RESULTS:
            Twenty-seven women (age range, 30-43 years old) conceived 28 times after Lap-RFA treatment. Of the 28 gestations, 23 (82.1%) resulted in full-term deliveries of healthy infants, 2 (7.1%) pregnancies are ongoing (due October and November), 2 (7.1%) pregnancies terminated in first-trimester spontaneous abortions, and 1 (3.6%) pregnancy terminated spontaneously in the second trimester. Time from treatment to conception ranged from 1 month to 28 months. Eleven (47.8%) of the births were by vaginal delivery. No cases of abnormal placentation or endometrial defect were observed.
          
          
            CONCLUSION:
            Accumulating evidence indicates that safe childbearing with full-term gestation can be achieved after Lap-RFA of symptomatic myomas. Continued collection of obstetric data from commercial Lap-RFA cases and Lap-RFA clinical trials are needed to support these preliminary findings.
          ",2018,05,crossref,AAGL2016_082
10.1016/j.jmig.2016.08.102,Laparoscopic Radiofrequency Volumetric Thermal Ablation (RFVTA) of Symptomatic Myomas and Laparoscopic Myomectomy (LM): Clinical Outcomes at Three Years from a Randomized Trial of Uterine-Sparing Techniques,Isaacson K,Hahn M,Isaacson K; Krämer B; Taran A; Kraemer D; Brucker S; Hahn M,Journal of Minimally Invasive Gynecology,NA,2016,11,crossref,AAGL2016_082
10.1016/j.jmig.2016.08.105,"Gaining Proficiency with New Technology: Ten Surgeons’ Early Experience with Laparoscopic Ultrasound-Guided Radiofrequency Volumetric Thermal Ablation of Uterine Myomas (RFVTA, the Acessa™ Procedure)",Braun K,Thiel J,Braun K; Sanders B; Sheridan M; Thiel J,Journal of Minimally Invasive Gynecology,NA,2016,11,crossref,AAGL2016_082
10.1016/j.jmig.2019.09.642,An Observational Study of Reproductive Outcomes in Clinical Trials and Commercial Settings After Laparoscopic Radiofrequency Ablation of Symptomatic Myomas,Berman J,Berman J,Berman J,Journal of Minimally Invasive Gynecology,NA,2019,11,crossref,AAGL2016_082
10.1016/j.jmig.2013.08.418,Laparoscopic Ultrasound-Guided Radiofrequency Volumetric Thermal Ablation (RFVTA) of Deep Intramural Fibroids,Galen D,Galen D,Galen D,Journal of Minimally Invasive Gynecology,NA,2013,11,crossref,AAGL2016_082
10.15406/ogij.2023.14.00715,Obstetric outcome after ultrasound guided transvaginal radiofrequency ablation of uterine myomas,Angel S,Jorge F,Angel S; Sebastián M; Mariña N; Setefilla L; Jorge F,Obstetrics &amp; Gynecology International Journal,"Purpose: The objective is to report the obstetric outcome of 8 pregnancies with uterine fibroids who conceived after RFA.  Methods: A study was conducted on 115 women with symptomatic uterine fibroids undergoing transvaginal RFA using a bipolar radiofrequency generator and an internally cooled electrode. Data on pregnancies and outcomes were collected.  Results: After the procedure, eight pregnancies occurred. Fibroid volume reduction exceeded 50% in half of the patients, with an average reduction rate of 43%. Six resulted in live births, with a cesarean section rate of 2/3, one in an ectopic pregnancy, and one in a miscarriage. Pregnancy complications were limited, and all newborns showed normal development.  Conclusion: Minimally invasive ultrasound-guided RFA is effective in shrinking the myomas and may not carry an obstetric risk. Although the number of reported cases is low, no obstetric complications specifically associated with transvaginal radiofrequency ablation of uterine fibroids have been observed.",2023,11,crossref,AAGL2016_082
10.1016/j.fertnstert.2015.07.550,Reproductive outcomes after laparoscopic myomectomy (LM) and laparoscopic radiofrequency volumetric thermal ablation uterine leiomyomas,Isaacson K,Isaacson K,Isaacson K,Fertility and Sterility,NA,2015,09,crossref,AAGL2016_082
10.1016/j.jmig.2019.06.009,Case Series of Reproductive Outcomes after Laparoscopic Radiofrequency Ablation of Symptomatic Myomas,Berman J,Bhagavath B,Berman J; Shashoua A; Olson C; Brucker S; Thiel J; Bhagavath B,Journal of Minimally Invasive Gynecology,NA,2020,03,crossref,AAGL2016_082
10.31525/ct1-nct04091529,Tailored Radiofrequency Ablation of Uterine Myomas,,, ,Case Medical Research,NA,2019,09,crossref,AAGL2016_082
10.1530/endoabs.110.p1217,Ultrasound-guided thermal ablation of symptomatic benign thyroid nodules: volumetric outcomes in a cohort of 36 patients,Diana R,Luzi L,Diana R; Cusini C; Monfardini L; Boselli F; Luzi L,Endocrine Abstracts,NA,2025,05,crossref,AAGL2016_082
10.1016/j.jmig.2013.08.553,Reproductive Outcomes in Subjects Following Radiofrequency Volumetric Thermal Ablation (RFVTA) of Symptomatic Fibroids,Berman J,Garza Leal J,Berman J; Robles Pemueller R; Garza Leal J,Journal of Minimally Invasive Gynecology,NA,2013,11,crossref,AAGL2016_082
10.1016/j.jmig.2014.08.072,Three Years’ Outcome from the Halt Trial: A Prospective Analysis of Radiofrequency Volumetric Thermal Ablation of Myomas,Berman J,Chudnoff S,Berman J; Guido R; Garza L; Robles P; Whaley F; Chudnoff S,Journal of Minimally Invasive Gynecology,NA,2014,11,crossref,AAGL2016_082
10.1016/j.jmig.2013.08.005,Long-Term Efficacy of Radiofrequency Volumetric Thermal Ablation (RFVTA) of Symptomatic Uterine Fibroids,Guido R,Chudnoff S,Guido R; Macer J; Abbott K; Falls J; Tilley I; Chudnoff S,Journal of Minimally Invasive Gynecology,NA,2013,11,crossref,AAGL2016_082
10.1016/j.jmig.2014.08.351,Laparoscopic Radiofrequency Volumetric Thermal Ablation (RFVTA) of Symptomatic Fibroids and Myomectomy: A Randomized Trial of Uterine-Sparing Techniques in Canada,Thiel J,Leyland N,Thiel J; Rattray D; Leyland N,Journal of Minimally Invasive Gynecology,NA,2014,11,crossref,AAGL2016_082
10.1016/j.jmig.2017.05.021,Radiofrequency Thermal Ablation for Uterine Myomas: Long-term Clinical Outcomes and Reinterventions,Iversen H,Dueholm M,Iversen H; Dueholm M,Journal of Minimally Invasive Gynecology,NA,2017,09,crossref,AAGL2016_082
10.47310/iarjs.2022.v02i01.021,Comparison of Quality of life in patients of chronic pelvic pain after pulsed radiofrequency ablation versus thermal radiofrequency ablation of Ganglion Impar,Verma M,Bhardwaj A,Verma M; Chauhan G; Syal K; Kumar Verma R; Maitan M; Bhardwaj A,International Academic Research Journal of Surgery,"Background: The present study was done to compare the Quality of life in patients of chronic pelvic pain after pulsed radiofrequency ablation versus thermal radiofrequency ablation of Ganglion Impar. Material and Methods: The present study was prospective, randomized, single blinded study and was based on series of 30 patients presenting with chronic pelvic pain, having already failed conservative medical management, presenting in Pain clinic if IGMC Shimla. The patients were divided into 2 groups of 15 patients. Patients in Group A(n=15) were given thermal radiofrequency ablation whereas patients in Group B were given pulsed radiofrequency ablation. Results: Mean 24 Hours Post Procedural American Chronic Pain Association Quality of Life Scale Score (ACP) of the patients in Group A was 6.20±0.414 whereas mean 24 Hours Post Procedural ACP Score in patients of group B was 7.07±0.704. (p = 0.000). The mean 1 week Post Procedural ACP Score of the patients in Group A was 6.00±0.000 whereas mean 1 week Post Procedural ACP Score in patients of group B was 6.73±0.704. (p = 0.000). Mean 2 week Post Procedural ACP Score of the patients in Group A was 5.53±0.516 whereas mean 2 week Post Procedural ACP Score in patients of group B was 6.47±0.743. (p = 0.000). Mean 3 week Post Procedural ACP Score of the patients in Group A was 5.20±0.414 whereas mean 3 week Post Procedural ACP Score in patients of group B was 6.27±0.458. (p = 0.000) Conclusion: Present study showed that mean Post Procedural ACP Score (24 Hours, 1,2 and 3 week) was significantly lower in group A as compared to group B. we can conclude that thermal radiofrequency ablation of ganglion impar for chronic pelvic pain produces Quality of Life and Functional Capacity in the patients as compared to patients who were treated with pulsed radio frequency ablation.",2022,06,crossref,AAGL2016_082
10.1016/j.jmig.2017.08.044,Assessing Improved Methods for Clinic-Based Sacral Neuromodulation Lead Placement,Eugenio-Colon J,Siddique S,Eugenio-Colon J; Malone C; Diaz-Sylvester P; Groesch K; Zata V; Siddique S,Journal of Minimally Invasive Gynecology,NA,2017,11,crossref,AAGL2017_031
10.1007/s00192-020-04615-8,Sacral neuromodulation: sacral anatomy and optimal lead placement,Hendrickson W,Amundsen C,Hendrickson W; Amundsen C,International Urogynecology Journal,NA,2021,09,crossref,AAGL2017_031
10.1016/j.urology.2022.12.029,Strategies for Difficult Fluoroscopic Landmarking During Sacral Neuromodulation Lead Placement,Luchristt D,Amundsen C,Luchristt D; Amundsen C,Urology,NA,2023,04,crossref,AAGL2017_031
10.1007/s11884-021-00634-3,Optimizing Lead Placement in Sacral Neuromodulation,Couvaras A,Goudelocke C,Couvaras A; Goudelocke C,Current Bladder Dysfunction Reports,NA,2021,09,crossref,AAGL2017_031
10.1016/j.neurom.2024.08.001,Motor Response Matters: Lead Placement and Urologic Efficacy Linked in Sacral Neuromodulation,Tilborghs S,de Wachter S,Tilborghs S; Brits T; van de Borne S; Vaganée D; de Wachter S,Neuromodulation: Technology at the Neural Interface,NA,2025,07,crossref,AAGL2017_031
10.1007/s00192-019-04208-0,Techniques for optimizing lead placement during sacral neuromodulation,Dodge N,Linder B,Dodge N; Linder B,International Urogynecology Journal,NA,2020,05,crossref,AAGL2017_031
10.26226/morressier.59b63e3fd462b8029238921b,Sacral neuromodulation tined lead migration rate at 5 years post-implant,Griebling T,Griebling T,Griebling T,NA,NA,NA,01,crossref,AAGL2017_031
10.1097/ju.0000000000000869.01,MP30-01 “MIXED” MOTOR SACRAL NEUROMODULATION LEAD PLACEMENT RESULTS IN HIGHER IMPLANT RATES,Gurtner K,Goudelocke C,Gurtner K; Couvaras* A; Goudelocke C,Journal of Urology,NA,2020,04,crossref,AAGL2017_031
10.5213/inj.2040096.048,Computer-Assisted Lead Placement for Peripheral Nerve Evaluation Test in a Candidate for Sacral Neuromodulation,Sampogna G,Spinelli M,Sampogna G; Montanari E; Spinelli M,International Neurourology Journal,"Our aim was to report the first case of computer-assisted lead placement (CALP) for a peripheral nerve evaluation (PNE) test in a 55-year-old woman affected by chronic pelvic pain, who was a candidate for sacral neuromodulation (SNM). The first PNE test failed due to nonoptimal lead placement. We utilized a surgical navigation system (SNS) with electromagnetic tracking to guide the lead placement to the S3 right nerve roots. Neither intra- nor postoperative complications occurred. After 2 weeks, the patient reported &gt;50% symptom improvement, so she was recommended to receive a definitive SNM implant. Our case report demonstrated the feasibility and safety of CALP for the PNE test. Since the use of an SNS may guide easy and precise lead placement along the S3 afferent nerve roots, further studies are mandatory to outline the advantages and limits of this innovative technique.",2020,12,crossref,AAGL2017_031
10.1016/j.jpurol.2025.04.019,Pediatric sacral neuromodulation: A step-by-step tined lead placement technique and clinical outcomes,Faure A,Haddad M,Faure A; Giannopoulou C; Haddad M,Journal of Pediatric Urology,NA,2025,08,crossref,AAGL2017_031
10.1007/s00192-019-03999-6,Utilization of CT for InterStim sacral neuromodulation lead placement in a patient with morbid obesity,Jansen S,Heisler C,Jansen S; Giertych B; Heisler C,International Urogynecology Journal,NA,2019,10,crossref,AAGL2017_031
10.1111/ner.12953,Needle Placement and Position of Electrical Stimulation Inside Sacral Foramen Determines Pelvic Floor Electromyographic Response—Implications for Sacral Neuromodulation,Vaganée D,De Wachter S,Vaganée D; Voorham J; Voorham-van der Zalm P; De Wachter S,Neuromodulation: Technology at the Neural Interface,NA,2019,08,crossref,AAGL2017_031
10.1111/codi.16828,3D fluoroscopy reconstruction for lead placement in sacral neuromodulation—A video vignette,Bondurri A,Danelli P,Bondurri A; Simone M; Maffioli A; Naclerio M; Rech R; Danelli P,Colorectal Disease,NA,2024,01,crossref,AAGL2017_031
10.1016/j.juro.2015.02.335,V2-10 IDENTIFICATION OF THE S3 FORAMEN DURING TRANSFORAMINAL SACRAL NEUROMODULATION LEAD PLACEMENT – A NOVEL “ROLLING PEN” TECHNIQUE,Saltzman A,Krlin R,Saltzman A; Hebert K; Woo H; Krlin R,Journal of Urology,NA,2015,04,crossref,AAGL2017_031
10.1016/j.juro.2015.02.448,PD27-04 OUTCOMES OF BILATERAL LEAD PLACEMENT FOR STAGE I OF SACRAL NEUROMODULATION TRIAL,Quirouet A,Vasavada S,Quirouet A; King A; Goldman H; Rackley R; Moore C; Vasavada S,Journal of Urology,NA,2015,04,crossref,AAGL2017_031
10.5213/inj.1938088.044,Needle Placement: A Guide to Predictable Sensory and Motor Responses Based on Variations in Needle Placement During Sacral Neuromodulation Procedures,Crites-Bachert M,Clark C,Crites-Bachert M; Clark C,International Neurourology Journal,NA,2019,12,crossref,AAGL2017_031
10.1111/ner.13177,"Pelvic Floor Muscle Electromyography as a Guiding Tool During Lead Placement and (Re)Programming in Sacral Neuromodulation Patients: Validity, Reliability, and Feasibility of the Technique",Vaganée D,De Wachter S,Vaganée D; Van de Borne S; Voorham-van der Zalm P; Voorham J; Fransen E; De Wachter S,Neuromodulation: Technology at the Neural Interface,NA,2020,12,crossref,AAGL2017_031
10.1016/j.cont.2023.100938,RADIATION EXPOSURE DURING SACRAL NEUROMODULATION LEAD PLACEMENT: MULTI-INSTITUTIONAL DESCRIPTIVE STUDY,Burns R,Takacs E,Burns R; Ferari C; Kenne K; Kovacevic N; Orzel J; Padmanabhan P; Peterson C; Powell C; Nakatsuka H; Vollstedt A; Walter B; Takacs E,Continence,NA,2023,09,crossref,AAGL2017_031
10.2214/ajr.14.14270,CT-Guided Lead Placement for Selective Sacral Neuromodulation to Treat Lower Urinary Tract Dysfunctions,Meissnitzer T,Meissnitzer M,Meissnitzer T; Trubel S; Posch-Zimmermann R; Meissnitzer M,American Journal of Roentgenology,NA,2015,11,crossref,AAGL2017_031
10.1016/j.juro.2016.02.1111,PD36-06 LOWER RISK OF LEAD REVISION BASED ON “OPTIMAL”LEAD PLACEMENT DURING STAGE 1 SACRAL NEUROMODULATION,Pizarro-Berdichevsky j,Goldman H,Pizarro-Berdichevsky j; Quirouet A; Clifton M; Gill B; Dielubanza E; Okafor H; Faris A; Moore C; Rackley R; Vasavada S; Goldman H,Journal of Urology,NA,2016,04,crossref,AAGL2017_031
10.1016/j.jmig.2017.08.045,A Comparative Study of Sexual and Functional Outcomes of Vaginoplasty Through Three Methods,Zhou Q,Hua K,Zhou Q; Zhang X; Ding J; Hua K,Journal of Minimally Invasive Gynecology,NA,2017,11,crossref,AAGL2017_032
10.1093/humrep/deu341,Sexual and functional outcomes of vaginoplasty using acellular porcine small intestinal submucosa graft or laparoscopic peritoneal vaginoplasty: a comparative study,Ding J,Hua K,Ding J; Chen L; Zhang X; Zhang Y; Hua K,Human Reproduction,NA,2015,03,crossref,AAGL2017_032
10.1016/j.jmig.2016.08.693,"Anatomic, Functional Outcomes of Vaginoplasty Using Acellular Porcine Small Intestinal Submucosa Graft or Laparoscopic Peritoneal Vaginoplasty: A Comparative Study",Li M,Zhang Z,Li M; Zhang Z,Journal of Minimally Invasive Gynecology,NA,2016,11,crossref,AAGL2017_032
10.1016/j.jmig.2014.08.172,Sexual and Functional Outcome of Vaginoplasty Using Acellular Porcine Small Intestinal Submucosa Graft or Laparoscopic Peritoneal Vaginoplasty: A Comparative Study,Ding J,Zhang Y,Ding J; Hua K; Chen L; Zhang X; Zhang Y,Journal of Minimally Invasive Gynecology,NA,2014,11,crossref,AAGL2017_032
10.1016/b978-0-443-21776-0.00021-2,Sexual wellbeing and sexual health following vaginoplasty,Özer M,Özer M,Özer M,Gender Affirming Vaginoplasty,NA,2025,01,crossref,AAGL2017_032
10.1016/s0302-2838(26)01179-6,P0276 Sexual function outcomes after modified posterior colporrhaphy versus traditional vaginoplasty for vaginal laxity: A comparative study with over 2 years of follow-up,Shen S,Luo D,Shen S; Han Y; Shen H; Luo D,European Urology,NA,2026,03,crossref,AAGL2017_032
10.1016/j.sxmr.2021.04.001,"Sexual Functioning of Transgender Females Post-Vaginoplasty: Evaluation, Outcomes and Treatment Strategies for Sexual Dysfunction",Schardein J,Nikolavsky D,Schardein J; Nikolavsky D,Sexual Medicine Reviews,NA,2022,01,crossref,AAGL2017_032
10.1016/j.jsxm.2020.09.014,A Single-Center Study Comparison of Two Different Male-to-Female Penile Skin Inversion Vaginoplasty Techniques and Their 3.5-Year Outcomes,Fakin R,Giovanoli P,Fakin R; Giovanoli P,The Journal of Sexual Medicine,NA,2021,02,crossref,AAGL2017_032
10.1007/s11930-023-00377-8,Sexual Function Outcomes Following Gender-Affirming Vaginoplasty: a Literature Review,Wilder S,Shakir N,Wilder S; Shannon B; Blasdel G; Shakir N,Current Sexual Health Reports,NA,2023,11,crossref,AAGL2017_032
10.1093/jsxmed/qdaf077.263,SURGICAL AND FUNCTIONAL OUTCOMES FOLLOWING PENO-SCROTAL FLAP VAGINOPLASTY IN TRANSGENDER WOMEN,Preto M,Gontero P,Preto M; Falcone M; Cirigliano L; Ferro I; Peretti F; Plamadeala N; Scavone M; Zupo E; Gontero P,The Journal of Sexual Medicine,"Abstract
               
                  Objectives
                  The aim of this study is to evaluate the surgical and functional outcomes of peno-scrotal vaginoplasty in a cohort of patients undergoing genital gender-affirming surgery.
               
               
                  Methods
                  A consecutive series of transgender women (assigned male at birth) who underwent peno-scrotal vaginoplasty at a single center were included in this study. Data were collected from a prospective database comprising 41 patients who underwent surgery between April 2018 and April 2024. Functional outcomes were assessed using a validated questionnaire specifically for transgender women (Operated Male to Female sexual function index), as well as two additional validated questionnaires commonly used for cisgender women (Female Sexual Function Index and Female Genital Self Image Scale).
               
               
                  Results
                  The median age of the cohort was 30 years (26-35), with a median BMI of 22 kg/m2 (20-25). Fourteen patients (35.9%) were smokers. The median follow-up duration was 18 months (10-26 months).
                  In terms of surgical outcomes, median operative time was 305 minutes (280-340), and median neovaginal depth achieved was 14 cm (12-14). Median hospital stay was 8 days (7-9). There was one intraoperative complication (2.4%), a urethral injury, which was successfully repaired and required prolonged catheterization for 2 weeks.
                  Postoperative complications included anemia, with 12 patients (29%) requiring blood transfusions. One patient (2.4%) developed rectovaginal fistula, which necessitated temporary colostomy to allow for proper healing. Late complications included five cases (12.2%) of partial neovaginal stenosis, possibly related to improper neovaginal dilation.
                  Functional outcomes indicated high levels of satisfaction, with progressive improvement over time. Normal oMtFSFI scores were observed in 31.3% of patients at 3 months, 50% at 6 months, 54.4% at 12 months, and 66.7% at more than 12 months post-surgery.
                  Multivariate analysis identified BMI as the only significant predictor of lower satisfaction (defined as achieving a normal oMtFSFI score at 12 months).
               
               
                  Conclusions
                  Peno-scrotal flap vaginoplasty is a viable and effective technique for genital gender-affirming surgery in transgender women (AMAB). The procedure is associated with a low incidence of major complications and results in high levels of patient satisfaction, with favorable aesthetic and functional outcomes.
               
               
                  Conflicts of Interest
                  No conflict of interest.
               ",2025,05,crossref,AAGL2017_032
10.1016/j.jsxm.2016.03.198,P-01-045 Secondary Vaginoplasty: A Comparison of Clinical Outcomes of Laparoscopic Intestinal Versus Full Thickness Skin Graft Vaginoplasty,van Der Sluis W,Bouman M,van Der Sluis W; Buncamper M; Meijerink W; Mullender M; Bouman M,The Journal of Sexual Medicine,NA,2016,05,crossref,AAGL2017_032
10.7759/cureus.99331,"A Comparative Study of Radiological, Functional, and Clinical Outcomes of Three-Pin Versus Five-Pin Techniques for Distal Radius Fracture Fixation",Kumar Dake S,Karanam V,Kumar Dake S; Shaik M; Karanam V,Cureus,NA,2025,12,crossref,AAGL2017_032
10.1093/sexmed/qfag007,Primary sigmoid vaginoplasty in gender affirmation surgery: technique and outcomes,Arjun N,Nagaraj H,Arjun N; Nataraj Y; Anne D; Shetty B; Nagaraj H,Sexual Medicine,"Abstract
                  
                    Background
                    Vaginal canal reconstruction is critical for transgender and gender-diverse individuals assigned male at birth, seeking gender affirmation, but conventional techniques often have limitations in depth and tissue quality.
                  
                  
                    Aim
                    The aim was to evaluate outcomes of primary sigmoid vaginoplasty as a gender-affirming surgical option for transgender women at a tertiary center.
                  
                  
                    Methods
                    A prospective review included transgender women operated for primary sigmoid vaginoplasty from 2023 to 2025, with data collected on demographics, perioperative details, complications, and postoperative neovaginal depth; assessment relied on physical examination, preoperative screening, standardized surgical technique, and postoperative follow-up with dilation routines.
                  
                  
                    Outcomes
                    Primary outcomes were neovaginal depth, maintenance of sexual function, and postoperative complications.
                  
                  
                    Results
                    Thirty patients achieved a mean neovaginal depth of 16 ± 2.0 cm intraoperatively; all maintained sexually functional tissue. There were 2 major complications—1 bowel injury and 1 anastomotic leak—requiring reoperation, with no mortality. Introital stenosis occurred in 10% and was successfully treated with dilation. Average hospital stay was 8 ± 2.1 days, and long-term follow-up confirmed satisfaction with sexual function and depth, without significant odor or excessive secretions.
                  
                  
                    Clinical Implications
                    Sigmoid vaginoplasty offers a reliable approach for achieving functional vaginal depth and patient satisfaction, particularly in individuals with limited penile tissue. Bowel Complications can set in, requiring adequate evaluation, motivation and understanding of the procedure.
                  
                  
                    Strengths and Limitations
                    Strengths include the prospective design and standardized surgical technique, while limitations are the small sample size, single-center scope, and limited follow-up duration for some patients due to geographic constraints.
                  
                  
                    Conclusion
                    Primary sigmoid vaginoplasty is an effective and dependable surgical option for transgender women, yielding satisfactory depth, appearance, and sexual function but can come with associated bowel complications.
                  ",2026,04,crossref,AAGL2017_032
10.7759/cureus.14767,Experience of Vaginoplasty for Enhancement of Sexual Functioning in a Center in Turkey: A Before and After Study,Erdogan G,Erdogan G,Erdogan G,Cureus,NA,2021,04,crossref,AAGL2017_032
10.21276/amit.2025.v12.i3.218,Functional Outcomes Following Arthroscopic Meniscal Repair and Excision: A Comparative Study,Pattanshetty A,Sidri A,Pattanshetty A; Pattanshetty N; Sidri A,Acta Medica International,"Background: Meniscal tears are common intra-articular knee injuries that can cause pain, mechanical symptoms, and functional limitation. The choice between arthroscopic meniscal repair and excision continues to be debated, especially for traumatic tears in younger adults. Preservation of meniscal tissue may provide better long-term outcomes by maintaining joint biomechanics and delaying osteoarthritis. The aim and objective is to assess and compare the functional outcomes and postoperative complications between arthroscopic meniscal repair and arthroscopic meniscectomy in patients with traumatic meniscal tears. Material and Methods: A prospective comparative study was performed on forty patients with traumatic meniscal tears. Twenty underwent arthroscopic meniscal repair, and twenty had arthroscopic meniscectomy. Functional outcome was evaluated using the Lysholm Knee Score (LKS) preoperatively, at 6 weeks, and at 6 months. Data were analysed using paired and unpaired t-tests; p &lt; 0.05 was taken as significant. Results: In the repair group, mean LKS improved from approximately 44 (pre-op) to 78 at 6 weeks and 97 at 6 months. The excision group improved from 43 to 74 and 90, respectively. Inter-group difference at 6 months was highly significant (p &lt; 0.001). Excellent results were achieved in 80% of repaired knees, compared with 25% after excision. Postoperative complications were minimal, with no major reoperations. Conclusion: Arthroscopic meniscal repair produced superior early and mid-term functional recovery with minimal complications compared to meniscectomy. The findings support a meniscus-preserving strategy whenever feasible for traumatic tears. Keywords: Meniscal tear, arthroscopic repair, meniscectomy, Lysholm knee score, functional outcome, arthroscopy.",2025,09,crossref,AAGL2017_032
10.3389/fsurg.2026.1738549,Clinical outcomes of three treatment methods for humeral shaft fractures: a comparative study,Wang F,Wang W,Wang F; Xie F; Liu X; Wang G; Wang W,Frontiers in Surgery,"
                    Objective
                    To compare the clinical efficacy of three techniques (nonoperation, external fixation, and open reduction and plate osteosynthesis) for the treatment of diaphyseal fractures of the humerus, thereby providing guidance for the selection of treatment methods.
                  
                  
                    Methods
                    A retrospective analysis was conducted on 138 patients with humeral shaft fractures who received treatment at the Department of Orthopedics and Traumatology, Hubei Provincial Hospital of Traditional Chinese Medicine between January 2021 and December 2024, all with complete follow-up data. The patients were divided into three groups based on their treatment methods: the nonoperative treatment (NOT) group, the external fixation (EF) group, and the open reduction and plate osteosynthesis (ORPO) group. In the NOT group, 46 patients received small splint fixation/plaster/functional bracing. There were 28 patients in the EF group and 64 patients in the ORPO group. The patients were followed up regularly at outpatient appointments or by telephone. The follow-up evaluations included measurements of fracture-healing time, fracture-healing rate, postoperative complications, length of hospital stay, and time to return to work after treatment. Furthermore, the clinical outcomes included the Constant shoulder score, the Mayo elbow score, and patient satisfaction at the last follow-up.
                  
                  
                    Results
                    
                      The mean follow-up durations for the NOT, EF, and ORPO groups were 21.4 ± 3.7, 20.1 ± 4.7, and 22.6 ± 5.4 months, respectively. The mean union times for the NOT, EF, and ORPO groups were 9.0 (8.0–11.25) months, 10.0 (9.0–12.0) months, and 12.0 (10.25–12.0) months, respectively; additionally, the mean union rates were 95.7%, 96.4%, and 96.9%, respectively. There were significant differences in union time among the three groups (
                      P
                       = 0.002,
                      ε
                      2
                       = 0.079), but the magnitude of the difference was limited. The main complications were significantly different among the three groups (
                      P
                       &amp;lt; 0.001, V = .438). Residual deformity/malunion was the main complication in the NOT group, while postoperative radial nerve palsy and infection were the main complications in the EF and ORPO groups, respectively. The length of hospital stay for the three groups was 4.0 (2.0–5.25) days, 10.5 (5.0–12.0) days, and 11.0 (8.0–15.0) days, respectively. The time to return to work after treatment for the three groups was 13.0 (10.0–16.0) weeks, 16.0 (14.25–18.75) weeks, and 14.0 (10.0–17.0) weeks, respectively. The mean duration of hospital stay and number of days away from work were significantly lower in the NOT group than in the other two groups (
                      P
                       
                      &amp;lt;
                       
                      0.05
                      ), Although the hospitalization time in the EF group was shorter than that in the ORPO group, the time from treatment to return to work was longer, with both differences being statistically significant (
                      P
                       &amp;lt; 0.05). At the last follow-up, the postoperative Constant scores and Mayo scores were not significantly different among the three groups (
                      P
                       
                      &amp;gt;
                       
                      0.05
                      ). Patient satisfaction also differed significantly among groups, with higher satisfaction in the NOT group than in the EF and ORPO groups (
                      P
                       &amp;lt; 0.05,
                      η
                      2
                       = .046), although the effect size was small.
                    
                  
                  
                    Conclusions
                    Within the limitations of this retrospective, non-randomized study, our findings suggest that all three treatment modalities achieve comparable fracture union rates and functional outcomes in humeral shaft fractures. Meanwhile, these results underscore the value of individualized treatment selection. In appropriately selected patients, NOT remains a viable and cost-effective option. But these findings should be validated in prospective trials.
                  ",2026,03,crossref,AAGL2017_032
10.1093/jsxmed/qdae161.101,(123) OUTCOMES OF VAGINOPLASTY IN PATIENTS WITH DISORDERS OF SEX DEVELOPMENT,Monteiro Filho M,Bruno P,Monteiro Filho M; Bruno Z; Nacle L; Ciriaco M; Bruno P,The Journal of Sexual Medicine,"Abstract
                  
                    Introduction
                    The use of autologous skin grafts through the McIndoe technique for neovagina construction is the most common approach for patients with vaginal malformation, atresia, or agenesis. However, this technique leaves a scar at the donor site with potential for infection and dehiscence. A novel technique developed in Ceará, using Nile tilapia skin, has been performed since 2016 with great results.
                  
                  
                    Objective
                    To describe the main etiologies, epidemiological data, and gynecological examination findings of a group of patients with differences in sex development (DSD) who underwent neovaginoplasty at a tertiary university hospital.
                  
                  
                    Methods
                    This is a retrospective, cross-sectional, and quantitative study through the review of medical records of patients who underwent neovaginoplasty from April 2004 to April 2024. The collected data were organized in a spreadsheet and presented as mean, number, and percentages.
                  
                  
                    Results
                    Records of 62 patients were obtained during this time period, of which 74% were diagnosed with Mayer-Rokitansky-Küster-Hauser syndrome; 17% with 46,XY DSD; 3% with other Müllerian anomalies; 1% with Fraser syndrome; 1% with the classical form of congenital adrenal hyperplasia; and 1% with ovotesticular DSD with 46,XX karyotype. The average age at diagnosis was 17.9 years and the average age at surgery was 20.8 years. Regarding the technique used, 68% underwent neovaginoplasty with Nile tilapia skin, 29% with autologous skin, and 1% with the sigmoid colon, the latter performed at another hospital. During the first consultation, 82% had a vaginal canal length of less than two cm, with an average of 0.6 cm (two patients had attempted vaginal dilation with silicone molds prior to surgery, reaching a maximum of two cm). Out of all cases, 51 had information on vaginal length in postoperative follow-ups. Vaginal length was measured at the first, third, sixth month, and one year postoperatively, with an average of 8.2 cm. Four patients, who were not sexually active and did not use the silicone mold as instructed postoperatively, experienced a regression to less than four cm in vaginal length one year after surgery. Half of the patients reported satisfactory sexual activity with penetration; six complained of a short vagina and dyspareunia, while this information was not found in the records for the remaining patients.
                  
                  
                    Conclusions
                    Neovaginoplasty using Nile tilapia skin has proven to be an important tool for promoting the quality of life and sexual health of patients with DSD associated with vaginal atresia or agenesis.
                  
                  
                    Disclosure
                    No.
                  ",2024,05,crossref,AAGL2017_032
10.21275/mr25725115457,Comparative Study of Functional Outcomes of Volar Plate Fixation and External Fixation for Distal Radius Fractures,Rupavatiya A,Desai H,Rupavatiya A; Desai H,International Journal of Science and Research (IJSR),NA,2025,07,crossref,AAGL2017_032
10.4103/ijru.ijru_27_25,Vaginoplasty: Maximizing aesthetic and functional outcomes of the vulva,Torres C,Purohit R,Torres C; Purohit R,International Journal of Reconstructive Urology,"ABSTRACT
                  
                    Background:
                    Gender-affirming vaginoplasty improves quality of life for transgender women. While techniques for canal creation vary, achieving aesthetic and functional vulvar outcomes is essential.
                  
                  
                    Objective:
                    To review surgical techniques that optimize vulvar aesthetics in vaginoplasty, focusing on external genital reconstruction.
                  
                  
                    Methods:
                    This review details incision design, clitoral and labial construction, sulcus definition, and urethral plate management. Techniques emphasize symmetry and customization based on patient preferences.
                  
                  
                    Results:
                    Refined incisions and neurovascular preservation improve cosmetic outcomes. Defined labial contours and tailored posterior introitus construction reduce complications and support sexual function.
                  
                  
                    Conclusion:
                    Aesthetic goals in vaginoplasty should be individualized. Technical precision and patient centered planning are key to achieving optimal outcomes.
                  ",2025,07,crossref,AAGL2017_032
10.1186/s40001-015-0165-x,RETRACTED ARTICLE: Peritoneal vaginoplasty by Luohu I and Luohu II technique: a comparative study of the outcomes,Le A,Luo G,Le A; Wang Z; Shan L; Xiao T; Zhuo R; Luo G,European Journal of Medical Research,"Abstract
                  
                    Background
                    Surgical vaginoplasty is the standard treatment for women suffering from Mayer–Rokitansky–Küster–Hauser (MRKH) syndrome. This study compares the advantages and disadvantages of Luohu I technique or its modification, Luohu II technique.
                  
                  
                    Methods
                    Women with MRKH syndrome undergoing laparoscopic peritoneal vaginoplasty using either the Luohu I (N = 145) or Luohu II (N = 155) technique were recruited. We compare the effectiveness of the Luohu II and one of Luohu I. Sexual satisfaction was checked by Female Sexual Function Index.
                  
                  
                    Results
                    
                      There was no significant difference in the mean operation time, volume of intraoperative blood loss, time for the first passage of gas, sexual satisfaction (and hospital stay for patients in either group (
                      P
                       &gt; 0.05). But patients in the Luohu II group had a significantly lower incidence of complications than patients in the Luohu I group. All patients had vaginal depths more than 9 cm over 3 months post-surgery.
                    
                  
                  
                    Conclusions
                    Compared with the traditional Luohu I laparoscopic peritoneal vaginoplasty, the Luohu II operation is easier to perform and causes less damage to the bladder and rectum. The physiological and anatomical features of the artificial vagina resemble the normal vagina in both techniques.
                  ",2015,08,crossref,AAGL2017_032
10.1016/j.jmig.2017.08.046,Clinical Observation of Modified Vaginal Closure of Vaginal Mucosa (Vaginal Mediastinoplasty) in the Treatment of Senile Pelvic Organ Prolapse,Jia N,Feng L,Jia N; Feng L,Journal of Minimally Invasive Gynecology,NA,2017,11,crossref,AAGL2017_033
10.1016/b978-1-4160-6266-0.00004-6,Techniques for Vaginal Hysterectomy and Vaginal Trachelectomy in Patients with Pelvic Organ Prolapse,Karram M,Karram M,Karram M,Pelvic Organ Prolapse,NA,2013,01,crossref,AAGL2017_033
10.26226/morressier.59b63e41d462b802923895f1,Effect of vaginal pessary in treatment of concomitant symptoms of pelvic organ prolapse,Bastani P,Bastani P,Bastani P,NA,NA,NA,01,crossref,AAGL2017_033
10.1016/b978-1-4160-6266-0.00008-3,Surgical Management of Anterior Vaginal Wall Prolapse,Maher C,Karram M,Maher C; Karram M,Pelvic Organ Prolapse,NA,2013,01,crossref,AAGL2017_033
10.1016/b978-1-4160-6266-0.00007-1,Surgical Management of Apical Vaginal Wall Prolapse,Maher C,Karram M,Maher C; Karram M,Pelvic Organ Prolapse,NA,2013,01,crossref,AAGL2017_033
10.1201/9780429401183-2,Pessaries for Pelvic Organ Prolapse,Moen M,Wright A,Moen M; Wright A,Vaginal Pessaries,NA,2019,11,crossref,AAGL2017_033
10.31525/ct1-nct03875989,Vaginal Native Tissues Repair for Pelvic Organ Prolapse,,, ,Case Medical Research,NA,2019,03,crossref,AAGL2017_033
10.1097/spv.0000000000001293,Vaginal Pessary Use and Management for Pelvic Organ Prolapse,,,,Urogynecology,"
            Abstract
            Over the past 50 years, pessary use has increased in popularity and has become an essential pelvic organ prolapse (POP) management tool. However, evidence is lacking to define care standardization, including pessary fitting, routine maintenance, and management of pessary-related complications. This clinical consensus statement (CCS) on vaginal pessary use and management for POP reflects statements drafted by content experts from the American Urogynecologic Society and Society of Urologic Nurses and Associates. The purpose of this CCS is to identify areas of expert consensus and nonconsensus regarding pessary fitting, follow-up, and management of pessary complications to improve the safety and quality of care where evidence is currently limited. The American Urogynecologic Society and Society of Urologic Nurses and Associates' vaginal pessary for POP writing group used a modified Delphi process to assess statements that were evaluated for consensus after a structured literature search. A total of 31 statements were assessed and divided into 3 categories: (1) fitting and follow-up, (2) complications, and 3) quality of life. Of the 31 statements that were assessed, all statements reached consensus after 2 rounds of the Delphi survey. This CCS document hopefully serves as a first step toward standardization of pessary care, but the writing group acknowledges that improved research will grow the base of knowledge and evidence providing clinicians a foundation to manage pessary care effectively and confidently.
          ",2023,01,crossref,AAGL2017_033
10.1007/978-981-33-4446-4_9,Peritoneal closure,Jain A,Jain A,Jain A,Robotic Sacrocolpopexy,NA,2020,01,crossref,AAGL2017_033
10.1097/mou.0000000000000266,Vaginal pessaries for treatment of pelvic organ prolapse in elderly women,Griebling T,Griebling T,Griebling T,Current Opinion in Urology,NA,2016,03,crossref,AAGL2017_033
10.21203/rs.3.rs-3109505/v1,"Vaginal microflora following the usage of disposable home-use vaginal device, and commercially available ring pessary for pelvic organ prolapse management: A randomized controlled trial",Ziv E,Erlich T,Ziv E; Keller N; Erlich T,NA,"Abstract
        Purpose
To investigate whether ProVate™, a novel, disposable, self-inserted vaginal device for pelvic organ prolapse management, clinically affects the vaginal microflora, as compared with a commercially available ring pessary, in order to assess its microbiological safety.
Methods
This interventional, prospective, multi-center, open-label, randomized, controlled, statistically powered (non-inferiority), home-use, cross-over study was conducted at seven sites. Participants were randomized into either group A (using ProVate™ and then a new reusable commercially available ring pessary [control]) or B (using control device and then ProVate™) with a 1:1 ratio. Primary endpoint was based on meeting one of the failure criteria: significant change in Lactobacillus spp., Gardnerella vaginalis, Candida morphotypes, or Staphylococcus aureus levels compared to the baseline (significant change: Nugent score ≥ 7 or &gt; 1 scale unit increase in S. aureus or Candida morphotype), bothersome vaginal symptoms, or symptoms requiring treatment.
Results
The study included 58 participants (mean age: 64.5 years, 91.4% post-menopausal). The failure rate was 15.5% for ProVate™ and control groups while using 383 ProVate™ devices over 1,647 days or one control device throughout the study. Two patients had bothersome vaginal complaints and one had vaginal infection in the control group, but no such cases were observed in the ProVate™ group.
Conclusion
The primary endpoint of possible vaginal microbial changes, bothersome vaginal symptoms, or treatment-requiring vaginal complaints while using ProVate™ was successfully met. Our findings show that the vaginal microflora is comparable when using either ProVate™ or commercially available ring pessary (control) with a relatively low rate of vaginal infections.
Trial registration details
ClinicalTrials.gov;",NA,01,crossref,AAGL2017_033
10.1007/s00192-021-04821-y,Effect of vaginal estrogen in postmenopausal women using vaginal pessary for pelvic organ prolapse treatment: a randomized controlled trial,Chiengthong K,Bunyavejchevin S,Chiengthong K; Ruanphoo P; Chatsuwan T; Bunyavejchevin S,International Urogynecology Journal,NA,2022,07,crossref,AAGL2017_033
10.53555/xc4q1m76,COMPARATIVE OUTCOME BETWEEN VAGINAL AND ABDOMINAL APPROACHES IN PELVIC ORGAN PROLAPSE SURGERY,Dr Shazia D,Dr Shazia D,Dr Shazia D,Journal of Population Therapeutics and Clinical,NA,2025,02,crossref,AAGL2017_033
10.1097/spv.0000000000001774,Return to Baseline Activity Following Vaginal Pelvic Organ Prolapse Repair,Mowers E,Giugale L,Mowers E; Moalli P; Giugale L,Urogynecology,"
                    Importance
                    A lack of data on the time course of recovery following pelvic organ prolapse surgery limits evidence-based counseling.
                  
                  
                    Objectives
                    The objective of this study was to define the time course of recovery following vaginal native tissue prolapse repair and identify factors affecting recovery. We hypothesized that half of the patients would return to baseline activity by 6 weeks.
                  
                  
                    Study Design
                    This was a secondary analysis of a previously published randomized controlled trial of perioperative pain control for women ≥18 years undergoing vaginal native tissue prolapse repair under general anesthesia and an enhanced recovery after surgery protocol. The Activities Assessment Scale was used to quantify perioperative functional status. Our primary outcome was the proportion of participants returning to baseline activity at 1,2, 6, and 12 weeks postoperatively. Secondary outcomes included factors associated with recovery.
                  
                  
                    Results
                    
                      Sixty-five participants (aged: 69.1±10.2 years) undergoing vaginal apical prolapse procedures were included. More than half (52.3%) returned to their baseline activity by 1 week postoperatively, with 69.2%, 84.1%, and 93.6% returning to baseline activity by 2, 6, and 12 weeks, respectively. On final multivariable analysis, chronic obstructive pulmonary disease [OR: 0.02 (95% CI, 0.001–0.43),
                      P
                      &lt;0.05], total intraoperative morphine equivalents [OR: 0.89 (95% CI, 0.80–0.98),
                      P
                      &lt;0.05], and total postanesthesia care unit phase 2 morphine equivalents [OR: 0.72 (95% CI, 0.52–0.99),
                      P
                      &lt;0.05] were negatively associated with 6-week recovery.
                    
                  
                  
                    Conclusions
                    In women undergoing apical vaginal prolapse repair, &gt;50% recovered baseline functional activity by 1 week, and &gt;80% recovered by 6 weeks.
                  ",2025,11,crossref,AAGL2017_033
10.13188/2332-3442.1000011,Can Vaginal Hysterectomy be Left for the Treatment of Advanced Stage of Pelvic Organ Prolapse?,,,,Journal of Andrology and Gynaecology,NA,2014,01,crossref,AAGL2017_033
10.26226/morressier.59b63e40d462b802923893ea,Willingness of postmenopausal women to participate in a study involving local vaginal oestrogen treatment as an adjunct to pelvic organ prolapse surgery - LOTUS feasibility trial,Sara T,Sara T,Sara T,NA,NA,NA,01,crossref,AAGL2017_033
10.21203/rs.2.11058/v2,Online reported women's experiences of symptomatic pelvic organ prolapse after vaginal birth,Mirskaya M,Carlsson I,Mirskaya M; Lindgren E; Carlsson I,NA,"Abstract
        Background: Pelvic organ prolapse (POP) is a major public health problem with a relative high lifetime risk of surgery. The main risk factor for developing POP is vaginal birth. Many women become symptomatic later in life and most of the existing research on symptomatic pelvic organ prolapse (sPOP) predominantly concentrates on the effects of the condition on postmenopausal women. However, bothersome symptoms of POP can be reported as early as in women’s 20s and may occur shortly after vaginal birth. Limited studies provide an insight into daily life of fertile women with sPOP. Thus, we aimed to explore fertile women's experiences of symptomatic pelvic organ (sPOP) after vaginal birth. Methods: An inductive, text-driven approach was taken by selecting thread posts from an internet forum written by 33 Swedish fertile women who had experienced sPOP after vaginal birth. Results: The overarching theme “being irreparably damaged” was identified as representing an experience of being disabled by sPOP after vaginal birth. The fertile women experienced that their lives were ruined because of physical and psychological limitations caused by this unexpected, unfamiliar and unexplained condition. Living with sPOP impinged on sexual health, restricted daily and sports activities and affected the women´s ability to fulfill everyday parental duties. This in turn compromised women’s psychological health. In addition, the negligence of healthcare professionals who tended to trivialize and normalize the symptoms led to the belief that there were no sustainable treatments and that women would have to live with bothersome symptoms of POP for rest of their lives. Conclusions: This study found that sPOP had a significant negative impact on fertile women’s lives. The women indicated that they had not had the opportunity to voice their concerns and had not been taken seriously by healthcare professionals. It is of the utmost importance to acknowledge this problem and develop guidelines for prevention and management of sPOP to improve the quality of life for women.",NA,01,crossref,AAGL2017_033
10.22541/au.164864289.95628436/v1,Clinical study on the treatment of pelvic organ prolapse by laparoscopic sacroopexy or vaginal sacrospinous ligament fixation,Xia J,Li C,Xia J; yang j; Wang W; Wei B; Fu L; Zhang L; Song E; Li C,NA,"Objective To study the clinical efficiency of laparoscopic sacroopexy
and vaginal sacrospinous ligament fixation in the treatment of pelvic
organ prolapse. Design Retrospective analysis of clinical cases Setting
China Population or sample A total of 115 patients admitted to the
Second Affiliated Hospital of Anhui Medical University from April 2015
to October 2019. Methods According to different surgical methods, they
were divided into two groups. Statistical analysis was performed on the
general condition, intraoperative condition, postoperative follow-up
subjective recovery and postoperative complications of the enrolled
patients. Main outcome measures Clinical efficacy of two different
surgical methods in the treatment of pelvic organ prolapse. Results The
general information (age,pregnancy history, delivery history, the time
of menopause, BMI) and clinical POP-Q stage of the patients were
compared, and the results showed that there are no statistically
significant difference (P &gt; 0.05). Compared with the LSC
group, SSLF group showed significant statistical differences in
operation time, intraoperative blood loss, postoperative retention time
of urinary catheter, and total cost of hospitalization (P
&lt;0.05). The difference of hemoglobin between the SSLF group
and the LSC group was statistically significant (P &lt;0.001). In
postoperative follow-up, the subjective total cure rate of SSLF and LSC
was 95.89% and 86.11% respectively. There was no statistical
difference in the subjective cure rate between the two surgical methods
(x2 =3.390, P=0.066). Conclusion During the intraoperative and
postoperative follow-up, there were statistical differences in multiple
factors, indicating that there are differences between the two surgical
methods in clinical treatment.",NA,01,crossref,AAGL2017_033
10.26717/bjstr.2021.37.006059,Treatment of Pelvic Organ Prolapse with “Vaginal Laser”– A Mini-Review of the Literature,Degirmenci Y,Degirmenci Y,Degirmenci Y,Biomedical Journal of Scientific &amp; Technical Research,NA,2021,08,crossref,AAGL2017_033
10.1007/978-981-33-4446-4_2,Dissection at vaginal end,Jain A,Jain A,Jain A,Robotic Sacrocolpopexy,NA,2020,01,crossref,AAGL2017_033
10.1016/j.jmig.2017.08.047,Entry Into the Peritoneal Cavity in Post-Hysterectomy Prolapse,Bretschneider C,Walters M,Bretschneider C; Jallad K; Lange P; Karram M; Walters M,Journal of Minimally Invasive Gynecology,NA,2017,11,crossref,AAGL2017_034
10.1016/j.ajog.2016.12.055,5: Various methods of entry into the peritoneal cavity in post-hysterectomy prolapse,Bretschneider C,Walters M,Bretschneider C; Jallad K; Lang P; Karram M; Walters M,American Journal of Obstetrics and Gynecology,NA,2017,03,crossref,AAGL2017_034
10.5005/jp/books/12873_32,Post Hysterectomy Vault Prolapse and Management,Ramesh B,A C,Ramesh B; A C,Textbook and Atlas of Laparoscopic Hysterectomy,NA,2016,01,crossref,AAGL2017_034
10.1007/s00192-017-3267-x,Entry into the peritoneal cavity in posthysterectomy prolapse: an educational video,Bretschneider C,Walters M,Bretschneider C; Jallad K; Lang P; Karram M; Walters M,International Urogynecology Journal,NA,2017,08,crossref,AAGL2017_034
10.1016/j.maturitas.2017.07.011,Post-hysterectomy vaginal vault prolapse,Robinson D,Cardozo L,Robinson D; Thiagamoorthy G; Cardozo L,Maturitas,NA,2018,01,crossref,AAGL2017_034
10.1186/isrctn49166896,Abdominal versus vaginal surgery in the management of post hysterectomy vault prolapse: a randomised controlled study,Stanton S,Stanton S,Stanton S,http://isrctn.org/&gt;,NA,NA,01,crossref,AAGL2017_034
10.31525/ct1-nct04172896,Intraperitoneal and Extraperitoneal Uterosacral Ligament Suspensions for Post-Hysterectomy Vaginal Vault Prolapse,,, ,Case Medical Research,NA,2019,11,crossref,AAGL2017_034
10.1201/9781003648543-34,GTG Post-Hysterectomy Vaginal Vault Prolapse (PHVP),Bhalla R,Bhalla R,Bhalla R,"Critical Sources in Gynecology, Volume 1",NA,2025,11,crossref,AAGL2017_034
10.1007/978-3-319-22497-8_120,Hysterectomy Techniques in Prolapse Situations,Jeffery S,Jeffery S,Jeffery S,Hysterectomy,NA,2018,01,crossref,AAGL2017_034
10.15406/ogij.2016.05.00150,Bilateral Round Ligament Suspension (RLS) of the Vaginal Vault During Total Abdominal Hysterectomy (TAH) or Total Laparoscopic Hysterectomy (TLH) to Prevent Post Hysterectomy Vault Prolapse (PHVP) – An Innovative Surgical Technique,Paul S,Paul S,Paul S,Obstetrics &amp; Gynecology International Journal,NA,2016,09,crossref,AAGL2017_034
10.5005/jp/books/12309_5,Vaginal Hysterectomy for Genital Prolapse,Dhungat P,Dhungat N,Dhungat P; Dhungat V; Dhungat N,Vaginal Hysterectomy,NA,2014,01,crossref,AAGL2017_034
10.1007/978-3-319-22497-8_66,Robotic-Assisted Total Hysterectomy: Hysterectomy Techniques in Prolapse Situations,Matanes E,Lowenstein L,Matanes E; Lauterbach R; Lowenstein L,Hysterectomy,NA,2018,01,crossref,AAGL2017_034
10.7759/cureus.46096,An Unusual Case of Peritoneovaginal Fistula With Fimbrial Prolapse in a Post-hysterectomy Woman,Halder A,KS S,Halder A; Gautam G; Dhubey K; KS S,Cureus,NA,2023,09,crossref,AAGL2017_034
10.5772/intechopen.101385,Management of Vaginal Vault Prolapse after Hysterectomy,Shabaya Miheso J,Shabaya Miheso J,Shabaya Miheso J,"Hysterectomy - Past, Present and Future","Pelvic organ prolapse is described as the symptomatic downwards displacement of pelvic organs through the vagina. The incidence of pelvic organ prolapse is difficult to ascertain, but it is said to affect up to 50% of women worldwide over their lifetime. Majority are asymptomatic, but some will complain of a feeling of something coming down their vagina, discomfort, ‘sitting on a ball’, pelvic pressure or back pain. It has a huge impact on the quality of life of individuals and also has an economic impact on the patients and healthcare systems. Risk factors include vaginal births, age. Race menopause, increased intra-abdominal pressure and pelvic surgery including hysterectomy. Assessment of prolapse entails evaluation of bowel, bladder and sexual function. Treatment may take a conservative approach with pelvic floor muscle training before surgery is undertaken. The choice of treatment and route of surgery are individualized to each patient. Post hysterectomy prolapse presents even greater challenges and thorough patient assessment and counselling is essential. The surgeon must have the right skills and choose the right operation to ensure optimal outcome. The surgery itself can be undertaken vaginally or abdominally (open, laparoscopic or robotic), by use of native tissue or mesh and ideally in a multidisciplinary set up.",2022,09,crossref,AAGL2017_034
10.1007/s40944-016-0093-x,Post-hysterectomy Fallopian Tube Prolapse,Vasnik G,Madakshira M,Vasnik G; Madakshira M,Indian Journal of Gynecologic Oncology,NA,2016,11,crossref,AAGL2017_034
10.1007/978-3-319-22497-8_38,Laparoscopic Assisted Vaginal Hysterectomy in Prolapse Situations,Kuo H,Lee C,Kuo H; Lee C,Hysterectomy,NA,2018,01,crossref,AAGL2017_034
10.5005/jp/books/18027_7,Vault Prolapse,Doshi H,Doshi H,Doshi H,Manual of Vaginal Hysterectomy,NA,2018,01,crossref,AAGL2017_034
10.3410/f.718524874.793498380,Faculty Opinions recommendation of A randomised controlled trial of abdominal versus laparoscopic sacrocolpopexy for the treatment of post-hysterectomy vaginal vault prolapse: LAS study.,Robinson D,Robinson D,Robinson D,Faculty Opinions – Post-Publication Peer Review of the Biomedical Literature,NA,2014,08,crossref,AAGL2017_034
10.1016/j.ajog.2017.12.152,27: Vaginal hysterectomy: Techniques for peritoneal entry,Gillingham A,Lewicky-Gaupp C,Gillingham A; DeLancey J; Kenton K; Lewicky-Gaupp C,American Journal of Obstetrics and Gynecology,NA,2018,02,crossref,AAGL2017_034
10.20473/mog.v29i12021.28-35,Prevention of vaginal vault prolapse occurrences post vaginal and abdominal hysterectomy. An evidence based case report.,Djusad S,Djusad S,Djusad S,Majalah Obstetri &amp; Ginekologi,"Objectives: To determine efficacy of the procedures which were performed during hysterectomy in preventing any complication, in the form of vaginal vault prolapse.Materials and Methods: Articles were searched through the databases, such as PubMed, Scopus, EBSCO-host, and Cochrane Library; resulting in three full text articles which were relevant to be critically reviewed. Those articles then were critically reviewed based on validity, importance, and applicability based on critical review tools from University of Oxford Centre-for Evidence Based Medicine (CEBM) 2011.Results: Findings from the articles showed that prevention procedures during hysterectomy such as McCall culdoplasty, Shull suspension, laparoscopic USP and ULS were effective in preventing future vaginal vault prolapse in women who underwent hysterectomy. Among the four procedures; McCall culdoplasty and Shull suspension provide the highest efficacy as prevention procedures. Other than that, both methods were capable to increase quality of life and sexual function post hysterectomy.Conclusion: Vaginal vault prolapse prevention procedures such as McCall culdoplasty, Shull suspension, laparoscopic USP and ULS were effective in preventing a vaginal vault prolapse. However, additional literatures are needed to support the utilization of these methods in clinical setting.",2021,04,crossref,AAGL2017_034
10.1016/j.jmig.2017.08.048,Laparoscopic Management of Gynecologic Benign Bladder Tumors-Leiomyoma and Endometriosis,Andou M,Oyama K,Andou M; Ebisawa K; Nakajima S; Shirane A; Kojima R; Oyama K,Journal of Minimally Invasive Gynecology,NA,2017,11,crossref,AAGL2017_035
10.1016/j.gore.2018.08.009,Case of pulmonary benign metastasizing leiomyoma from synchronous uterine leiomyoma in a postmenopausal woman,Jo H,Baek J,Jo H; Baek J,Gynecologic Oncology Reports,NA,2018,11,crossref,AAGL2017_035
10.1007/978-3-319-96122-4_50,Benign Esophageal and Gastric Tumors: Laparoscopic Management of Benign Submucosal Tumors,Kitamura R,Jacob B,Kitamura R; Jacob B,The SAGES Manual of Foregut Surgery,NA,2019,01,crossref,AAGL2017_035
10.7759/cureus.41135,Diagnosis of Appendiceal Neuroendocrine Tumors Following Incidental Appendectomy During Benign Gynecologic Laparoscopic Surgeries: A Case Series,Altshuler P,Schultze P,Altshuler P; Schultze P,Cureus,NA,2023,06,crossref,AAGL2017_035
10.1002/9781118298565.ch79,Laparoscopic Removal of Rectovaginal Endometriosis,Lam A,Lam A,Lam A,Gynecologic and Obstetric Surgery,NA,2016,02,crossref,AAGL2017_035
10.5005/jp/books/12885_34,Solid benign tumors,Chaudhry I,Merchant W,Chaudhry I; Merchant W,"Gynecologic Dermatology: Symptoms, Signs and Clinical Management",NA,2016,01,crossref,AAGL2017_035
10.1515/9783110351972-005,"1. Variants of leiomyoma (angio- and lipoleiomyoma, cotyledonoid and cellular leiomyoma, leiomyoma with bizarre nuclei, mitotically active, epithelioid and myxoid leiomyoma), smooth muscle tumors with uncertain malignant potential (atypical smooth muscle tumors), disseminated peritoneal leiomyomatosis, benign metastasizing leiomyoma, intravenous leiomyomatosis",Köhler G,Evert M,Köhler G; Evert K; Zygmunt M; Evert M,Smooth muscle and stromal tumors and prevention of inadequate surgery,NA,2016,11,crossref,AAGL2017_035
10.18678/dtfd.596713,Mesanenin Nadir Benign Neoplazmı: Mesane Leiomyomu,BABA D,KAYIKÇI M,BABA D; BAŞARAN E; KAYIKÇI M,Düzce Tıp Fakültesi Dergisi,"Mesanenin benign mezenşimal lezyonları oldukça nadirdir ve tüm mesane tümörlerinin %1-5’inin oluştururlar. Bunların içinde de en sık leiomyoma saptanmaktadır. Benign lezyonlar radyolojik olarak maling kitleleri taklit etmesi nedeniyle klinik öneme sahiptir. Tanı radyolojik tetkiklerle kitlenin saptanması ve sonrasında yapılan cerrahi eksizyon ya da biyopsi ile histopatolojik olarak konulmaktadır. Ekstravezikal ve intramural form sistoskopik olarak saptanamayabilirken intravezikal leiomyomlar sistoskopi ile saptanabilir. Sistoskopi sırasında mesane içinde protrüde, kısmen düzgün sınırlı ve yüzeyi mesane mukozası ile kaplı lezyonlar görüldüğünde mesane leiomyomu ayırıcı tanıda düşünülmelidir. 44 yaşında kliniğimize irridatif semptomlarla tarafımıza başvuran ve mikroskopik hematüri saptanan erkek hastada mesanede 2x2 cm kitle saptandı. Minimal invaziv tedavi (TUR-mesane) sonrasında leiomyoma tanısı konulan vaka sunulmaktadır.",2019,12,crossref,AAGL2017_035
10.1007/978-3-030-58710-9_35,Benign Metastasizing Leiomyoma,Mocellin S,Mocellin S,Mocellin S,Soft Tissue Tumors,NA,2021,01,crossref,AAGL2017_035
10.1016/j.gore.2021.100893,"Benign metastasizing leiomyoma, a rare imposter of metastatic cervical cancer",Whang S,Rushing R,Whang S; Gholson M; Rushing R,Gynecologic Oncology Reports,NA,2021,11,crossref,AAGL2017_035
10.26226/morressier.5f86dad46934880e60c0a9c0,PREVALENCE AND RISK FACTORS OF COEXISTING ENDOMETRIOSIS IN WOMEN UNDERGOING LAPAROSCOPIC MYOMECTOMY FOR SYMPTOMATIC LEIOMYOMA AND SUBFERTILITY,van der Does L,van der Does L,van der Does L,NA,NA,NA,01,crossref,AAGL2017_035
10.1002/9781119707677.ch5,Benign Epithelial Tumors,,,,Bladder Pathology,NA,2025,03,crossref,AAGL2017_035
10.1016/j.jmig.2012.08.741,Laparoscopic Management of Infiltrating Bladder Endometriosis,Kondrup J,Kondrup J,Kondrup J,Journal of Minimally Invasive Gynecology,NA,2012,11,crossref,AAGL2017_035
10.1016/j.jmig.2013.08.172,Laparoscopic Management of Complex Bladder Issues: Cervico-Vesical Fistula &amp; Bladder Endometriosis,Munshi S,Patel P,Munshi S; Patel P,Journal of Minimally Invasive Gynecology,NA,2013,11,crossref,AAGL2017_035
10.1007/978-3-319-63429-6_8,Robotic-Assisted Video Laparoscopic Management of Genital and Extragenital Endometriosis,Nezhat C,Li A,Nezhat C; Falik B; Li A,Textbook of Gynecologic Robotic Surgery,NA,2018,01,crossref,AAGL2017_035
10.5005/jp/books/12892_23,Management of adnexal tumors,Puga M,Miranda I,Puga M; Miranda I,"Minimally Invasive Gynecologic Surgery: Evidence-Based Laparoscopic, Hysteroscopic and Robotic Procedures",NA,2016,01,crossref,AAGL2017_035
10.1007/978-981-19-7696-4_12-1,Endometriosis and Endometriosis-Associated Tumors,Simmen R,Zheng W,Simmen R; Quick C; Zheng W,Gynecologic and Obstetric Pathology,NA,2024,01,crossref,AAGL2017_035
10.1089/gyn.2017.0051,Laparoscopic Management of Leiomyoma Arising from Müllerian Remnant in Mayer–Rokitansky–Küster–Hauser Syndrome,Karthik S,Kriplani A,Karthik S; Mahey R; Kachhawa G; Kriplani A,Journal of Gynecologic Surgery,NA,2017,12,crossref,AAGL2017_035
10.1007/978-981-97-4822-8_12,Endometriosis and Endometriosis-Associated Tumors,Simmen R,Zheng W,Simmen R; Quick C; Zheng W,Gynecologic and Obstetric Pathology,NA,2025,01,crossref,AAGL2017_035
10.1007/978-3-030-58710-9_146,Leiomyoma,Mocellin S,Mocellin S,Mocellin S,Soft Tissue Tumors,NA,2021,01,crossref,AAGL2017_035
10.1016/j.jmig.2018.09.063,Immunohistochemical Predictive Factors for Recurrence of Ovarian Endometrioma after Laparoscopic Excision,Pshenichnyuk E,Zaytsev N,Pshenichnyuk E; Asaturova A; Adamyan L; Stepanian A; Zaytsev N,Journal of Minimally Invasive Gynecology,NA,2018,11,crossref,AAGL2018_057
10.17116/repro201824297-107,Predictive factors of ovarian endometrioma recurrence after laparoscopic excision: risk factors and prevention,Pshenichnyuk E,Zaytsev N,Pshenichnyuk E; Asaturova A; Adamyan L; Zaytsev N,Problemy reproduktsii,NA,2018,01,crossref,AAGL2018_057
10.1111/jog.12164,Recurrence of ovarian endometrioma after laparoscopic excision: Risk factors and prevention,Ouchi N,Takeshita T,Ouchi N; Akira S; Mine K; Ichikawa M; Takeshita T,Journal of Obstetrics and Gynaecology Research,"AbstractAimThe aim of this study was to assess the cut‐off age of the risk factors for postoperative recurrence of ovarian endometriomas and to evaluate the end‐points of follow‐up after laparoscopic excision of ovarian endometriomas.Material and MethodsWe retrospectively reviewed 167 patients who underwent laparoscopic excision of ovarian endometriomas at our hospital between 2000 and 2009, and followed up the patients until 2010. Following surgery, patients chose to receive gonadotrophin‐releasing hormone agonist, oral contraceptive pills (OCP), dienogest, or no medication and underwent regular ultrasonographic examinations. Potential risk factors for recurrence, including age at surgery, were assessed in the patients receiving no medication. Postoperative recurrence, defined as re‐appearance of an ovarian endometrioma &gt; 2 cm in size, was assessed for each treatment group.ResultsAge at surgery was the only significant risk factor for recurrence, at a cut‐off of 32 years, obtained through receiver–operator curve analysis. In patients not receiving medication, the recurrence rate gradually increased up to 50% over 5 years; there was no recurrence 5 years after surgery. Although no recurrence was seen in patients during continuous treatment with OCP or dienogest, the disease recurred in 55.5% of patients after discontinuing OCP.ConclusionsAlthough adjuvant therapy for all patients may represent overtreatment, the findings of the present study suggest that, in the interest of fertility preservation, continuous postoperative hormonal treatment should be administered, at least to patients younger than 32 years. In patients who decline hormonal treatment, we recommend that they undergo follow‐up for recurrence until 5 years after surgery.",2014,01,crossref,AAGL2018_057
10.2741/e648,Recurrence of endometrioma after laparoscopic excision and its prevention by medical management,Koga K,Koga K,Koga K,Frontiers in Bioscience,NA,2013,01,crossref,AAGL2018_057
10.1016/j.jmig.2016.06.008,Barbed Versus Conventional Suture: A Randomized Trial for Suturing the Endometrioma Bed After Laparoscopic Excision of Ovarian Endometrioma,Fouda U,Elshaer H,Fouda U; Elsetohy K; Elshaer H,Journal of Minimally Invasive Gynecology,NA,2016,09,crossref,AAGL2018_057
10.22541/au.167569743.30584462/v1,The optimal time for laparoscopic excision of ovarian endometrioma: a prospective randomized controlled trial,Lin T,lin y,Lin T; wu q; Yang Q; lin y,NA,"Objective: The purpose of this study was to explore the optimal time of
laparoscopic cystectomy for unilateral ovarian endometrioma patients and
to evaluate the influence on the ovarian reserve. Design: Prospective
randomized controlled study. Setting: University hospital Population or
Sample：88 patients received their first identified diagnosis of ovarian
endometrioma by ultrasound (&gt;4 cm) and were given oral
contraceptive pills (OCP, drospirenone and ethinylestradiol) for one
cycle before laparoscopy. Methods：Randomly divided into two groups:
laparoscopy at Late luteal phase (group LLP) (n=44): Termination of OCP
for 2 days; and laparoscopy at Early follicular phase (group EFP)
(n=44): Day 3 after menstruation. Main Outcome Measure(s): Serum
Anti-Müllerian hormone (AMH) and Leukocyte esterase (LE) levels of
endometrioma wall were measured. Assessment of ovarian reserve damage
based on alterations in the serum AMH levels after unilateral ovarian
endometrioma surgery. Result(s): Preoperative serum AMH levels of both
group decreased from preoperative to post-operative 1 week and
post-operative 6 months, while difference values of group EFP were
larger than those of group LLP at post-operative 1 week and
post-operative 6 months respectively(1.87±0.97 vs 1.31±0.93, P＜0.01;
1.91±1.06 vs 1.54±0.93, P＜0.01)；the mean rates of post-operative serum
AMH decline were 37.92% and 46.34% in group EFP respectively, which
were significantly higher than those of group LLP (25.83% vs
31.43%，P＜0.01). Ovarian endometrioma wall AMH of group LLP was
significantly lower than that of group EFP ([22.86±3.74] vs
[31.02±5.23], P＜0.01)；While ovarian endometrioma LE concentration
of group LLP was significantly higher than that group
EFP([482.83±115.88] vs [371.68±84.49], P＜0.01). And significant
negative correlation between leukocyte esterase and AMH concentration in
the cyst wall of ovarian endometrioma (r=-0.564，P＜0.01).
Conclusion(s): The optimal time for laparoscopic cystectomy for
patients with first identified unilateral ovarian endometrioma is late
luteal phase, which reduces ovarian tissue loss and preserves ovarian
reserve effectively and safely.",NA,01,crossref,AAGL2018_057
10.21203/rs.3.rs-36206/v1,Influence of Cyst Size on Ovarian Reserve After Unilateral Laparoscopic Ovarian Cystectomy for Endometrioma and Ovarian Mature Teratoma.,Chae H,Chae H,Chae H,NA,"Abstract
        Background:The present study is aimed to investigate the influence of ovarian cyst size on serum anti-Müllerian hormone levels after laparoscopic ovarian cystectomy in women with endometrioma and ovarian mature teratomaMethods: From March 2017 to December 2018, we retrospectively studied eighty-one patients who underwent unilateral laparoscopic cystectomy for endometrioma (n = 41, endometrioma group) and ovarian mature cystic teratoma (n = 40, teratoma group). Serum anti-Müllerian hormone (AMH) levels were measured preoperatively and 1 month after surgery.Results: The rate of decrease in serum AMH levels after laparoscopic cystectomy was significantly higher in the endometrioma group than in the teratoma group (0.35 ± 0.04% vs. 0.19 ± 0.04%, p = 0.013). In patients with mature cystic teratoma, a statistically significant correlation between the rate of decrease in serum AMH levels and cyst size was observed (r = 0.391, p = 0.013); the rate of decrease in serum AMH levels after surgery was significantly higher in the &gt; 5.13 cm subgroup than in the ≤ 5.13 cm subgroup (p = 0.006). Conclusions: Laparoscopic cystectomy for endometriomas may result in a more significant damage to the ovarian reserve compared with that for ovarian mature cystic teratomas. Cyst diameter and reduced ovarian reserve after surgery were not correlated in patients with endometriomas, whereas a significant correlation was observed in patients with ovarian mature teratomas. The decrease in AMH levels was more evident in patients with a mature teratoma &gt; 5.13 cm.",NA,01,crossref,AAGL2018_057
10.1016/j.jmig.2019.09.172,1355 To Evaluate the Difference of the Efficacy of Usual Cyclic Low-Dose Monophasic Oral Contraceptive (OC) Versus Dienogest (DNG) Hormonal Therapy in the Recurrence of after Laparoscopic Excision of Ovarian Endometrioma,Takashima A,Kinoshita T,Takashima A; Kinoshita T,Journal of Minimally Invasive Gynecology,NA,2019,11,crossref,AAGL2018_057
10.4103/jmas.jmas_350_23,Ovarian endometrioma recurrence after laparoscopic surgery: First assessment of ACSAP predicting score,Niu C,Zhang L,Niu C; Bai X; Gui X; Liang Y; Zhang L,Journal of Minimal Access Surgery,"Abstract
          
            Purpose:
            We aimed to develop and validate a predictive score to estimate the post-operative recurrence risk after laparoscopic excision of ovarian endometrioma (OMA).
          
          
            Patients and Methods:
            The prediction score was developed using a training set comprising 431 patients with OMA who underwent laparoscopic surgery at our institution between January 2015 and September 2017. A follow-up period of at least 5 years was required. Clinical data were entered into least absolute shrinkage and selection operator (LASSO) regression to build a scoring system that predicted OMA recurrence. A testing set containing 185 patients from October 2017 to October 2018 was used to assess its performance.
          
          
            Results:
            Based on LASSO regression, the final score (ACSAP score) included five clinical predictors (0–15 points): Age, cyst size, previous surgery for OMA, revised American Society for Reproductive Medicine stage and post-operative pregnancy. The area under the curve values of the score were 0.741 (0.765) and 0.727 (0.795) for predicting 3-year and 5-year OMA recurrence, respectively, in the training (testing) set. The score stratified patients into three risk groups in both sets, with significant differences in the 5-year recurrence rates (low-risk, 5.3% [0%]; intermediate-risk, 20.2% [16.5%] and high-risk, 48.0% [36.5%]; P &lt; 0.001). Moreover, patients in the intermediate- and high-risk groups exhibited a significant reduction in the 5-year cumulative recurrence following a minimum of 15-month post-operative medical treatment (both P &lt; 0.05).
          
          
            Conclusions:
            The ACSAP score may be a concise and useful tool for identifying patients with a higher risk of OMA recurrence after surgery who might receive long-term post-operative medical treatment.
          ",2025,01,crossref,AAGL2018_057
10.4103/jmisr.jmisr_20_18,Serum antimullerian hormone before and after laparoscopic excision of ovarian endometrioma,Elsemary Y,Aly R,Elsemary Y; G. Mostafa W; El Taher O; Mahmoud H; Aly R,Journal of Medicine in Scientific Research,NA,2018,01,crossref,AAGL2018_057
10.23880/oajg-16000106,Ovarian Endometrioma: Rate of Recurrence and Factors Correlated,Yela D,Yela D,Yela D,Open Access Journal of Gynecology,NA,2016,01,crossref,AAGL2018_057
10.31525/ct1-nct04151173,Assessment of Ovarian Reserve After Laparoscopic Cystectomy Versus Aspiration/Electrocoagulation in the Treatment of Ovarian Endometrioma,,, ,Case Medical Research,NA,2019,11,crossref,AAGL2018_057
10.1007/s00404-021-06129-0,Risk factors for ovarian endometrioma recurrence following surgical excision: a systematic review and meta‑analysis,Jiang D,Nie X,Jiang D; Zhang X; Shi J; Tao D; Nie X,Archives of Gynecology and Obstetrics,NA,2021,09,crossref,AAGL2018_057
10.31083/j.ceog5110226,Factors Influencing Postoperative Recurrence and Live Birth Achievement after Laparoscopic Surgery for Ovarian Endometrioma: A Retrospective Study in a Regional Core Hospital,Arakaki R,Hayashi S,Arakaki R; Isono W; Fukuda H; Tanaka J; Minamino A; Hayashi S,Clinical and Experimental Obstetrics &amp; Gynecology,"Background: Ovarian endometrioma (OMA) is a common gynecological condition affecting women of reproductive age, often requiring laparoscopic surgery for removal. However, the management of OMA, including postoperative hormone therapy, is complex and must be tailored to the individual's conditions. Therefore, to provide meaningful insights, we aimed to analyze 10 years of accumulated data from patients who underwent laparoscopic surgery for OMA, with a primary focus mainly on postoperative OMA recurrence and live birth outcomes. Methods: We reviewed the medical records of 158 patients who underwent laparoscopic surgery for OMA, including total laparoscopic cystectomy (TLC) (79 patients), total laparoscopic adnexectomy (TLA) (62 patients), or both unilateral TLA and contralateral TLC (17 patients), between January 2014 and December 2023. Among the OMA patients, we identified 7 cases of postoperative OMA recurrence out of 158 patients, and 23 live births among 79 TLC patients. We performed a multivariate logistic regression analysis to assess the impact of each representative factor on postoperative OMA recurrence and live birth achievement. Results: The multivariate analyses of the 158 patients revealed that advance age and massive blood loss were significantly associated with an increased risk of postoperative OMA recurrence, while postoperative hormone treatment was associated with a decreased risk of recurrence. In the analysis of live birth achievement among the 79 TLC patients, advanced age, postoperative hormone treatment and cancer antigen 125 (CA125) positivity were significantly associated with a reduced likelihood of achieving live birth. Conclusions: Our data highlight the unfavorable effects of advanced age, massive blood loss and CA125 positivity on the outcomes of laparoscopic surgery for OMA. Additionally, postoperative hormone treatment was found to decrease postoperative OMA recurrence. These findings may offer more accurate information to guidance in selecting treatment options for patients with OMA.",2024,10,crossref,AAGL2018_057
10.5812/semj.92163,Sonographic Assessment of Ovarian Endometrioma Recurrence Six Months After Laparoscopic Cystectomy in Patients with Endometriosis,Modarresi M,Ahmadi-Pishkuhi M,Modarresi M; Mehdizadehkashi A; Chaichian S; Ataei M; Ahmadi-Pishkuhi M,Shiraz E-Medical Journal,NA,2019,10,crossref,AAGL2018_057
10.21203/rs.3.rs-2834252/v1,The Long-term Impact of Post-Operative Oral Contraceptive Recommendations After Laparoscopic Cystectomy of Endometrioma on the Incidence of Endometrioma Recurrence and Ovarian Cancer Development,Maki E,Osuga Y,Maki E; Takamura M; Koga K; Izumi G; Satake E; Takeuchi A; Makabe T; Haraguchi H; Harada M; Hirata T; Hirota Y; Wada-Hiraike O; Osuga Y,NA,"Abstract
        Background Previous studies have shown the ovarian carcinoma after laparscopic cystectomy of endometrioma arises through the recurrence of endometrioma. Then it can be assumed that reduction of ovarian endometrioma recurrence through postoperative medication can lead prevention of carcinogenesis. Therefore, this study aimed to evaluate the long-term impact of oral contraceptive (OC) recommendation after laparoscopic cystectomy of endometrioma on the incidence of endometrioma recurrence and ovarian cancer development.Methods This retrospective study included 546 patients who underwent laparoscopic cystectomy of ovarian endometrioma at a tertiary referral hospital to evaluate the OC recommendation following laparoscopic cystectomy of endometrioma introduced after the year 2005.Results This study included 218 patients in the pre-recommendation group and 328 patients in the post-recommendation group. Patient characteristics (age, gravida, parity at surgery, comorbidity of uterine fibroids and adenomyosis, revised American Society for Reproductive Medicine score, cyst size, and bilateral involvement) were comparable between the groups. Postoperative OC was recommended to be started and continued for at least 2 years in 3.2% of patients in the pre-recommendation group and 38.7% of patients in the post-recommendation group. The endometrioma recurrence rate was significantly lower in the post-recommendation group (3.8% per year) than in the pre-recommendation group (6.8% per year, p &lt; .001). The incidence of ovarian cancer was lower in the post-recommendation group (0.063% per year) than in the pre-recommendation group (0.248% per year), although this difference was not significant. None of the patients who had used OC for &gt; 2 years developed ovarian cancer.Conclusions Introduction of the postoperative OC recommendation after laparoscopy significantly reduced the recurrence rate of endometrioma, and tended to reduce the incidence of ovarian cancer.",NA,01,crossref,AAGL2018_057
10.1111/jog.12056,Effects of bipolar electrocoagulation versus suture after laparoscopic excision of ovarian endometrioma on the ovarian reserve and outcome of <i>in vitro</i> fertilization,Takashima A,Kinoshita T,Takashima A; Takeshita N; Otaka K; Kinoshita T,Journal of Obstetrics and Gynaecology Research,"AbstractAimThe aim of this study was to assess the effect of coagulation versus suture used for hemostasis during laparoscopic excision of a unilateral endometrioma for outcome of in vitro fertilization (IVF).Material and MethodsThis retrospective study was set in a university hospital. A total of 44 sterile patients underwent laparoscopic excision of a unilateral ovarian endometrioma. Bipolar electrocoagulation was performed for hemostasis in 21 patients and the remaining 23 patients underwent suturing. Samples of blood were taken on day 3 of menstruation before the operation. Serum levels of anti‐Müllerian hormone, follicle‐stimulating hormone and estradiol were measured. Number of antral follicles, follicular flushings, oocytes retrieved, and embryos were counted and the outcomes of IVF were recorded.ResultsNo significant differences in the serum levels of any of the hormones were found between the pre‐ and postoperative samples, in either group. The mean antral follicle count, number of follicular flushings, oocytes retrieved and embryos obtained were significantly lower in the treated ovary as compared with the corresponding values in the contralateral intact ovary in the suture group. The pregnancy rates were similar in the two groups.ConclusionsThere was no difference in the outcome of IVF between the two different methods of hemostasis.",2013,07,crossref,AAGL2018_057
10.5455/aim.2014.22.371-373,Ovarian Reserve After Laparoscopic Treatment of Unilateral Ovarian Endometrioma,Georgievska J,Vasilevska K,Georgievska J; Sapunov S; Cekovska S; Vasilevska K,Acta Informatica Medica,NA,2014,01,crossref,AAGL2018_057
10.21608/bmfj.2024.306368.2144,Saline containing vasopressin in laparoscopic excision of ovarian endometrioma,Sadek S,Saber A,Sadek S; Elnashar A; abd elhamid a; Saber A,Benha Medical Journal,NA,2024,09,crossref,AAGL2018_057
10.17116/rosakush2022220616,Risk factors for the development of ovarian endometrioma recurrence after surgical treatment in metropolitan areas,Chizhova A,Oboskalova T,Chizhova A; Mangileva Y; Kudryavtseva E; Oboskalova T,Rossiiskii vestnik akushera-ginekologa,NA,2022,01,crossref,AAGL2018_057
10.1016/j.jmig.2018.09.082,Performance of Endoscopic Simulation Skills among Ob/Gyn Residents,Lawn V,Martino M,Lawn V; Duarte J; Pero A; Faccaciano A; Patruno J; Martino M,Journal of Minimally Invasive Gynecology,NA,2018,11,crossref,AAGL2018_075
10.1097/01.aog.0000546672.02131.34,Low-Fidelity Cystoscopy Simulation in Ob/Gyn Residents and Skills Retention,Riano E,Movva V,Riano E; Banks E; To J; Lu C; Movva V,Obstetrics &amp; Gynecology,"
            Faculty Advisor:
            
                                 Erika Banks, MD
                              
          
          
            PURPOSE:
            To determine if cystoscopy skills and knowledge can be acquired and retained with a low-fidelity cystoscopy simulation.
          
          
            BACKGROUND:
            Cystoscopy training is done most commonly in the operating room on actual patients. The primary objective of this study was to evaluate whether low-fidelity cystoscopy simulation could help train residents and allow them to retain those skills outside of the operating room.
          
          
            METHODS:
            All residents in a community hospital underwent training, which consisted of pre/post training knowledge test, a 30 minute lecture, one hour simulation where the residents were able to practice assembling and performing cystoscopy on a low fidelity balloon simulator. Residents were then assessed on 1) their ability to assemble the cystoscope with a 10-point check list, the time needed to assemble the cystoscope and 2) their ability to perform a diagnostic cystoscopy via a check list, a Global Rate Scale (GRS) adapted for cystoscopy, and the time needed to perform the procedure. To assess skills retention, the same assessment was repeated 11 months later. Data was analyzed with Pearson-correlation coefficient and Paired T-test.
          
          
            RESULTS:
            Following training, PGY1 residents showed significant improvement for assembly time, GRS scores, and knowledge (P=&lt;.002/.03/.001). PGY2 resident showed significant improvement in knowledge (P=&lt;.001). Assembly time, GRS scores, and pre/post-test scores were also correlated to the level of training. Overall, the training sessions led to significantly improved knowledge test scores in all levels of training (P&lt;.02).
          
          
            DISCUSSION:
            Low-fidelity cystoscopy led to improved knowledge and surgical skills in the junior residents. Also it was able to correlate to each level resident.
          ",2018,10,crossref,AAGL2018_075
10.1097/01.aog.0000525732.48682.53,A Comparative Analysis Using Endoscopic Simulation to Assess Surgical Skill of OB/GYN Residents,Duarte J,Bonner S,Duarte J; Patruno J; Pellini T; Martino M; Corsi T; Bonner S,Obstetrics &amp; Gynecology,"
            BACKGROUND:
            Endoscopic skill curriculums using simulation tools have proven to be efficacious in training and in evaluating competency in residents performing endoscopic procedures. OB/GYN residents in a single institution were evaluated using various modalities in the simulation setting. There are few data on the value of endoscopic simulation in assessing efficiency, dexterity, and technical ability and how it compares with actual OR performance of trainees.
          
          
            METHODS:
            This study was a prospective, observational study, assessing skill in simulation exercises in hysteroscopy, laparoscopy, and robotics. Performance results were compared to surgical experience based on residents' OPLOG data, NewInnovation surgical evaluation scores, and endoscopy-specific milestone assessment. The study included all OB/GYN residents from a single training program. Testing was performed in 11 different exercises using simple box trainers and computer simulators for laparoscopy (Symbionix) and robotics (Mimic). Scoring included time, with alteration for errors or dangerous movements, and efficiency based on path of motion.
          
          
            RESULTS:
            When comparing PGY year versus total time, the average total time decreased as PGY level increased for all exercises except for the Symbionix laparoscopic trainer. This trend was also consistent for efficiency and motion metrics. These performance metrics were also better in residents who had completed a larger number of actual operative procedures. Resident performance in the simulated setting, however, did not correlate well with prior surgical evaluations or endoscopic milestone assessments.
          
          
            DISCUSSION:
            Implementation of a multimodal simulation curriculum focused on endoscopic procedures could provide a safe, and objective means than may be used to evaluate endoscopic performance of residents. Performance on simple skill correlates positively with level of training and prior experiential numbers. There was little correlation between resident performance and past resident surgical evaluations used in our institution. Based on these data, we are considering surgical evaluation paradigm that combines both simulation and actual procedural performance metrics.
          ",2017,10,crossref,AAGL2018_075
10.1016/j.contraception.2025.111072,PROFESSIONAL IDENTITY FORMATION AS AN ABORTION PROVIDER AMONG BLACK OB-GYN RESIDENTS,Harris K,Harris K,Harris K,Contraception,NA,2025,11,crossref,AAGL2018_075
10.1016/j.ajog.2022.11.284,Simulation-based mastery learning improves physical exam-indicated cerclage skills among OB/GYN residents,Cassimatis I,Stetson B,Cassimatis I; Peaceman A; Gerber S; Chaudhari A; Garcia P; Stetson B,American Journal of Obstetrics and Gynecology,NA,2023,01,crossref,AAGL2018_075
10.52504/001c.124417,Crowd-Sourced Assessment of Laparoscopic Surgical Skills for Ob/Gyn Residents,Clarke B,Robinson J,Clarke B; Tavcar J; Hazen N; Robinson J,Georgetown Medical Review," Importance Feedback is an essential part of graduate medical education. With increasing demands on time and fewer opportunities for formal feedback in residency, there is an increasing need for objective and actionable feedback.   Objective To understand how the Crowd-Sourced Assessment of Technical Skills (CSATS) assessment of residents’ laparoscopic skills compares with the current faculty assessment in an obstetrics/gynecology residency program.   Design, Setting, and Participants This was a prospective educational intervention study involving residents from a single academic obstetrics/gynecology residency program at a large tertiary teaching hospital. Individual performance videos of hysterectomies, myomectomies, and endometriosis resections were recorded and uploaded to the CSATS database where they were analyzed. Formal written feedback reports from the CSATS system were sent to the residents. Residents then completed a survey addressing satisfaction, timeliness, and utility of the CSATS feedback method overall and in comparison with the residency’s in-person feedback and with the standard written, electronic feedback evaluation.   Results A total of 16 residents submitted 65 videos of operations. Overall comparison of CSATS vs faculty evaluation was equivalent. Residents found that CSATS response time was slower than receiving in-person feedback from faculty. When comparing CSATS with the standard feedback form, residents felt strongly that CSATS was superior for both surgical skill feedback and procedure evaluation, with both categories having a mean top score. When comparing low-volume CSATS utilization vs high-volume CSATS utilization, there were no statistical differences. Overall, residents reported high satisfaction with CSATS evaluation.   Conclusions Residents were generally satisfied with CSATS as an overall feedback tool. CSATS could be a possible addition to help improve resident education. ",2024,10,crossref,AAGL2018_075
10.1016/j.contraception.2025.111057,VARIATION IN OB-GYN RESIDENTS’ ABORTION-RELATED SKILLS,Beasley A,White K,Beasley A; Sierra G; King E; Keller J; Ogburn T; White K,Contraception,NA,2025,11,crossref,AAGL2018_075
10.1097/01.aog.0000502728.57850.83,A Contraception Simulation Lab Developed for OB/GYN Residents in Catholic Hospitals,Wollschlaeger K,White K,Wollschlaeger K; White K,Obstetrics &amp; Gynecology,"
            BACKGROUND:
            OB/GYN residents in Catholic hospitals are limited in performing procedures involving contraception. This was identified as a deficiency in training, by a needs assessment given to residents at a Catholic residency program. Once the residents graduate they will be expected to offer and perform these procedures for their patients.
          
          
            METHODS:
            A contraception simulation program was developed. It included 4 stations: IUDs and Nexplanons (high fidelity models), hysteroscopic Essure (high-fidelity virtual reality model), laparoscopic tubal ligation (low fidelity box trainer), and abdominal postpartum tubal ligation (PPTL) (low fidelity box trainer) training. The program started with a pre-test consisting of 27 questions. The residents were divided into groups and rotated through each station. They discussed answers pertaining to the specific questions for that station. The procedure was demonstrated and residents were given time to practice. After rotating through all stations, a post-test was given and again 2 weeks later.
          
          
            RESULTS:
            The results were analyzed using a Wilcoxon signed-rank test. Both OB/GYN residents (12) and medical students (8) participated. The average pre-test score for the residents was 63%, medical students 50%. After reviewing questions and simulation practice, the average post-test score for the residents was 93%, medical students 87%. The average 2 weeks post-test score for the residents was 91%, medical students 82%.
          
          
            DISCUSSION:
            This curriculum resulted in developing skills, improved knowledge about the procedures and showed excellent short term retention.
          ",2016,10,crossref,AAGL2018_075
10.1097/01.aog.0000514964.88500.87,Attitudes and Self-Reported Competencies in Advocacy Among OB/GYN Residents [25I],Hall E,Gerber S,Hall E; Quinlan M; Gerber S,Obstetrics &amp; Gynecology,"
            INTRODUCTION:
            The American College of Obstetricians and Gynecologists recognizes that education and training in advocacy is an important component of postgraduate education. However, there is little published literature on how to best teach advocacy to residents.
          
          
            METHODS:
            We administered an IRB-approved, self-reported, cross-sectional study of ob/gyn residents at Northwestern. The survey employed a 5-point Likert scale and was designed to assess residents’ experiences with advocacy training.
          
          
            RESULTS:
            Forty of 46 residents completed the survey. Among respondents, 95% felt that political advocacy is important to the field of ob/gyn, 92.5% believed government policies will affect their career, and 90% believed that formal training in advocacy and policy should be a part of residency training. Yet, only 38.4% felt that they had at least a basic understanding of Medicare billing and reimbursement policy, and 40% felt that their residency program encouraged advocacy. Residents did not feel that testing advocacy on national exams would improve their knowledge base in the area. While involvement in advocacy was common during medical school (90%), only 22.5% of residents were currently engaged in advocacy activities, and 27.5% were undecided if they would engage in advocacy during training. Common barriers reported were time, stress, and lack of knowledge on how to become meaningfully involved in advocacy work.
          
          
            CONCLUSION:
            Residents show high interest in advocacy, yet experience multiple barriers to becoming involved and report knowledge gaps on specific policy topics. Further research is needed to improve education and opportunities in advocacy for residents.
          ",2017,05,crossref,AAGL2018_075
10.15766/mep_2374-8265.10995,First-Trimester Abortion Complications: Simulation Cases for OB/GYN Residents in Sepsis and Hemorrhage,Storey A,Cannon R,Storey A; White K; Treder K; Woodhams E; Bell S; Cannon R,MedEdPORTAL,NA,2020,10,crossref,AAGL2018_075
10.1097/01.aog.0000546615.95400.6a,Leadership Aspirations Among OB/GYN Residents in the United States,Bavan B,MacLaughlan David S,Bavan B; Chavez J; Saravanabavanandhan B; MacLaughlan David S,Obstetrics &amp; Gynecology,"
            PURPOSE:
            To assess the role of gender and mentorship in identifying leadership as a career goal among residents in Obstetrics and Gynecology (OB/GYN) in the United States (US).
          
          
            BACKGROUND:
            Within the field of OB/GYN in the US, women are underrepresented in leadership positions despite representing the majority of physicians. We hypothesized that women do not identify leadership as a career goal as often as men do while in OB/GYN training and examined other associated factors.
          
          
            METHODS:
            We evaluated US OB/GYN resident goals via an IRB-approved survey emailed to the US OB/GYN Residency Program Coordinator listserv. Data were collected in REDCap. Cross-sectional descriptive and comparative analyses were completed.
          
          
            RESULTS:
            A total of 198 US OB/GYN residents completed the survey, including 170 women (86%) and 28 men (14%). The majority of respondents were from university programs (70%). Two-thirds of respondents reported an interest in pursuing a leadership position (n=133, 67%). Women were less likely to identify leadership as a goal compared to men (64% vs. 86%, P=.024). OB/GYN residents who reported receiving specific mentorship about leadership were more likely to report interest (81% vs. 53%, P&lt;.001). Finally, women in programs in which three or more leadership positions were held by women were more likely to report interest in such roles themselves (76% vs. 60%, P=.047).
          
          
            DISCUSSION:
            Gender disparity among leadership is identifiable in goal-setting as early as residency training in OB/GYN. We recommend addressing this gap with specific mentorship and leadership-development curricula within OB/GYN residencies.
          ",2018,10,crossref,AAGL2018_075
10.1097/01.aog.0000546662.41142.66,Managing Hemorrhage After Second-Trimester D&amp;E: Individual Simulation Training for Ob/Gyn Residents,Deans E,Boardman A,Deans E; Broach A; Boardman A,Obstetrics &amp; Gynecology,"
            Faculty Advisor:
            
                                 Amy Boardman, MD
                              
          
          
            PURPOSE:
            To evaluate the efficacy of case-based simulation on resident knowledge and retention for management of a rare clinical event.
          
          
            BACKGROUND:
            Abortion is a safe procedure with the risks of complications increasing as gestational age increases. Although rare, hemorrhage is a common cause of mortality with second-trimester abortion. Teaching how to anticipate and manage any rare, potentially catastrophic clinical event is a challenge in medical education.
          
          
            METHODS:
            In our university program of 31 residents, a needs assessment identified management of hemorrhage after D&amp;E as a desired simulation topic. Two different case-based scenarios were developed in which each resident managed the patient encounter alone. After each post-simulation debrief, residents reviewed a management algorithm and topic handout. Pre- and post-tests were completed with both simulations. The interval between the simulations and a retention post-test was approximately 2.4 months.
          
          
            RESULTS:
            Twenty-five residents (81%) completed the first simulation, and 18 residents (58%) completed both simulations. Median baseline pre-test score for PGY1/2 residents was statistically different than PGY3/4s (P=.002). Overall, post-test scores were greater than pre-test scores with both simulation sessions (P&lt;.0001). Pre-test scores of second simulation decreased slightly compared to the first post-test, but not to baseline. The retention score was unchanged from the 2nd simulation post-test (P=.26). Ninety-six percent of evaluations agreed that simulation was an effective, and desirable way to learn management of rare clinical events.
          
          
            DISCUSSION:
            Simulation provides opportunity for resident education of rare clinical events. This low-fidelity, case-based simulation demonstrates improved baseline resident knowledge for management of post-D&amp;E hemorrhage.
          ",2018,10,crossref,AAGL2018_075
10.1016/j.contraception.2023.110262,REPORTED ABORTION TRAINING OPPORTUNITIES AMONG TEXAS PGY-1 OB-GYN RESIDENTS AFTER THE FALL OF ROE,Choi Y,Ogburn T,Choi Y; Smith A; Lerma K; Ogburn T,Contraception,NA,2023,11,crossref,AAGL2018_075
10.1097/01.aog.0000558899.45062.d3,Evaluation of Neonatal Resuscitation Program (NRP) Knowledge Among OB/GYN Residents [11P],Tonismae T,Shanks A,Tonismae T; Slaven J; Shanks A,Obstetrics &amp; Gynecology,"
            INTRODUCTION:
            NRP training has been utilized to teach birth attendees evidence-based approaches to care for the newborn at birth. OB/GYN trainees undergo NRP training and rotate in the NICU as interns. It is unclear how much NRP knowledge is retained as OB/GYN residents advance in NRP knowledge following their intern NICU rotation and NRP course.
          
          
            METHODS:
            A survey was distributed amongst the 41 OB/GYN residents at Indiana University during the 2017-2018 academic year following IRB approval from Indiana University School of Medicine. The survey was completed anonymously and included the resident's year in training (PGY1-4) and date of their NRP course and NICU rotation. A 10-question abbreviated NRP quiz was administered to participants. Correlation analysis was performed to test for associations between quiz scores and elapsed time (months) between quiz and the intern NRP course and NICU rotation.
          
          
            RESULTS:
            37 of 41 residents completed the survey. The average test score was 76%. There was no significant difference between abbreviated NRP quiz score and PGY level (p=0.30). There was also no difference between time since NRP course (p=0.21) or time since NICU rotation (p=0.50). Greater time since NICU rotation correlated with lower quiz scores in the PGY2 class (p&lt;0.05). No significant correlation was seen in the other classes.
          
          
            CONCLUSION:
            Overall, there was no significance between test scores based on training year. With this information, OB/GYN residents may be able to do an accelerated certification course while in a training setting instead of the traditional course completion every 2 years.
          ",2019,05,crossref,AAGL2018_075
10.21203/rs.3.rs-3744918/v1,Survey of OB/GYN Residents Knowledge and Practice of Trauma Informed Care,Stokes L,Burcher P,Stokes L; Burgess A; Burcher P,NA,"Abstract
        Background
 There is a high prevalence of a history of traumatic experiences among those seeking obstetric/gynecologic care. OB/GYN clinicians must use trauma-informed care practices to avoid re-traumatization and to provide supportive care. The objective of this study was to describe the knowledge and use of trauma-informed care practices by OB/GYN residents in the outpatient setting.
Methods
 A descriptive research design was used. In February 2022, an email will a link to an electronic survey was sent to US OB/GYN residency program directors via listserv. Residency directors were asked to forward the survey to residents in their program subsequently, we were unable to calculate the response rate. The survey included closed response questions some of which were Likert scale to assess the frequency of use of certain trauma-informed care practices during the provision of pelvic examinations.
Results
 Seventy US OB/GYN residents responded to the survey. Only half of residents surveyed reported that they practiced trauma-informed care and half reported either not receiving education or were not sure if they had training on the subject. Additionally, half of the respondents were not aware of the ACOG Committee Opinion 825: Care of Patients with History of Trauma.
Conclusion
 There was limited use of trauma-informed care practices among OB/GYN residents in this study. Considering the high prevalence of traumatic experiences among individuals seeking gynecologic care, a framework for trauma-informed pelvic exams should be included in the residency curriculum and applied universally.",NA,01,crossref,AAGL2018_075
10.1097/01.aog.0000502673.81536.25,An Assessment of Knowledge and Comfort Surrounding Pessary Use Among US Ob/Gyn Residents,Kandadai P,O'Dell K,Kandadai P; Sullivan G; Larrieux J; O'Dell K,Obstetrics &amp; Gynecology,"
            BACKGROUND:
            There is limited information regarding residents' attitudes towards and comfort with pessary use.
          
          
            METHODS:
            A 31-item anonymous electronic survey (Qualtrics 2015, Provo, Utah) regarding attitudes towards, education, and comfort with pessaries was distributed to all U.S. Ob/Gyn residents. Surveys completed between March 1 and June 15, 2015 were used. Participants answered questions regarding pessary education and comfort with pessary-use using a 5-point Likert scale. Descriptive statistical analysis was used with P.
          
          
            RESULTS:
            Four hundred seventy-eight completed surveys were returned (response rate 40%). Mean age was 29.5 (±0.12) years. Participants were evenly distributed among PGY levels (PGY1-25%, PGY2-28%, PGY3-25%, PGY4-22%). Eighty-three percent reported having a dedicated urogynecology rotation, and 72% had a urogynecology fellowship in the department. Compared with junior residents (PGY-1/2), senior residents (PGY-3/4) reported significantly more experience in pessary fitting (77% versus 32%), current feelings of adequate preparation (72% versus 47%), and comfort with pessary management now (72% versus 25%) and anticipated after graduation (70% versus 67%). Having a dedicated urogynecology rotation and outpatient urogynecology experience played a significant role in this comfort, as did having formal didactics specific to pessary fitting and management (P&lt;.001). Having a urogynecology fellowship and receiving didactics only on prolapse and incontinence did not impact comfort and preparation.
          
          
            DISCUSSION:
            Formal rotations with outpatient experience specific to urogynecology and pessary-focused didactics may improve resident comfort with incorporating pessary use into their practice.
          ",2016,10,crossref,AAGL2018_075
10.1001/jama.2023.15447,Online Abortion Care Training Now Available for Ob-Gyn Residents,Harris E,Harris E,Harris E,JAMA,NA,2023,09,crossref,AAGL2018_075
10.15766/mep_2374-8265.11220,An Introduction to Cystoscopy for OB/GYN Residents,Shah N,Davis C,Shah N; Medairos R; Koduri S; Davis C,MedEdPORTAL,NA,2022,02,crossref,AAGL2018_075
10.1016/j.ajog.2022.12.031,Crowd-sourced assessment of laparoscopic surgical skills for ob/gyn residents,Clarke B,Tavcar J,Clarke B; Hazen N; Robinson J; Tavcar J,American Journal of Obstetrics and Gynecology,NA,2023,03,crossref,AAGL2018_075
10.1097/01.aog.0000533147.30352.89,"Social Media Use, Beliefs, and Training Among Residents and Medical Students in Ob/Gyn [11O]",Stalcup A,Gray B,Stalcup A; Pak A; Dotters-Katz S; Gray B,Obstetrics &amp; Gynecology,"
            INTRODUCTION:
            To describe social media use, beliefs about appropriate use, and training from programs and institutions among residents in obstetrics and gynecology and students entering the profession.
          
          
            METHODS:
            A 28-question, anonymous, online survey was distributed throughout the country to current OB/GYN residents and 4th year Medical students who matched in the specialty.
          
          
            RESULTS:
            Most participants (96.5%) were between the ages of 25-34 and 86.8% were female. Social media usage included Facebook (90%), Instagram (55.2%), and Snapchat (32.4%). Only 5.5% report no use of social media. While the majority check their social media outlets at least once a day (66.9%), a majority post only 1-2 times per month (56.3%). Wide variation existed in beliefs about appropriate types of postings. 97% of respondents reported being tagged in a patient post. A majority of residents reported receiving social media training from their institutions (70%) or programs (56%), but most did not know whether a formal policy existed. Only 35% were aware of the ACOG Committee Opinion on social media, but only 8% had read it. Likewise, only 17% were aware of the relevant ACOG training video, and 5% had viewed it.
          
          
            CONCLUSION:
            Conclusion(s): Social media use and online patient contact is ubiquitous among residents and medical students, while awareness of formal policies is not common. A diversity of opinion around appropriateness of posts exists. Given potential issues with patient privacy protection and liability issues, training in social media use should become part of residency training.
          ",2018,05,crossref,AAGL2018_075
10.1016/j.jmig.2020.08.328,Suturing Techniques during Robotic-Assisted Myomectomy,Swisher T,Cho M,Swisher T; Le A; Tan L; Cho M,Journal of Minimally Invasive Gynecology,NA,2020,11,crossref,AAGL2020_088
10.5005/jp/books/12388_12,A Contemporary Approach to Laparoscopic and Robotic-assisted Myomectomy,Miller C,Sasaki K,Miller C; Sasaki K,State-of-the-Art Atlas and Textbook of Laparoscopic Suturing in Gynecology,NA,2015,01,crossref,AAGL2020_088
10.1515/9783110598452-006,6 The needle in laparoscopic suturing,,,,Laparoscopic and Robotic-Assisted Suturing,NA,2025,03,crossref,AAGL2020_088
10.1515/9783110598452-002,2 Historical development of laparoscopic suturing,,,,Laparoscopic and Robotic-Assisted Suturing,NA,2025,03,crossref,AAGL2020_088
10.1515/9783110598452-toc,Contents,,,,Laparoscopic and Robotic-Assisted Suturing,NA,2025,03,crossref,AAGL2020_088
10.1515/9783110598452-fm,Frontmatter,,,,Laparoscopic and Robotic-Assisted Suturing,NA,2025,03,crossref,AAGL2020_088
10.1515/9783110598452-018,18 The robotic-assisted surgical knot on the da Vinci system,,,,Laparoscopic and Robotic-Assisted Suturing,NA,2025,03,crossref,AAGL2020_088
10.1515/9783110598452-001,1 Introduction,,,,Laparoscopic and Robotic-Assisted Suturing,NA,2025,03,crossref,AAGL2020_088
10.1515/9783110598452-204,Foreword,Koh C,Koh C,Koh C,Laparoscopic and Robotic-Assisted Suturing,NA,2025,03,crossref,AAGL2020_088
10.1515/9783110598452-013,13 Barbed suture,,,,Laparoscopic and Robotic-Assisted Suturing,NA,2025,03,crossref,AAGL2020_088
10.1515/9783110598452-202,Foreword,Maass N,Maass N,Maass N,Laparoscopic and Robotic-Assisted Suturing,NA,2025,03,crossref,AAGL2020_088
10.1515/9783110598452-003,3 Laparoscopic needle holder,,,,Laparoscopic and Robotic-Assisted Suturing,NA,2025,03,crossref,AAGL2020_088
10.1515/9783110598452-203,Foreword,Leffern I,Leffern I,Leffern I,Laparoscopic and Robotic-Assisted Suturing,NA,2025,03,crossref,AAGL2020_088
10.1515/9783110598452-014,14 Extracorporeal single knot,,,,Laparoscopic and Robotic-Assisted Suturing,NA,2025,03,crossref,AAGL2020_088
10.1515/9783110598452-004,4 Laparoscopic knot pusher,,,,Laparoscopic and Robotic-Assisted Suturing,NA,2025,03,crossref,AAGL2020_088
10.1515/9783110598452-010,10 Intracorporeal slip knot,,,,Laparoscopic and Robotic-Assisted Suturing,NA,2025,03,crossref,AAGL2020_088
10.1515/9783110598452,Laparoscopic and Robotic-Assisted Suturing,Alkatout I,Mettler L,Alkatout I; Ackerman J; Mettler L,NA,NA,2025,03,crossref,AAGL2020_088
10.1007/978-3-319-96866-7_26,Robotic Myomectomy,Gargiulo A,Gargiulo A,Gargiulo A,Robotic-Assisted Minimally Invasive Surgery,NA,2019,01,crossref,AAGL2020_088
10.1007/978-3-030-53594-0_114,Robot-Assisted Laparoscopic Myomectomy,Senemar J,Senemar J,Senemar J,Robotic Surgery,NA,2021,01,crossref,AAGL2020_088
10.1515/9783110598452-009,9 Intracorporeal surgical knot – version 2,,,,Laparoscopic and Robotic-Assisted Suturing,NA,2025,03,crossref,AAGL2020_088
10.1007/978-3-030-39637-4_2,Laparoscopic Management,Yoon R,Miller C,Yoon R; Cholkeri-Singh A; Miller C,Surgical Management of Cesarean Scar Ectopic Pregnancy,NA,2020,01,crossref,AAGL2021_005
10.5005/jp-journals-10058-0030,Laparoscopic Management of Cesarean Section Scar Ectopic Pregnancy,Agarwal M,Meshram S,Agarwal M; Meshram S,International Journal of Gynecological Endoscopy,NA,2018,03,crossref,AAGL2021_005
10.4103/gmit.gmit_19_21,Laparoscopic Management of Cesarean Scar Pregnancy after Medical Treatment Failure Using Laparoscopic Bulldog Clamps,Alzamora M,Blosser S,Alzamora M; Blosser S,Gynecology and Minimally Invasive Therapy,"
            
            Cesarean scar pregnancies are a rare complication of pregnancy, with an incidence rate of approximately 1 in 2000 pregnancies. Numerous treatment alternatives have been proposed and published for cesarean scar pregnancies (CSPs), including medical management with local or systemic methotrexate injection, resection through hysteroscopic, vaginal, abdominal or laparoscopic approach, and dilation and curettage. Concomitant strategies for achieving hemostasis/bleeding control have been attempted, including uterine artery embolization, the placement of a Foley balloon catheter, injection of vasopressin, and less commonly reported, the use of vascular clamps. We describe a case of failed medical management of a CSP, followed by laparoscopic resection with the use of vascular clamps to minimize bleeding. This approach can be considered for minimizing blood loss in the laparoscopic management of cesarean ectopic pregnancies.
          ",2022,07,crossref,AAGL2021_005
10.1016/j.jmig.2016.08.470,Laparoscopic Management of Cesarean Scar Ectopic Pregnancy,Yu X,Tovar R,Yu X; Tovar R,Journal of Minimally Invasive Gynecology,NA,2016,11,crossref,AAGL2021_005
10.12659/msm.907404,Clinical Efficacy and Safety of Uterine Artery Embolization (UAE) versus Laparoscopic Cesarean Scar Pregnancy Debridement Surgery (LCSPDS) in Treatment of Cesarean Scar Pregnancy,Guo J,Song X,Guo J; Yu J; Zhang Q; Song X,Medical Science Monitor,NA,2018,07,crossref,AAGL2021_005
10.1016/j.jmig.2025.09.086,Robotic-Assisted Laparoscopic Management of Cesarean Scar Pregnancy,Lin B,Crihfield E,Lin B; Crihfield E,Journal of Minimally Invasive Gynecology,NA,2025,11,crossref,AAGL2021_005
10.1016/j.jmig.2021.09.006,Laparoscopic Management of Cesarean Scar Pregnancy,Crihfield E,Nimaroff M,Crihfield E; Nelson D; Nimaroff M,Journal of Minimally Invasive Gynecology,NA,2021,11,crossref,AAGL2021_005
10.1016/j.jmig.2016.08.287,Laparoscopic Management of Cesarean Scar Ectopic Pregnancy,Ramirez C,Lee T,Ramirez C; Stuparich M; Lee T,Journal of Minimally Invasive Gynecology,NA,2016,11,crossref,AAGL2021_005
10.21203/rs.3.rs-265149/v1,Comparison of laparoscopic continuous inverting mattress suture + suction curettage and laparoscopic hysterotomy for exogenous cesarean scar pregnancy(CSP-Ⅱ),Zhang Y,Zhang Q,Zhang Y; Zhang Q,NA,"Abstract
        Background:Type II CSP is usually treated by surgery, such as transabdominal, transvaginal, hysteroscopic and laparoscopic resection, It takes a long time for contraception,For patients with urgent fertility requirements, the above methods lack advantages,We are trying to find a safe and effective treatment to shorten the time of contraception.Methods: A total of 41 cases of CSP-Ⅱ were selected from January 1, 2019 to June 30, 2020 in the first people's Hospital of Kunshan City, Jiangsu Province,The patients were divided into two groups, group A(20 cases) was laparoscopic continuous inverting mattress suture + suction curettage,Group B(21 cases) was laparoscopic hysterotomy.Group A was compared with group B:serum β-hCG levels on the first day after operation;Inpatient time;time for serum β-hCG levels to return to normal;HGB on the first day after operation;menstruation recovery time;The differences in the intraoperative blood loss;operation time;The decrease rate of serum β - hCG level on the first day after operation.Results: Group A was compared with group B,serum β-hCG levels on the first day after operation,Inpatient time were not statistically significant (p &gt; 0.05);time for serum β-hCG levels to return to normal,HGB on the first day after operation,menstruation recovery time were statistically significant (p &lt; 0.05),Group A was significantly higher than group B;The differences in the intraoperative blood loss,operation time were significant difference between the two groups (P &lt; 0.05),Group A was significantly lower than group B;The level of serum β - hCG on the first day after operation decreased by 50% in both groups.In group B, the pathology of the excised scar muscle layer showed that there was a little villus tissue in the muscle layer, and a large number of trophoblast cells were seen between the fibrous smooth muscle tissues.Conclusions: In group A,the method is more simple, less bleeding, shorter operation time and less trauma;it also can remove the diverticulum and increase the thickness of the lower uterine segment;the contraception time was shortened,but the decrease of serum β - hCG was slow and the recovery time of menstruation was long.",NA,01,crossref,AAGL2021_005
10.1186/s12884-021-04281-8,Novel laparoscopic surgery for the repair of cesarean scar defect without processing scar resection,Zhang N,Yang Q,Zhang N; Wang G; Zuo N; Yang Q,BMC Pregnancy and Childbirth,"Abstract
                Background
                Cesarean scar defect (CSD), especially CSD with residual myometrium less than 3 mm is reported to be the highest risk agent associated with uterine rupture for subsequent pregnancy. Currently, laparoscopic resection and suture was the mainstay therapy method for CSD with a residual myometrium less than 3 mm in women with a desire to conceive. Besides, the women have CSD related symptoms, especially postmenstrual bleeding, should be recommended for CSD treatment. This study is to investigate the efficiency of this novel laparoscopic surgery for the repair of cesarean scar defect (CSD) without scar resection for residual myometrium thickening.
              
                Method
                This retrospective clinical study enrolled 76 women diagnosed with CSD who had a residual myometrium thickness less than 3 mm and also had a desire to conceive, had undergone laparoscopic surgery for the repair of CSD in the time period March 2016 to March 2018. Two study cohorts were created among the 76 patients: 40 patients had undergone the novel laparoscopic repair of CSD without processing scar resection (Group A), whereas 36 patients had undergone the traditional laparoscopic resection and suture of CSD (Group B).
              
                Results
                Residual myometrium thickening occurred among all the 76 patients and the average residual myometrium thickness was increased to almost 6 mm, presenting no between-group difference. In Group A, all the CSD-related postmenstrual bleeding was resolved or improved, but one patient in Group B has no obvious change to postmenstrual bleeding. After CSD repair, 20 patients got pregnant naturally in Group A, and there was no cesarean scar pregnancy and uterine rupture. While, there were 9 cases of natural pregnancy in Group B. No uterine rupture occurred among these 9 pregnant women of Group B, but 1 case of pregnancy was terminated due to cesarean scar pregnancy.
              
                Conclusion
                Laparoscopic repair without processing scar resection seems to be a feasible, safe and simple operative approach for CSD treatment, which can thicken residual myometrium and improve postmenstrual bleeding.
              ",2021,12,crossref,AAGL2021_005
10.1016/j.jmig.2020.08.618,Laparoscopic Management of Cesarean Scar Ectopic Pregnancy after Failed Medical Management,Jain A,Kumar A,Jain A; Bhatia S; Mediratta G; Kumar A,Journal of Minimally Invasive Gynecology,NA,2020,11,crossref,AAGL2021_005
10.1016/j.jmig.2020.08.289,Laparoscopic Management of Cesarean Scar Ectopic Pregnancy: A Step-By-Step Approach,Kent L,Mikhail E,Kent L; Mikhail E,Journal of Minimally Invasive Gynecology,NA,2020,11,crossref,AAGL2021_005
10.1016/j.fertnstert.2013.07.694,Successful laparoscopic management of a cesarean scar ectopic pregnancy: a case report,Khalil L,Massaad Z,Khalil L; Issawi A; Chammas M; Massaad Z,Fertility and Sterility,NA,2013,09,crossref,AAGL2021_005
10.1016/j.ajog.2024.02.265,Steps to successful laparoscopic management of cesarean scar ectopic pregnancy,Smith K,Young R,Smith K; Young R,American Journal of Obstetrics and Gynecology,NA,2024,04,crossref,AAGL2021_005
10.53347/rid-231193,Cesarean scar ectopic pregnancy,Neto J,Neto J,Neto J,Radiopaedia.org,NA,2026,03,crossref,AAGL2021_005
10.32388/u87lgk,Cesarean Scar Pregnancy,,, ,Definitions,NA,2020,02,crossref,AAGL2021_005
10.53347/rid-99685,Cesarean scar ectopic pregnancy,O'Flaherty S,O'Flaherty S,O'Flaherty S,Radiopaedia.org,NA,2022,05,crossref,AAGL2021_005
10.1016/j.jmig.2020.06.017,Laparoscopic Excision of Cesarean Scar Pregnancy with Scar Revision,Yoon R,Miller C,Yoon R; Sasaki K; Miller C,Journal of Minimally Invasive Gynecology,NA,2021,04,crossref,AAGL2021_005
10.53347/rid-191566,Cesarean scar ectopic pregnancy,Hiregouja Eranna R,Hiregouja Eranna R,Hiregouja Eranna R,Radiopaedia.org,NA,2024,06,crossref,AAGL2021_005
10.22541/au.169899247.73800636/v1,Cesarean scar choriocarcinoma following a cesarean scar molar pregnancy: A case report,Tarafdari A,parsaei m,Tarafdari A; GHashghaee S; Mansouri Z; parsaei m,NA,NA,NA,01,crossref,AAGL2021_005
10.1016/j.jmig.2022.09.042,The Impact of Surgeon Volume on Hysterectomy Risk: A Concentration Curve Analysis,Bootes A,Crisp C,Bootes A; Namaky D; Crisp C,Journal of Minimally Invasive Gynecology,NA,2022,11,crossref,AAGL2022_024
10.1016/j.asjsur.2026.02.122,Robotic hysterectomy versus expert 3D laparoscopy: A risk-adjusted learning curve analysis from a prospective single-surgeon study,Jaafar S,Chuang Y,Jaafar S; Chuang Y,Asian Journal of Surgery,NA,2026,02,crossref,AAGL2022_024
10.3389/fmed.2025.1574457,The learning curve of V-NOTES hysterectomy: a single-surgeon experience,Charles F,Dubois N,Charles F; Luyckx M; Dubois N,Frontiers in Medicine,"PurposeVaginal natural orifice transluminal endoscopic surgery (V-NOTES) has emerged as an innovative surgical approach that combines the advantages of endoscopic surgery with those of the vaginal approach. This article presents the initial experience of a single institution in implementing the V-NOTES technique for hysterectomy procedures.MethodsThis retrospective cohort study assessed the first 139 V-NOTES hysterectomies performed by a single surgeon at 000 from 2021 to 2024. Preoperative, intraoperative, and postoperative data were recorded. Operative time (OT) served as an indicator of surgical proficiency. The learning curve was analyzed using the cumulative sum method of operative time (CUSUMot).ResultsThe mean OT was 59.32 ± 21.13 min. No patient required conversion to laparotomy or conventional laparoscopy. The CUSUMot analysis demonstrated four phases in the learning curve: initiation (12 patients; mean OT, 66.17 ± 12.84 min), consolidation (41 patients; mean OT, 54.32 ± 13.96 min), complexification (54 patients; mean OT, 64.46 ± 25.48 min), and mastery (32 patients; mean OT, 54.5 ± 21.11 min). Additionally, the study identified a history of cesarean section and the absence of vaginal delivery as two risk factors for bladder injury.ConclusionThis study identifies a four-phase learning curve for V-NOTES hysterectomy, with initial competency achieved after 12 cases and sufficient mastery reached after 53 cases for an experienced surgeon.",2025,06,crossref,AAGL2022_024
10.1016/j.jmig.2014.12.054,Impact of Individual Surgeon Volume on Hysterectomy Costs,Shepherd J,Bonidie M,Shepherd J; Kantartzis K; Lee T; Bonidie M,Journal of Minimally Invasive Gynecology,NA,2015,03,crossref,AAGL2022_024
10.46328/aejog.v3i2.88,Analysis of 300 Total Laparoscopic Hysterectomy Cases Performed by The Same Surgeon,Tamburacı E,Mulayim B,Tamburacı E; Mulayim B,Aegean Journal of Obstetrics and Gynecology,"Aim: This study aimed to evaluate the results of 300 cases of total laparoscopic hysterectomy (TLH) performed by the same surgeon.
Material and methods: During the study period, a total of 300 TLH operations were performed between January 2017 and December 2018. Demographic characteristics, indications of hysterectomy, uterine weights, intra-operative and post-operative complications, duration of the operation, length of hospital stay, blood loss of patients, visual analogue scores and amount of analgesics needed were retrospectively evaluated. Complications were analysed and compared with literature.
Results: Parameters analysed for 300 patients included in the study were as follows: mean age 47.82 ± 6.18 years, mean parity 3.4 ± 2.0 (0–11), BMI 27.41 ± 4.36 (kg/m²), mean uterine weight 367.67 ± 266.21 g (50–1600 g), mean operative time 89.07 ± 37.94 min (30–240 min), mean hospital stay 54.37 ± 21.95 h (24–168 h) and total complication rate 28 (9.3%). Conversion to open surgery was required in 29 (9.7%) patients. The level of technical difficulty and existence of prior abdominal surgery were associated with a higher risk of complications and conversions to laparotomy.
Conclusion: Total laparoscopic hysterectomy is a well-designed surgical procedure for the management of benign gynaecological conditions, and after adequate training, it seems to be a safe and effective procedure for patients.",2021,08,crossref,AAGL2022_024
10.1016/j.jmig.2014.08.099,The Impact of Surgeon Volume on Cost of Hysterectomy in a Tertiary Care Hospital,Taylor C,Milad M,Taylor C; Miller D; Milad M,Journal of Minimally Invasive Gynecology,NA,2014,11,crossref,AAGL2022_024
10.1016/j.ygyno.2019.04.405,The learning curve of surgeon influences recurrence after robotic radical hysterectomy in stage IB cervical cancer,Lim P,Kang E,Lim P; Paek J; Kang E,Gynecologic Oncology,NA,2019,06,crossref,AAGL2022_024
10.1089/gyn.2019.0091,Impact of a High-Volume Gynecologic Surgeon Preceptor on Benign Laparoscopic Hysterectomy,Winner B,Biest S,Winner B; Ross W; Dukes J; Biest S,Journal of Gynecologic Surgery,NA,2020,06,crossref,AAGL2022_024
10.4293/108680813x13753907291594,The Impact of Surgeon Volume on Perioperative Outcomes in Hysterectomy,Vree F,Einarsson J,Vree F; Cohen S; Chavan N; Einarsson J,JSLS : Journal of the Society of Laparoendoscopic Surgeons,NA,2014,01,crossref,AAGL2022_024
10.1016/j.jmig.2022.09.395,8344 The Impact of Surgeon Volume on Laparoscopic Hysterectomy Outcomes,Mangone E,Smith R,Mangone E; Hu C; Smith G; Indart C; Zeng K; Smith R,Journal of Minimally Invasive Gynecology,NA,2022,11,crossref,AAGL2022_024
10.5005/jp-journals-10033-1359,Follow-up Study Comparing Open Hysterectomy of Expert Surgeon and Laparoscopic Approach (Learning Curve) of the Same Surgeon,Arab M,Yousefi N,Arab M; Chowhan J; Ardebili S; Ghavami B; Yousefi N,World Journal of Laparoscopic Surgery with DVD,NA,2019,04,crossref,AAGL2022_024
10.1016/j.jmig.2013.08.509,Total Laparoscopic Hysterectomy: Learning Curve of a Single Surgeon with 40 Cases,Bozkurt N,Isik G,Bozkurt N; Yildiz S; Isik G,Journal of Minimally Invasive Gynecology,NA,2013,11,crossref,AAGL2022_024
10.4293/jsls.2016.00112,The Impact of Individual Surgeon Volume on Hysterectomy Costs,Shepherd J,Bonidie M,Shepherd J; Carter-Brooks C; Kantartzis K; Lee T; Bonidie M,JSLS : Journal of the Society of Laparoendoscopic Surgeons,NA,2017,01,crossref,AAGL2022_024
10.1016/j.surge.2019.10.006,"The impact of hospital grade, hospital-volume, and surgeon-volume on outcomes for adults undergoing appendicectomy",O'Connell R,Mealy K,O'Connell R; Abd Elwahab S; Mealy K,The Surgeon,NA,2020,10,crossref,AAGL2022_024
10.1007/s11701-012-0388-6,An analysis of the impact of previous laparoscopic hysterectomy experience on the learning curve for robotic hysterectomy,Eddib A,Singhal P,Eddib A; Jain N; Aalto M; Hughes S; Eswar A; Erk M; Michalik C; Krovi V; Singhal P,Journal of Robotic Surgery,NA,2013,09,crossref,AAGL2022_024
10.1177/00031348241238323,Impact of Medicaid Expansion on Trauma Patients at Extreme Risk of Mortality: A Time-Series Analysis,Acosta J,Acosta J,Acosta J,The American Surgeon™,"Background The 2014 expansion of Medicaid under the Affordable Care Act (ACA) reshaped healthcare delivery in the United States. This study assessed how Medicaid expansion affected in-hospital mortality in patients with extreme risk of mortality (EROM) from traumatic injuries. Methods Data from inpatients aged 18-64 years, registered in the National Inpatient Sample between 2007 and 2020, and identified with trauma-related All-Patient Refined Diagnosis Related Groups (APRDRG) codes, were analyzed. Within this group, a subset of patients was selected based on the APRDRG classification identifying them as at EROM for the principal unit of analysis. The cohort was divided into high-implementation (HIR) and low-implementation (LIR) regions based on Medicaid expansion coverage. In-hospital mortality was assessed using interrupted time-series analysis. Sensitivity analyses considered seasonality, autocorrelation, and exogenous events. Results Analysis encompassed 70 381 trauma inpatient stays, corresponding to 346 659 patients based on National Inpatient Sample weighting. There was a consistent monthly decline in in-hospital mortality of .08% (95% CI: −.103 to −.048; P &lt; .001) prior to Medicaid expansion, a trend unaffected by expansion. This pattern persisted across both LIR and HIR Medicaid implementation regions. Although Medicaid enrollment increased in HIR, that in LIR remained unchanged. Discussion Over the study period, the in-hospital mortality among severely injured patients consistently decreased, and this trend was not influenced by Medicaid expansion. The statistical models and results from this study can offer valuable guidance to policymakers and healthcare leaders as they formulate more efficient and effective policies. ",2024,06,crossref,AAGL2022_024
10.18203/2320-1770.ijrcog20172335,Learning curve of laparoscopic hysterectomy in a zonal hospital setting: a retrospective analysis of 102 cases operated by a single surgeon,Kumar P,Karkhanis N,Kumar P; Kapur K; Bhat P; Karkhanis N,"International Journal of Reproduction, Contraception, Obstetrics and Gynecology","Background: The aim of this study was to analyse the learning curve and clinical efficacy of the art of laparoscopic hysterectomy in a zonal hospital setting.Methods: We conducted a retrospective analysis of 102 women who underwent laparoscopic hysterectomy (LAVH/ TLH) by a single surgeon after post-graduation for benign uterine pathology in a zonal hospital setting. They were divided into two groups of first 50 cases (Group I) and next 52 cases (Group II). The primary outcome was the learning curve of the operating gynaecologist in terms of reduction in duration of surgery, reduced perioperative complications, increasing percentage of TLHs with time.Results: 102 women underwent laparoscopic hysterectomy for the benign uterine pathology successfully. Surgical outcomes of laparoscopic hysterectomy in terms of mean operative time was 135 mins (Group I) vs 93 mins (Group II), estimated blood loss 255 ml (Group I) vs 140 ml (Group II), hospital stay 05 days (Group I) vs 03 days (Group II), duration of postoperative analgesia 07 days (Group I) vs 05 days (Group II). As the surgical experience increased, patients with bigger uterine size (&gt;10-week size) were taken up for hysterectomy, percentage of TLH increased in Group II as compared to Group I (42.31% vs 18%), with decreasing complications and shorter recovery time.Conclusions: Laparoscopic hysterectomy (LAVH/ TLH) has a short learning curve and it's a feasible and beneficial surgical modality for treating benign uterine pathology even in a zonal hospital setting (low resource setting).",2017,05,crossref,AAGL2022_024
10.1016/j.ygyno.2019.04.064,The impact of surgeon learning curve and hospital volume on the survival of stage IB cervical cancer patients after minimally invasive surgery,Chow S,Chan J,Chow S; Liao C; Kapp D; Mann A; Chan J,Gynecologic Oncology,NA,2019,06,crossref,AAGL2022_024
10.1002/rcs.1567,Analysis of the learning curve for robotic hysterectomy for benign gynaecological disease,Sendag F,Oztekin K,Sendag F; Zeybek B; Akdemir A; Ozgurel B; Oztekin K,The International Journal of Medical Robotics and Computer Assisted Surgery,NA,2014,09,crossref,AAGL2022_024
10.52054/fvvo.13.3.035,Impact of surgeon learning curve in minimally invasive radical hysterectomy on early stage cervical cancer patient survival,Pedone Anchora L,Scambia G,Pedone Anchora L; Bizzarri N; Gallotta V; Chiantera V; Fanfani F; Fogotti A; Cosentino F; Vizzielli G; Carbone V; Ferrandina G; Scambia G,"Facts, Views and Vision in ObGyn","Background: Recently, it has been sustained that only surgeons skilled in minimally invasive radical hysterectomy (MI-RH) could provide valuable oncological outcomes in early-stage cervical cancer. Still, literature lacks data correlating surgeon experience with patient survival rate. We aimed to investigate the impact of surgeon training on this rate.

Methods: This is a retrospective study of 243 early-stage cervical cancer treated with MI-RH. Multiple regression analyses were undertaken to investigate the impact of the surgeons learning curve, according to the number of MI-RH, on patients prognosis.

Results: A steady trend of reduction in disease recurrence risk is associated with increased surgeon experience. The peak of the learning curve was shown at the 19th MI-RH (hazard ratio of disease-free survival: 0.321; 95%CI: 0.140-0.737; p= 0.007). The 3 years disease-free survival that a surgeon could provide to patients is significantly lower at the beginning of his/her learning path comparing to what he/she could guarantee once adequate experience had been achieved (75.4% and 91.6% respectively, p=0.005). Surgeon experience appears to be an independent prognostic factor.

Conclusion: The experience that a surgeon can achieve practicing in MI-RH significantly influences oncological outcomes of early-stage cervical cancer patients. Future studies comparing minimally invasive and open surgery should take this into account. It would be advisable that the scientific community precisely establishes the minimum training required in the field of MI-RH for early-stage cervical cancer.",2021,06,crossref,AAGL2022_024
10.1016/j.jmig.2022.09.072,Oncological Outcomes of Obese Patients in Treatment of Endometrial Cancer. Comparative Analysis of Robotic Versus Laparoscopic Surgery,McMurray K,Lim P,McMurray K; Kennedy L; Siddiqui F; Kang E; Lim P,Journal of Minimally Invasive Gynecology,NA,2022,11,crossref,AAGL2022_049
10.1016/j.jmig.2012.08.119,Surgical Outcomes of Morbidly Obese Patients in Treatment of Endometrial Cancer. Comparative Analysis of Robotic Surgery Versus Laparoscopic Surgery,Lim P,Edsall I,Lim P; Kang E; Edsall I,Journal of Minimally Invasive Gynecology,NA,2012,11,crossref,AAGL2022_049
10.1136/ijgc-2022-igcs.211,EP120/#1082 Compare the surgical outcomes of robotic versus laparoscopic surgery in the treatment of endometrial cancer for morbidly obese patients,Lim P,Siddiqui F,Lim P; Kennedy L; Mcmurray K; Siddiqui F,E-Posters,NA,2022,12,crossref,AAGL2022_049
10.1016/j.jmig.2022.09.487,8796 Comparative Analysis of Surgical Outcomes of Morbidly Obese Patients in Endometrial Cancer: Robotic Versus Laparoscopic Surgery,Kennedy L,Lim P,Kennedy L; McMurray K; Siddiqui F; Kang E; Lim P,Journal of Minimally Invasive Gynecology,NA,2022,11,crossref,AAGL2022_049
10.1016/j.lers.2026.01.002,A systematic review of open versus robotic retroperitoneal lymph node dissection for testicular cancer: Comparative operative and oncological outcomes,McNicholas D,Hanchanale V,McNicholas D; Kattakayam F; Hemmant J; Weston R; Hanchanale V,"Laparoscopic, Endoscopic and Robotic Surgery",NA,2026,03,crossref,AAGL2022_049
10.1016/j.ygyno.2015.09.006,Robotic versus laparoscopic versus open surgery in morbidly obese endometrial cancer patients — A comparative analysis of total charges and complication rates,Chan J,Kapp D,Chan J; Gardner A; Taylor K; Thompson C; Blansit K; Yu X; Kapp D,Gynecologic Oncology,NA,2015,11,crossref,AAGL2022_049
10.1007/s11701-020-01133-z,Robotic versus laparoscopic hysterectomy in morbidly obese women for endometrial cancer,El-Achi V,Saidi S,El-Achi V; Weishaupt J; Carter J; Saidi S,Journal of Robotic Surgery,NA,2021,06,crossref,AAGL2022_049
10.21203/rs.3.rs-4759972/v1,Robotic Surgery versus Traditional Laparotomy: Surgical and Oncological Outcomes in Early-Stage Endometrial Cancer,Bhati P,VS S,Bhati P; Garg M; Vuppu D; Nair A; VS S,NA,"Abstract
        AIM:
 This study aims to determine differences in surgical and survival outcomes for patients undergoing robotic surgeries versus laparotomies for early-stage endometrial cancer (EC).
METHODS:
 This study was conducted retrospectively from 1st January 2015 to 30th June 2021 on all patients with stage I or stage II EC (FIGO 2023 Staging), irrespective of histology. Primary objective was to compare 3-year Overall Survival (OS) and Recurrence Free Survival (RFS) between robotic versus laparotomy group.
RESULTS:
 In a study of 297 patients, 81.5% underwent robotic surgeries and 18.5% underwent open surgeries. Median age was 47.5 years. Majority (81%) of the patients had Endometroid histology. Seventy percent of the cases had stage I, and 29.6% had stage II EC. Robotic group had significantly shorter hospital stay, blood loss and operative time (p &lt; 0.05). After a median follow-up period of 36 months, 9 deaths occured in robotic group and no deaths in laparotomy group leading to a 3-year OS of 95.4% in robotic group and 100% in laparotomy group. RFS rates of 92.5% and 86.1% in robotic and laparotomy groups, respectively (p = 0.6). However, median time to recurrence was significantly shorter in open group than robotic group (28 versus 38 months respectively, p = 0.01).
CONCLUSION:
 No statistically significant differences between both groups were found in RFS and OS. Robotic surgeries have better surgical and equivalent oncological outcomes than open surgeries in stage I and II EC.",NA,01,crossref,AAGL2022_049
10.2147/rsrr.s66418,Robotic versus standard laparoscopic total mesorectal excision for rectal cancer: a comparative study of short-term and oncological outcomes,Tan,Koh D,Tan ; Koh F; Tsang C; Koh D,Robotic Surgery: Research and Reviews,NA,2014,09,crossref,AAGL2022_049
10.1007/s11701-025-03070-1,Robotic versus laparoscopic and open surgery in obese endometrial cancer patients: A systematic review and meta-analysis,Fernandez-Gonzalez S,Ponce J,Fernandez-Gonzalez S; Zoccoli S; Sánchez-Prieto M; Sánchez A; Villano N; Benavente Y; Garcia J; Monzó M; Barahona M; Martí L; Alboni C; Costas L; Ponce J,Journal of Robotic Surgery,NA,2025,12,crossref,AAGL2022_049
10.26226/morressier.599bdc78d462b80296ca1479,COMPARATIVE STUDY OF SURVIVAL OUTCOMES FOLLOWING ROBOTIC-ASSISTED LAPAROSCOPIC VERSUS ABDOMINAL SURGERY IN THE MANAGEMENT OF OVARIAN CANCER,Lakhi N,Lakhi N,Lakhi N,NA,NA,NA,01,crossref,AAGL2022_049
10.1007/s11701-024-01988-6,Comment on: “A systematic review and meta-analysis of short-term outcomes comparing the efficacy of robotic versus laparoscopic colorectal surgery in obese patients”,Hung K,Chen I,Hung K; Kao C; Chen I,Journal of Robotic Surgery,NA,2024,05,crossref,AAGL2022_049
10.1016/j.ygyno.2019.04.431,Comparative effectiveness of robotic versus laparoscopic surgery for the treatment of endometrial cancer,Barber E,Rossi E,Barber E; Pyrzak A; Tanner E; Boggess J; Rossi E,Gynecologic Oncology,NA,2019,06,crossref,AAGL2022_049
10.1016/j.ijsu.2020.04.031,Invited Commentary on “Long-term oncological outcomes in robotic versus laparoscopic approach for rectal cancer: A systematic review and meta-analysis”,Chisthi M,Chisthi M,Chisthi M,International Journal of Surgery,NA,2020,06,crossref,AAGL2022_049
10.26226/morressier.5b6d513c5aff74007b2b4879,Extended VTE prophylaxis in obese patients who underwent robotic surgery for endometrial cancer,Castagno J,Castagno J,Castagno J,NA,NA,NA,01,crossref,AAGL2022_049
10.1007/s11701-024-01934-6,A systematic review and meta-analysis of short-term outcomes comparing the efficacy of robotic versus laparoscopic colorectal surgery in obese patients,Chen Z,Wang H,Chen Z; Du Q; Zhu Y; Wang H,Journal of Robotic Surgery,NA,2024,04,crossref,AAGL2022_049
10.1016/j.ijgc.2025.103500,Robotic versus laparoscopic surgical staging for endometrial cancer: oncological and surgical outcomes,Jabarin D,Matanes E,Jabarin D; Siegler Y; Yousef Y; Ben David C; Linder R; Matanes E,International Journal of Gynecological Cancer,NA,2026,02,crossref,AAGL2022_049
10.1093/bjs/znae025,Erratum to: Long-term oncological outcomes of robotic <i>versus</i> laparoscopic gastrectomy for gastric cancer: multicentre cohort study,,,,British Journal of Surgery,NA,2024,01,crossref,AAGL2022_049
10.1089/gyn.2019.0030,Perioperative Outcomes in Robotic-Assisted Versus Conventional Laparoscopic Treatment of Endometrial Cancer,Nezhat F,Vetere P,Nezhat F; Apostol R; Vega M; Sirota I; Vetere P,Journal of Gynecologic Surgery,"
                    Objective:
                    To compare perioperative outcomes of robotic-assisted laparoscopic surgery (RALS) versus conventional laparoscopic surgery (CLS) in endometrial cancer.
                  
                  
                    Methods:
                    This is a retrospective analysis of a prospectively maintained database of procedures performed from January 2009 to January 2014 by a single surgeon experienced in both minimally invasive techniques. One hundred five patients underwent surgical staging of endometrial cancer through either conventional laparoscopy (CL) or robotic-assisted laparoscopy. Characteristics such as age, body mass index (BMI), prior abdominal surgery, number of comorbidities, stage of disease, and extent of surgery were compared. Outcomes, including estimated blood loss (EBL), operating room time (ORT), length of stay (LOS), number of lymph nodes resected, conversion rates, and intraoperative and postoperative complications, were analyzed.
                  
                  
                    Results:
                    
                      Fifty-seven patients received RALS; 48 had CLS. RALS patients had a higher mean BMI (38.1 ± 11.8 vs. 30.1 ± 7.5 kg/m
                      2
                      ;
                      p
                       = 0.0003) and more comorbidities. Median ORT was longer for RALS patients [277 (135–660) vs. 223.5 (120–547) minutes;
                      p
                       = 0.0012]. RALS ORT remained significantly longer for BMI ≥25 kg/m
                      2
                      to &lt;30 kg/m
                      2
                      , and appeared near significance in the BMI &lt;25 kg/m
                      2
                      and BMI &gt;35 kg/m
                      2
                      groups. Only in the BMI ≥30 kg/m
                      2
                      to &lt;35 kg/m
                      2
                      group there was no apparent difference in the ORT. Among patients with endometrioid adenocarcinoma histology, ORT was longer in the RALS group [273 (135–660) vs. 222 (120–420) minutes;
                      p
                       = 0.0018]. There was no difference in EBL or LOS between the two surgical approaches.
                    
                  
                  
                    Conclusions:
                    In our experience, perioperative outcomes of endometrial cancer staging are comparable between RALS and CL. Furthermore, the overall ORT is significantly longer in the RALS group. Further studies of patients stratified by BMI are needed.
                  ",2019,12,crossref,AAGL2022_049
10.1097/js9.0000000000003950,A commentary on “Robotic versus laparoscopic total gastrectomy for gastric cancer: a systematic review and meta-analysis of perioperative and oncological outcomes”,Ying H,Hong W,Ying H; Hong W,International Journal of Surgery,NA,2026,02,crossref,AAGL2022_049
10.17077/2154-4751.33790,Not all operative time is created equal: operative time in relation to 30-day complications in benign laparoscopic hysterectomies,Ikoma D,Haugsdal M,Ikoma D; Ikoma M; Haugsdal M,Proceedings in Obstetrics and Gynecology,"STUDY OBJECTIVE: To assess the relationship between operative time and specific 30-day postoperative complications across different intervals of operation duration in total laparoscopic hysterectomies (TLHs).DESIGN: A retrospective cohort study.SETTING: American College of Surgeons National Surgical Quality Improvement Program (ACS-NSQIP) database from 2011 to 2020.PATIENTS: 131,146 TLH cases.INTERVENTIONS: Eligible cases included benign laparoscopic hysterectomies with operative times between 20 and 499 min. We excluded cases involving disseminated cancer, emergency surgery, supracervical approaches, or concomitant procedures.MEASUREMENTS: Multivariable logistic regression analysis was used to evaluate the relationship between specific postoperative complications and operative time. Spline regression was used to analyze differences in the association between postoperative complications and operative time across different tertiles of operative duration.MAIN RESULTS: Multivariable logistic regression analysis demonstrated a significant association between operative time and complication occurrence for each complication type investigated, including unplanned readmission, urinary tract infections, superficial surgical site infections, blood transfusion administration, return to the operating room, and deep organ space infections. Multivariable logistic spline regression demonstrated that operative time contributed more strongly to the odds of a complication for shorter procedures than longer procedures. This relationship was more pronounced for major complications than minor complications.CONCLUSION: Operative time is a stronger risk factor for developing complications for shorter duration procedures than longer procedures. This is especially evident in major complications such as return to the operating room and deep organ space infections. Our results suggest that longer procedure duration may not affect the likelihood of a complication as much as previously thought, and operative times should not be a primary factor in deciding to convert to laparotomy or alter post-operative management.",2024,05,crossref,AAGL2022_067
10.1016/j.jmig.2022.09.092,Not All Operative Time Is Created Equal: Operative Time in Relation to 30-Day Complications in Benign Laparoscopic Hysterectomies,Ikoma D,Haugsdal M,Ikoma D; Ikoma M; Haugsdal M,Journal of Minimally Invasive Gynecology,NA,2022,11,crossref,AAGL2022_067
10.1016/j.jmig.2015.05.022,Longer Operative Time During Benign Laparoscopic and Robotic Hysterectomy Is Associated With Increased 30-Day Perioperative Complications,Catanzarite T,Milad M,Catanzarite T; Saha S; Pilecki M; Kim J; Milad M,Journal of Minimally Invasive Gynecology,NA,2015,09,crossref,AAGL2022_067
10.1007/s11701-025-02429-8,From practice to perfection—complications and operative time learning curves in benign robotic-assisted laparoscopic hysterectomy,Andersson K,Brunes M,Andersson K; Oksanen A; Falconer H; Brunes M,Journal of Robotic Surgery,"Abstract
                  
                    This study aimed to estimate the learning curve for benign robotic-assisted laparoscopic hysterectomy, defined as the number of cases required to stabilize intra- and postoperative complications, estimated blood loss and operative time.  This is a retrospective single-center cohort study with prospectively collected data. Patients who underwent a robotic-assisted laparoscopic hysterectomy between 2013 and 2021 were included. Six surgeons performed the surgeries. Analysis was conducted using linear and logistic generalized estimating equation (GEE) regression. The estimand was change in the speed of learning. The cohort comprised 1281 consecutive cases. An inverse association was observed between the number of robot-assisted laparoscopic hysterectomies and the number of complications with a breakpoint at 150 surgeries (adjusted Odds Ratio (aOR) 0.996, 95% Confidence Interval (CI) 0.992–0.999,
                    P
                     = 0.03) This decrease continued with surgeon experience. Moreover, there was a significant decrease in operative time after 50 operations (aCoeff -0.62 min, 95% CI − 0.89 to − 0.34 min,
                    P
                     &lt; 0.001), with an operative time of approximately 100 min. No significant difference in intraoperative blood loss was observed throughout the learning curve (Knotbreak 50 operations, aCoeff 0.69 ml, 95% CI − 0.44 – 1.81 ml,
                    P
                     = 0.23). In this large observational study of learning curve for robotic-assisted laparoscopic hysterectomy, a plateau was reached at 50 cases for operative time and 150 cases for intra- and postoperative complications.
                  ",2025,06,crossref,AAGL2022_067
10.1007/s11701-025-02513-z,Letter to the Editor “From practice to perfection—complications and operative time learning curves in benign robotic-assisted laparoscopic hysterectomy”,Qin Z,Song D,Qin Z; Sun A; Song D,Journal of Robotic Surgery,NA,2025,07,crossref,AAGL2022_067
10.29309/tpmj/2023.30.06.7468,"Comparison of post-operative complications, operative time and hospital stay between laparoscopic and open pyloromyotomy.",Omair Arshad Dar,Habib-Ur-Rehman,Omair Arshad Dar ; Naveed Ahmed ; Tamoor Afzal ; Majid Aziz ; Javed-Ur-Rehman ; Habib-Ur-Rehman ,The Professional Medical Journal,"Objective: To compare operative time, hospital stay and post-operative complications between laparoscopic and open pyloromyotomy. Study Design: Randomized Prospective study. Setting: Department of Paediatric Surgery, Pak Emirates Military Hospital, Rawalpindi. Period: 7th May 2022 to 7th November 2022. Material &amp; Methods: This study included 20 patients each in the two groups. Group A underwent laparoscopic whereas group B underwent open pyloromyotomy. Both groups were compared regarding operative time (OT), hospital stay (HS) and post-operative complications. Results: OT ranged from 20 to 70 min with a mean of 15.4 min in group A. In group B, the mean OT was 25.6 min (range, 25–60 min). HS ranged from 14 to 58 hours with a mean of 16.8 hours in group A. In group B, it ranged from 19 to 30 hours, and the mean was 24.2 hours. One case in group A was converted to open approach (conversion rate 5%) because of mucosal perforation while one case of incomplete pyloromyotomy was found. Conclusion: Laparoscopic technique has shorter operative time and hospital stay than open surgery. Complication like mucosal perforation were seen in laparoscopy group, however, it was not found statistically significant.",2023,05,crossref,AAGL2022_067
10.1016/j.jmig.2014.12.026,Operative Time above 240 Minutes during Laparoscopic Myomectomy Is Associated with Increased 30-Day Complications and Blood Transfusion,Catanzarite T,Milad M,Catanzarite T; Vieira B; Shih K; Kim J; Milad M,Journal of Minimally Invasive Gynecology,NA,2015,03,crossref,AAGL2022_067
10.1089/gyn.2015.0012,Longer Operative Time During Laparoscopic Myomectomy Is Associated with Increased 30-Day Complications and Blood Transfusion,Catanzarite T,Milad M,Catanzarite T; Vieira B; Hackett N; Kim J; Milad M,Journal of Gynecologic Surgery,NA,2016,02,crossref,AAGL2022_067
10.1227/ons.0000000000000811,Operative Neurosurgery: Time to Go All Digital,Kondziolka D,Kondziolka D,Kondziolka D,Operative Neurosurgery,NA,2023,10,crossref,AAGL2022_067
10.1016/j.otot.2016.04.005,Not all pharyngeal pouches are created equal: management of “non-zenker” hypopharyngeal diverticula,Johnson C,Postma G,Johnson C; Postma G,Operative Techniques in Otolaryngology-Head and Neck Surgery,NA,2016,06,crossref,AAGL2022_067
10.1016/j.ajog.2024.02.085,"An independent, linear relationship between operative time and post-operative complications in benign minimally invasive hysterectomy",Lalla A,Kim E,Lalla A; King L; Ajao M; Kim E,American Journal of Obstetrics and Gynecology,NA,2024,04,crossref,AAGL2022_067
10.1089/gyn.2013.0037,Physician Risk Estimation of Operative Time: A Comparison of Risk Factors for Prolonged Operative Time in Robotic and Conventional Laparoscopic Hysterectomy,Carugno J,Lamvu G,Carugno J; Gyang A; Hoover F; Taylor K; Lamvu G,Journal of Gynecologic Surgery,NA,2014,02,crossref,AAGL2022_067
10.1016/j.jamcollsurg.2017.07.474,"Compared to Open Surgery, Laparoscopic Ureteral Reconstruction in Pediatric Patients Offers No Improvement in 30-Day Complications, Yet Requires Longer Operative Time: Data from the Pediatric National Surgical Quality Improvement Program",Hester A,Terlecki R,Hester A; Colaco M; Rasper A; Terlecki R,Journal of the American College of Surgeons,NA,2017,10,crossref,AAGL2022_067
10.1097/01.aog.0000465327.72562.19,Operative Time Longer Than 240 Minutes is Predictive of 30-Day Complications After Vaginal Hysterectomy [43],Catanzarite T,Milad M,Catanzarite T; Vieira B; Shih K; Kim J; Milad M,Obstetrics &amp; Gynecology,NA,2015,05,crossref,AAGL2022_067
10.1016/j.jmig.2021.11.005,Benign Hysterectomy Operative Times and 30-Day Complications: A Cohort Study,Ikoma D,Haugsdal M,Ikoma D; Ikoma M; Gnade C; Haugsdal M,Journal of Minimally Invasive Gynecology,NA,2022,03,crossref,AAGL2022_067
10.1016/j.jmig.2014.12.104,Operative Time Longer Than 180 Minutes in Abdominal Hysterectomy is Predictive of 30-Day Perioperative Complications,Catanzarite T,Milad M,Catanzarite T; Vieira B; Saha S; Kim J; Milad M,Journal of Minimally Invasive Gynecology,NA,2015,03,crossref,AAGL2022_067
10.4274/globecc.galenos.2025.75047,Factors that Extend the Operative Time in Laparoscopic Cholecystectomy,Koçatakan P,Koçatakan P,Koçatakan P,Global Emergency and Critical Care,NA,2025,11,crossref,AAGL2022_067
10.1016/j.jpedsurg.2012.12.028,Laparoscopic-assisted removal of gastric trichobezoar; a novel technique to reduce operative complications and time,Tudor E,Clark M,Tudor E; Clark M,Journal of Pediatric Surgery,NA,2013,03,crossref,AAGL2022_067
10.33165/rmj.2023.46.1.260055,A Retrospective Study Comparing Operative Time Between Single-Glove Port Laparoscopic Hysterectomy and Conventional Multiport Laparoscopic Hysterectomy for Benign Gynecology Diseases: Hospital-Based Study in Thailand,Chirdchim W,Wannako S,Chirdchim W; Wannako S,Ramathibodi Medical Journal,"Background: Laparoscopic hysterectomy is popular today. Using a 3- to 4-port for laparoscopic hysterectomy. But laparoscopic hysterectomy can be done by using a single-modified glove port. It was found to have good performance and low price.
Objective: To compare operative time and other surgical outcomes between single-glove port laparoscopic hysterectomy (SGPLH) and conventional multiport laparoscopic hysterectomy (MPLH).
Methods: A retrospective study, data were extracted from medical records of patients diagnosed with benign gynecologic diseases and underwent laparoscopic hysterectomy at Prapokklao Hospital, Chanthaburi, Thailand from February 2016 to April 2021.
Results: A total of 125 patients were divided into 2 groups 65 (52%) in the SGPLH group and 60 (48%) in the MPLH group. The operative time of SGPLH was significantly shorter than conventional MPLH (mean [SD], 96 [31.35] vs 161.4 [57.37] minutes; P &lt; .001). There was significant difference between 2 groups in terms of previous abdominal surgery (P = .01). In multivariate regression analysis, independent factors correlated with operative time were type of laparoscopic operation (P &lt; .001), additional procedure of bilateral salpingo-oophorectomy (P = .02), unilateral salpingo-oophorectomy (P = .01), and complication with bladder injury (P = .03).
Conclusions: The operative time of SGPLH is shorter than the conventional MPLH. SGPLH is also feasible and economical for patients with symptomatic benign gynecologic diseases.
 ",2023,03,crossref,AAGL2022_067
10.4324/9781315169774-5,Not all crises are created equal,Carayannopoulos G,Carayannopoulos G,Carayannopoulos G,Disaster Management in Australia,NA,2017,12,crossref,AAGL2022_067
10.2139/ssrn.4145412,In-Bag Abdominal Manual Morcellation Versus Contained Power Morcellation in Laparoscopic Myomectomy: A Comparison of Surgical Outcomes and Costs,Guven C,Uysal D,Guven C; Uysal D,SSRN Electronic Journal,NA,NA,01,crossref,AAGL2023_016
10.1186/s12893-023-02007-5,In-bag abdominal manual morcellation versus contained power morcellation in laparoscopic myomectomy: a comparison of surgical outcomes and costs,Güven C,Uysal D,Güven C; Uysal D,BMC Surgery,"Abstract
                Background
                To compare the surgical outcomes and costs of in-bag abdominal manual morcellation (AMM) and contained power morcellation (PM) in laparoscopic myomectomy.
              
                Methods
                A total of 61 patients were divided into two groups based on their myomectomy specimen extraction methods: AMM group (n = 33) and electromechanical contained PM group (n = 28). The surgical outcomes and cost were compared between groups. During AMM, a glove bag (in 27 patients) and an endo bag were used (in 6 patients) according to the myoma size.
              
                Results
                Morcellation time (18 ± 9.2 min vs. 37.4 ± 14.1 min) and total operation time (100 ± 24.3 min vs. 127 ± 33.1 min) were significantly lower in the AMM group compared to those in the PM group. Other surgical outcomes, which were similar between groups, included delta hemoglobin, length of hospital stay and VAS score at 12 and 24 h postoperatively. There were no per- or postoperative complications in both group with no conversion to laparotomy. One patient was transfused with two units of erythrocyte suspension postoperatively in the PM group. Sarcoma was not diagnosed in any of the cases in both group.
              
                Conclusion
                The in-bag AMM or contained PM for specimen extraction resulted in similar outcomes in terms of delta hemoglobin, postoperative pain intensity (VAS score at 12 and 24 h postoperatively), the need for additional analgesia, and the length of hospital stay; however, total operation time and morcellation time were significantly shorter in the AMM group, indicating a prominent advantage. Significant cost-effectiveness is also a critical advantage of in-bag AMM compared to containing PM.
              ",2023,04,crossref,AAGL2023_016
10.1016/j.jmig.2023.08.023,Abdominal Versus Vaginal Contained Manual Morcellation for Laparoscopic Myomectomy,Flatow V,Zakashansky K,Flatow V; Atobiloye N; Khalil S; Ascher-Walsh C; Rosen L; Zakashansky K,Journal of Minimally Invasive Gynecology,NA,2023,11,crossref,AAGL2023_016
10.1016/j.jmig.2015.08.159,Contained Manual Specimen Removal Versus Uncontained Power Morcellation in Laparoscopic Myomectomy,Tam J,Nimaroff M,Tam J; Farrow M; Nimaroff M,Journal of Minimally Invasive Gynecology,NA,2015,11,crossref,AAGL2023_016
10.18231/j.ijogr.2025.006,Comparison of manual vaginal morcellation with laparoscopic power morcellation in specimen retrieval during laparoscopic myomectomy,Nambiar M,Bhat S,Nambiar M; Suresh Y A; Surendran J; Sreenivas A; Bhat S,Indian Journal of Obstetrics and Gynecology Research," Most popular specimen retrieval techniques in laparoscopic myomectomy are manual vaginal morcellation and power morcellation.  This prospective study was conducted from October 2018 to September 2022 and included 150 patients who underwent laparoscopic myomectomy.: Specimen extraction time was about 9.744 ±1.076 minutes in the vaginal morcellation group and 77.366 ±324.067 minutes in power morcellation group (p value 0.062). Cost of surgery in US dollars was 954.550± 2.272 USD in vaginal morcellation group and 1266.329± 215.246 USD in power morcellation group (p value &amp;#60; 0.001). About 0.013± 0.112 patients in vaginal morcellation group required of additional analgesia post operatively. This was required in about 0.171 ± 0.379 patients in power morcellation group (p value &amp;#60; 0.001). Patients who had vaginal morcellation were discharge ready at 128.625 ± 13.664 minutes. Where as this was 182.561± 30.381 minutes in power morcellation group (p value of &amp;#60; 0.001). About 0.013± 0.112 patients in the vaginal morcelaltion group had wound related adverse effects. About 0.171 ± 0.379 patients had such adverse effects in the power morcellation group (p value &amp;#60; 0.001). : From our findings we conclude that Manual vaginal morcellartion is a much quicker, inexpensive and less painful alternative to power moecellation to extract specimens after laparoscoic myometomy. Manual vaginal morcellation also has less wound related complications with quicker post operative discharge readiness. ",2025,02,crossref,AAGL2023_016
10.22541/au.164623390.04514107/v1,Comparison of Laparoscopic Enclosed Electromechanical Morcellation and Vaginal Enclosed Scalpel Morcellation at Laparoscopic Myomectomy: A Prospective Randomized Trial,Akdemir A,Sahin C,Akdemir A; Ari S; Taylan E; ÖKMEN F; Sahin C,NA,"Objective: To compare the laparoscopic enclosed electromechanical
morcellation (LEM) with vaginal enclosed scalpel morcellation (VSM) in
laparoscopic myomectomy procedures. Design: Prospective randomized
interventional clinical study. Setting: Tertiary university hospital.
Population or Sample: One hundred eighteen patients who underwent
laparoscopic myomectomy. Methods: All myomectomy procedures were
performed laparoscopically. After myomectomy, tissue removal was
accomplished via either LEM using the previously described in-glove
morcellation technique or VSM. In the VSM group, myoma was placed into
an endoscopic bag and removed through the vagina via posterior colpotomy
after scalpel morcellation. Main Outcome Measures: Primary outcome:
tissue removal time. Secondary outcome: rescue analgesia requirement,
postoperative Visual Analog Scale (VAS) scores, postoperative 3th month
scores of Female Sexual Function Index (FSFI). Results: The median
tissue removal time was longer in the LEM group (25 min (Range: 14-55))
than the VSM group (20 min (Range: 6-38) (p=.001). Rescue analgesia
requirement was significantly higher in the LEM group than the VSM group
(mean rank: 56.92 vs 40.92 doses, respectively; p&lt;.001). There
was no significant difference between the groups at postoperative VAS
scores. There was no significant difference between preoperative and
postoperative 3th month total scores of FSFI and subdomains in the LEM
group. Conversely, all subdomains and total scores of FSFI (26.5
(16.7-34.8) vs. 22.7 (15.2-28.7) except pain significantly worsened
three months after operation in the VSM group. Conclusion: LEM was
associated with a longer tissue removal time and increased postoperative
analgesic requirement. On the other hand, VSM was associated with
worsened postoperative sexual function from baseline.",NA,01,crossref,AAGL2023_016
10.3410/f.737906874.793586260,Faculty Opinions recommendation of In-bag manual versus uncontained power morcellation for laparoscopic myomectomy.,Tsaltas J,Tsaltas J,Tsaltas J,Faculty Opinions – Post-Publication Peer Review of the Biomedical Literature,NA,2021,06,crossref,AAGL2023_016
10.1002/14651858.cd013352,In-bag manual versus uncontained power morcellation for laparoscopic myomectomy,Zullo F,Saccone G,Zullo F; Venturella R; Saccone G,Cochrane Database of Systematic Reviews,NA,2019,06,crossref,AAGL2023_016
10.1002/14651858.cd013352.pub2,In-bag manual versus uncontained power morcellation for laparoscopic myomectomy,Zullo F,Saccone G,Zullo F; Venturella R; Raffone A; Saccone G,Cochrane Database of Systematic Reviews,NA,2020,05,crossref,AAGL2023_016
10.1016/j.tjog.2019.01.029,Two-port myomectomy using bag-contained manual morcellation: A comparison with three-port myomectomy using power morcellation,Yang J,Kim H,Yang J; Song Y; Na Y; Kim H,Taiwanese Journal of Obstetrics and Gynecology,NA,2019,05,crossref,AAGL2023_016
10.1016/j.jmig.2014.08.715,Laparoscopic Myomectomy with New Vaginal Morcellation,Kim D,Kim H,Kim D; Byon M; Kim H,Journal of Minimally Invasive Gynecology,NA,2014,11,crossref,AAGL2023_016
10.5603/gp.a2022.0002,A self-developed contained bag for laparoscopic myomectomy morcellation,Wei Y,Jia S,Wei Y; Zhou X; Ren Q; Ma Q; Tao X; Shao M; Jia S,Ginekologia Polska,NA,2022,03,crossref,AAGL2023_016
10.1016/j.jmig.2015.08.889,Contained Morcellation for Laparoscopic Myomectomy Within a Specially Designed Bag,Cheung V,Pun T,Cheung V; Pun T,Journal of Minimally Invasive Gynecology,NA,2016,01,crossref,AAGL2023_016
10.1515/9783110535204-010,10. Abdominal approaches to uterine myomas (laparoscopic myomectomy) and morcellation,Arora C,Advincula A,Arora C; Advincula A,Minimally Invasive Surgery in Gynecological Practice,NA,2020,03,crossref,AAGL2023_016
10.1016/j.jmig.2024.09.146,Novel Contained Laparoscopic Assisted Vaginal Morcellation - The LAVMor Technique,Trivedi S,Trivedi S,Trivedi S,Journal of Minimally Invasive Gynecology,NA,2024,11,crossref,AAGL2023_016
10.1111/jog.15507,Comparison of laparoscopic enclosed electromechanical morcellation and vaginal enclosed scalpel morcellation at laparoscopic myomectomy: A prospective randomized trial,Akdemir A,Sahin C,Akdemir A; Ari S; Taylan E; Okmen F; Sahin C,Journal of Obstetrics and Gynaecology Research,"AbstractAimThis study aimed to compare the laparoscopic‐enclosed electromechanical morcellation (LEM) with vaginal‐enclosed scalpel morcellation (VSM) in laparoscopic myomectomy procedures.MethodsOne hundred eighteen patients who underwent laparoscopic myomectomy were enrolled the prospective randomized interventional clinical study in tertiary university hospital. After myomectomy, tissue removal was accomplished via either LEM using the in‐glove morcellation technique or VSM.ResultsThe median tissue removal time was longer in the LEM group (25 min [range: 14–55]) than the VSM group (20 min [range: 6–38] [p = 0.001]). Rescue analgesia requirement was significantly higher in the LEM group than the VSM group (mean rank: 56.92 vs. 40.92 doses, respectively; p &lt; 0.001). There was no significant difference between preoperative and postoperative third month total scores of female sexual function index (FSFI) and subdomains in the LEM group. Conversely, all subdomains and total scores of FSFI (26.5 [16.7–34.8] vs. 22.7 [15.2–28.7]) except pain significantly worsened 3 months after operation in the VSM group.ConclusionsLEM was associated with a longer tissue removal time and increased postoperative analgesic requirement. On the other hand, VSM was associated with worsened postoperative sexual function from baseline.",2023,02,crossref,AAGL2023_016
10.1016/j.jmig.2015.08.004,Contained Morcellation for Laparoscopic Myomectomy Within a Specially Designed Bag,Paul P,Garg R,Paul P; Thomas M; Das T; Patil S; Garg R,Journal of Minimally Invasive Gynecology,NA,2016,02,crossref,AAGL2023_016
10.1016/j.fertnstert.2015.12.133,In-bag manual versus uncontained power morcellation for laparoscopic myomectomy: randomized controlled trial,Venturella R,Zullo F,Venturella R; Rocca M; Lico D; La Ferrera N; Cirillo R; Gizzo S; Morelli M; Zupi E; Zullo F,Fertility and Sterility,NA,2016,05,crossref,AAGL2023_016
10.1016/j.jmig.2015.09.007,Reply to Letter: Contained Morcellation for Laparoscopic Myomectomy Within a Specially Designed Bag,Paul P,Garg R,Paul P; Thomas M; Das T; Patil S; Garg R,Journal of Minimally Invasive Gynecology,NA,2016,01,crossref,AAGL2023_016
10.38136/jgon.1515577,Comparison of surgical outcomes between manual free vaginal morcellation and no vaginal morcellation for uterine extraction during total laparoscopic hysterectomy: Retrospective cohort study,Yavuz O,Güney M,Yavuz O; Akdöner A; Mankan K; Kula A; Delikaya B; Atlıhan U; Güney M,Jinekoloji-Obstetrik ve Neonatoloji Tıp Dergisi,"Aim: We aimed to compare the surgical outcomes between manual free vaginal morcellation and no vaginal morcellation for uterine extraction during total laparoscopic hysterectomy (TLH) performed in a tertiary center.
Materials and Methods: A total of 397 TLH either with or without oophorectomy, for a benign indication, surgeries performed at our tertiary hospital between March 2022 and May 2024 were analyzed in our study. Patients who underwent manual free vaginal morcellation were defined as Group I (n=85, 21.4%) and patients who did not undergo vaginal morcellation were defined as Group II (n=312, 78.6%). Demographic characteristics, laboratory values, operation characteristics and histopathological reports were accessed from the hospital database. 
Results: The median uterine weight of the morcellation group was greater. Median morcellation time was 9 minutes. While the median operation time of Group I was 80 minutes, it was 70 minutes for Group II. The groups were similar with regard to postoperative urinary tract, intraoperative urinary tract and intraoperative bowel injuries. Intraoperative vaginal or perineal laceration was detected at a greater rate in the morcellation group.
Conclusion: For large uteruses, TLH is still the best option for suitable patients when performed by experienced surgeons. It has been revealed that manual free vaginal morcellation, performed without the need for additional incisions, is safe, low-cost and practical in total laparoscopic hysterectomies with benign indications.",2024,09,crossref,AAGL2023_016
10.1016/j.jmig.2023.08.055,Sterilization Rates Following the Overturn of Roe v Wade,Elsahy D,Kasper K,Elsahy D; Oshinowo A; Gnade C; Ogunmuko K; Picklesimer M; Moss K; Kasper K,Journal of Minimally Invasive Gynecology,NA,2023,11,crossref,AAGL2023_044
10.2139/ssrn.5109545,After Roe v. Wade Overturn: How the Biden Government and Congress Act with IVF,Lin Y,Lin Y,Lin Y,NA,NA,NA,01,crossref,AAGL2023_044
10.1097/01.npr.0000873552.13618.91,The overturn of Roe v. Wade,Kaplan L,Kaplan L,Kaplan L,The Nurse Practitioner,NA,2022,10,crossref,AAGL2023_044
10.12797/9788381389006.03,The Political Game of the Roe v. Wade Overturn,Maszniew Z,Maszniew Z,Maszniew Z,Smoking Guns: Tematy dzielące Amerykę,"The fall of Roe v. Wade reverts the U.S. to the pre-Roe status when the stateshad freedom of legislation on abortion. Consequently, the political aspect ofRoe v. Wade’s overturn shapes even deeper polarization of American society.The Supreme Court’s decision of Dobbs v. Jackson Women’s Health Organizationwas widely discussed regarding the 2022 midterms as well as future presidentialelections and the balance of power in Congress. Once again, law andpolitics intertwine in the creation of American reality, as the Supreme Court’sdecision became a soft power game. Even the definition of abortion was putup for debate by Republicans before the midterms. The fall of Roe v. Wadedeveloped into a tool in the hands of politicians fighting for votes and power,whereas women’s bodies became an instrument in the pursuit of political aims.",2023,01,crossref,AAGL2023_044
10.64628/aai.ff3934mtv,"Will the Supreme Court overturn Roe v. Wade? And if it does, what happens to abortion rights?",Hill B,Hill B,Hill B,NA,NA,NA,01,crossref,AAGL2023_044
10.64628/aai.h6r4sqa5a,"5 justices, all confirmed by senators representing a minority of voters, appear willing to overturn Roe v. Wade",McMahon K,McMahon K,McMahon K,NA,NA,NA,01,crossref,AAGL2023_044
10.1136/bmj.o656,US states rush to limit abortions in hope that Supreme Court will overturn Roe v Wade,Tanne J,Tanne J,Tanne J,BMJ,NA,2022,03,crossref,AAGL2023_044
10.1525/joae.2023.4.4.545,Coming to Terms with the Overturn of <i>Roe v. Wade</i>,Howard N,Howard N,Howard N,Journal of Autoethnography,NA,2023,10,crossref,AAGL2023_044
10.1001/jamanetworkopen.2023.4509,Mental Distress Among Female Individuals of Reproductive Age and Reported Barriers to Legal Abortion Following the US Supreme Court Decision to Overturn <i>Roe v Wade</i>,Dave D,Yang M,Dave D; Fu W; Yang M,JAMA Network Open,This case-control study investigates the association of the US Supreme Court decision to overturn Roe v Wade with mental distress among female individuals of reproductive age.,2023,03,crossref,AAGL2023_044
10.1145/3613904.3642042,"""I Deleted It After the Overturn of Roe v. Wade"": Understanding Women's Privacy Concerns Toward Period-Tracking Apps in the Post Roe v. Wade Era",Cao J,Emami-Naeini P,Cao J; Laabadli H; Mathis C; Stern R; Emami-Naeini P,Proceedings of the CHI Conference on Human Factors in Computing Systems,NA,2024,05,crossref,AAGL2023_044
10.24324/kiacl.2022.28.2.1,Abortion Law Debate in America- How Did Conservative Lawyers Overturn Roe v. Wade?,,Moon J, ; Moon J,Korean Association of International Association of Constitutional Law,"On June 24, 2022, the U.S. Supreme Court decided in Dobbs v. Jackson Women’s Health Organization that the Constitution does not confer a right to abortion, which had been upheld since Roe v. Wade in 1973. Roe, overruled by Dobbs, had represented constitutional revolution led by liberal Justices starting from the Warren Court.
Conservative lawyers have tried to put an end to judicial activism since early 1980s.
This paper reviews the conservative judicial movement in terms of constitutional interpretation as well as social movement.
Originalism, conservative theory of constitutional interpretation based upon the text of the Constitutional and original meaning of the text, has been developed to criticize the Warren and Burger Court’s decisions of making constitutional rights based upon a theory of living constitutionalism. Originalists argue that incorporation of current values is the obligation of the representative, not the job of the court. In Dobbs the Supreme Court delivered an opinion that Roe was egregiously wrong and on a collision course with the Constitution.
Six Justices in majority opinion in Dobbs are members of, or otherwise affiliated with the Federalist Society. The Society, which was founded to promote conservative and libertarian beliefs such as limited government and judicial restraint in 1982, has grown to be the most influential legal network. Though the Society is accused of making the Court politicized, what we as foreign scholars should learn from the Society is the intellectual culture that the Society is focusing on. The Society has accumulated intellectual capital by way of reasoned debate and robust discussion.",2022,08,crossref,AAGL2023_044
10.7759/cureus.58994,Medical Implications of Restricting Abortions on Women Diagnosed With Fetal Anomalies Following the Overturn of Roe v. Wade: A Scoping Review,Mellquist M,Mayrovitz H,Mellquist M; Hoedt M; Fusco K; Alef R; Dittmer K; Ash H; Shoukat W; Fonteyn L; Herzstein S; Heineman A; Mayrovitz H,Cureus,NA,2024,04,crossref,AAGL2023_044
10.3899/jrheum.220782,The Unintended Consequence of the Overturn of Roe v Wade: Restrictions on Methotrexate Use,Bermas B,Bermas B,Bermas B,The Journal of Rheumatology,NA,2022,11,crossref,AAGL2023_044
10.1257/rct.12105-1.0,Information about the recent enactment of antiabortion laws and the overturn of Roe vs. Wade and college students' perceived sense of discrimination and fair treatment,Rodriguez-Planas N,Rodriguez-Planas N,Rodriguez-Planas N,AEA Randomized Controlled Trials,NA,NA,01,crossref,AAGL2023_044
10.1257/rct.12105,Information about the recent enactment of antiabortion laws and the overturn of Roe vs. Wade and college students' perceived sense of discrimination and fair treatment,Rodriguez-Planas N,Rodriguez-Planas N,Rodriguez-Planas N,AEA Randomized Controlled Trials,NA,NA,01,crossref,AAGL2023_044
10.1001/jamaoncol.2022.3785,The Implications of the Supreme Court Decision to Overturn <i>Roe v Wade</i> for Women With Pregnancy-Associated Cancers,Silverstein J,Van Loon K,Silverstein J; Van Loon K,JAMA Oncology,"This Viewpoint evaluates factors introduced by the overturn of Roe v Wade that will further complicate the complex, multidisciplinary decision-making involved in treating patients with pregnancy-associated cancer.",2022,10,crossref,AAGL2023_044
10.1097/01.ogx.0000905312.45460.79,Navigating Loss of Abortion Services—A Large Academic Medical Center Prepares for the Overturn of Roe v. Wade,Harris L,Harris L,Harris L,Obstetrical &amp; Gynecological Survey,"(Abstracted from N Engl J Med 2022;386:2061–2064)
          As abortion is now intensely politicized in the United States, public discourse obscures its nature as an issue of health and health care. Preparation for the wide impact of criminalized abortion is paramount.",2022,12,crossref,AAGL2023_044
10.3390/informatics12020049,Analyzing the Overturn of Roe v. Wade: A Term Co-Occurrence Network Analysis of YouTube Comments,Bizri-Baryak R,Kreps G,Bizri-Baryak R; Ivanitskaya L; Erzikova E; Kreps G,Informatics,"Objective: This study examines YouTube comments following the overturn of Roe v. Wade, investigating how perceptions of health implications differ based on commenters’ gender and abortion stance. Methods: Using Netlytic, 25,730 comments were extracted from YouTube videos discussing the overturn of Roe v. Wade, half of which featured physicians discussing public health implications. Manual coding of 21% of the comments identified discussions on abortion stance and medical implications, while Gender API approximated the commenters’ gender. A term co-occurrence network was generated with VOSviewer to visualize key terms and their interrelations. Custom overlays explored patterns related to gender, abortion views, and medical implications, and comparisons within these overlays intersected with the medical implications overlay to illustrate contextual differences across demographics. Results: Four clusters emerged in the network: Constitutional Law, addressing the U.S. Constitution’s interpretation and legal impacts; Reproductive Rights and Responsibility, discussing alternatives to abortion and access; Human Development, exploring the intersection of abortion laws and individual beliefs; and Religious Beliefs, linking abortion laws to faith. Prochoice users focused on medical and socioeconomic impacts on women, whereas prolife users emphasized the prevention of unwanted pregnancies and moral considerations. Gender analysis revealed males centered on constitutional issues, while females highlighted medical and personal effects. Conclusion: The findings underscore that monitoring YouTube discourse offers valuable insights into public responses to shifts in health policy.",2025,05,crossref,AAGL2023_044
10.17226/27242,Challenges in the Provision of Lifesaving Care for Pregnant Patients Following the Overturn of Roe v. Wade,,, ;  ;  ;  ;  ,NA,NA,2023,09,crossref,AAGL2023_044
10.47287/cen-10024-editorial,Editorial: The decision by the US Supreme Court to overturn Roe vs. Wade has the potential to erode decades of DEI gains in the sciences,Bibiana Campos Seijo,Bibiana Campos Seijo,Bibiana Campos Seijo ,Chemical &amp; Engineering News,NA,2022,06,crossref,AAGL2023_044
10.1016/j.jmig.2012.08.012,Location of Epigastric Vessels Stratified by BMI,Garza-Cavazos A,Robbs R,Garza-Cavazos A; Lay S; Groesch K; Buedefeldt-Pollard J; Becker J; Siddique S; Robbs R,Journal of Minimally Invasive Gynecology,NA,2012,11,crossref,AAGL2012_003
10.1016/j.jmig.2024.12.011,Mapping of the Deep Epigastric Vessels Stratified by Body Mass Index (BMI),Garza-Cavazos A,Siddique S,Garza-Cavazos A; Mabini C; Tam M; Diaz-Sylvester P; Groesch K; Robbs R; Lay S; Wilson T; Loret de Mola J; Siddique S,Journal of Minimally Invasive Gynecology,NA,2025,05,crossref,AAGL2012_003
10.1007/978-3-030-75389-4_20,Superior Epigastric Vessels,Specht B,Gurunian R,Specht B; Gurunian R,Recipient Vessels in Reconstructive Microsurgery,NA,2021,01,crossref,AAGL2012_003
10.1007/978-3-030-75389-4_15,Deep Inferior Epigastric Vessels,Gurunian R,Drake R,Gurunian R; Knackstedt R; Kegecik K; Drake R,Recipient Vessels in Reconstructive Microsurgery,NA,2021,01,crossref,AAGL2012_003
10.1016/j.jmig.2016.04.002,Location of the Deep Epigastric Vessels in the Resting and Insufflated Abdomen,Burnett T,Siddique S,Burnett T; Garza-Cavazos A; Groesch K; Robbs R; Diaz-Sylvester P; Siddique S,Journal of Minimally Invasive Gynecology,NA,2016,07,crossref,AAGL2012_003
10.1007/978-3-030-75389-4_19,Superficial Circumflex Iliac and Superficial Inferior Epigastric Vessels,Alleyne B,Gurunian R,Alleyne B; Ozturk C; Gurunian L; Gurunian R,Recipient Vessels in Reconstructive Microsurgery,NA,2021,01,crossref,AAGL2012_003
10.3389/fonc.2022.987518,The prognostic impact of BMI on colorectal cancer is stratified by tumor location,Zhang Z,Chu D,Zhang Z; Yan X; Lu Y; Guo X; Jiao M; Wang W; Sun B; Zhou Y; Hu Q; Chu D,Frontiers in Oncology,"PurposeRecent studies have revealed the contrasting prognostic roles of body mass index (BMI) and tumor location in colorectal cancer (CRC). Given that right- and left-sided CRC may exhibit inverse effects on outcome and body weight, the present study aimed to examine whether the prognostic value of BMI and tumor location could be reciprocally stratified.MethodsThis prospective, observational study recruited 4,086 patients diagnosed with stage III CRC from five independent clinical centers in China. The association of patients’ outcomes with BMI and tumor location was evaluated hierarchically by Kaplan–Meier and Cox proportional-hazards models.ResultsAlthough BMI was not associated with overall outcome, the association was significantly modified by tumor location. Among left-sided tumors, obesity and overweight were significantly associated with adverse overall survival (OS) and disease-specific survival (DSS). In contrast, among right-sided tumors, overweight was significantly associated with more favorable OS and DSS compared with the normal-weight group. The association of survival with tumor location did not reach statistical significance. However, hierarchical analysis by BMI revealed that left-sided tumors were associated with more favorable outcomes in the normal-weight group, while there was no statistically significant difference in the overweight or obese group.ConclusionsBMI and tumor location may have opposing effects on CRC prognosis, when stratified by each other, after adjusting for other known prognostic factors. These findings are the first to show the interactive prognostic impact of BMI and tumor location, which could be relevant to the stratification of patient management.",2022,11,crossref,AAGL2012_003
10.1097/01.gox.0000513382.20660.be,Abstract P8. Anatomy of Superficial Inferior Epigastric Vessels: Revival of Superficial Inferior Epigastric (SIEA) Flap,Lohasammakul S,Chuangsuwanich A,Lohasammakul S; Turbpaiboon C; Lohsiriwat V; Chaiyasate K; Ratanalekha R; Chuangsuwanich A,Plastic and Reconstructive Surgery - Global Open,NA,2017,02,crossref,AAGL2012_003
10.1007/978-1-4939-1634-4_44,The Surgical Importance of the Inferior Epigastric Vessels,Karakousis C,Karakousis C,Karakousis C,Atlas of Operative Procedures in Surgical Oncology,NA,2015,01,crossref,AAGL2012_003
10.1186/2193-1801-2-63,"Comparison of hospital-wide and age and location - stratified antibiograms of S. aureus, E. coli, and S. pneumoniae: age- and location-stratified antibiograms",Swami S,Banerjee R,Swami S; Banerjee R,SpringerPlus,NA,2013,12,crossref,AAGL2012_003
10.31031/etun.2018.02.000539,Utilization of Epigastric Vessels in Combined Penile Straightening and Revascularization Surgery,Ural Çakıcı Ö,Ural Çakıcı Ö,Ural Çakıcı Ö,Experimental Techniques in Urology &amp; Nephrology,NA,2018,09,crossref,AAGL2012_003
10.1007/s00238-017-1349-0,Anatomy of superficial inferior epigastric vessels: revival of superficial inferior epigastric (SIEA) flap,Lohasammakul S,Chuangsuwanich A,Lohasammakul S; Turbpaiboon C; Ratanalekha R; Lohsiriwat V; Chaiyasate K; Roham A; Chuangsuwanich A,European Journal of Plastic Surgery,NA,2018,06,crossref,AAGL2012_003
10.1016/j.cson.2025.100082,"Assessing the prophylactic use of superficial inferior epigastric vessels (SIEV) for the super-drainage of deep inferior epigastric perforator flaps (DIEPs), correlated to patient demographic, anatomical and operative risk factors",Iyer R,Iyer R,Iyer R,Clinical Surgical Oncology,NA,2025,06,crossref,AAGL2012_003
10.1097/md.0000000000034603,Deep inferior epigastric vessels for free scapular flap phalloplasty,Li S,Li Y,Li S; Luo S; Yang Z; Ma N; Li Y,Medicine,"
                    We aimed to present our 20-year experience of using the deep inferior epigastric vessels as recipient vessels for free scapular flaps phalloplasty and evaluate the outcomes. Penile reconstruction was performed using a free scapular flap between 2000 and 2020 by the same surgical team. Deep inferior epigastric vessels were used in all the cases. The surgical techniques and outcomes were described. Overall, 73 patients used the deep inferior epigastric artery (DIEA) as the recipient artery. Regarding the recipient veins, 2 veins were anastomosed in 72 (98.6%) patients, 1 deep inferior epigastric vein (DIEV) was used in 1 patient, 2 DIEV in 14, 1 DIEV + superficial inferior epigastric vein (SIEV) in 13, 1 DIEV + superficial circumflex iliac vein (SCIV) in 38, great saphenous vein (GSV) + SCIV in 4, and GSV + SIEV in 3. The mean age and body mass index of the study cohort was 28 years and 24.3 kg/m
                    2
                    , respectively. The shortest follow-up time was 7 months. Eleven patients had flap-related complications. Three patients were readmitted to the operating room within 24 hours, and 2 of them underwent salvage procedures with venous revision. Two patients lost the entire flap. One patient with 3-cm distal portion necrosis required surgical intervention. Three patients experienced urethral necrosis. DIEA is a suitable receptor artery for inflow. The DIEV, SIEV, and SCIV are available options for venous drainage according to the patient anatomical characteristics. The GSV can be an excellent backup for outflow and salvage procedures.
                  ",2023,08,crossref,AAGL2012_003
10.1016/j.ejso.2024.108096,"Assessing the prophylactic use of the superficial inferior epigastric vessels (SIEV) for the super – Drainage of deep inferior epigastric perforator flaps (DIEPS), correlated to patient demographic, anatomical and operative risk factors",Srinivasan R,Morgan M,Srinivasan R; Morgan M,European Journal of Surgical Oncology,NA,2024,05,crossref,AAGL2012_003
10.5999/aps.2015.42.6.783,"""Mini-Flow-Through"" Deep Inferior Epigastric Perforator Flap for Breast Reconstruction with Preservation of Both Internal Mammary and Deep Inferior Epigastric Vessels",Satake T,Maegawa J,Satake T; Sugawara J; Yasumura K; Mikami T; Kobayashi S; Maegawa J,Archives of Plastic Surgery,"This procedure was developed for preservation of the rectus muscle components and deep inferior epigastric vessel after deep inferior epigastric perforator (DIEP) flap harvesting. A 53-year-old woman with granuloma caused by silicone injection underwent bilateral nipple-sparing mastectomies and immediate reconstruction with ""mini-flow-through"" DIEP flaps. The flaps were dissected based on the single largest perforator with a short segment of the lateral branch of the deep inferior epigastric vessel that was transected as a free flap for breast reconstruction. The short segments of the donor deep inferior epigastric vessel branch are primarily end-to-end anastomosed to each other. A short T-shaped pedicle mini-flow-through DIEP flap is interposed in the incised recipient's internal mammary vessels with two arterial and four concomitant venous anastomoses. Although it requires multiple vascular anastomoses and a short pedicle for the flap setting, the mini-flow-through DIEP flap provides a large pedicle caliber, enabling safer microsurgical anastomosis and well-vascularized tissue for creating a natural breast without consuming time or compromising the rectus muscle components and vascular flow of both the deep inferior epigastric and internal mammary vessels.",2015,11,crossref,AAGL2012_003
10.1055/s-0034-1383427,Microvascular Penile Replantation Utilizing the Deep Inferior Epigastric Vessels,Leyngold M,Rivera-Serrano C,Leyngold M; Rivera-Serrano C,Journal of Reconstructive Microsurgery,NA,2014,07,crossref,AAGL2012_003
10.1136/bcr-2016-214832corr1,Erratum: <i>Prevascular femoral hernia and its relation with inferior epigastric vessels: a rare presentation of the femoral hernia sac</i>,,,,BMJ Case Reports,NA,2016,09,crossref,AAGL2012_003
10.5152/balkanmedj.2014.14002,Twodetector Computed Tomography Map of Inferior Epigastric Vessels for Percutaneous Transabdominal Intervention Procedures,Genchellac H,Demir M,Genchellac H; Dursun M; Temizoz O; Cagli B; Demir M,Balkan Medical Journal,NA,2014,01,crossref,AAGL2012_003
10.1016/j.jamcollsurg.2018.08.278,Comparing Outcomes in Laparoscopic Abdominoperineal Resection Stratified by BMI,Kelley M,Lisle D,Kelley M; Blitzer D; Lisle D,Journal of the American College of Surgeons,NA,2018,10,crossref,AAGL2012_003
10.1016/j.jmig.2012.08.037,Overcoming the Large Uterus: Retroperiotneal Approach to Robotic Hysterectomy,Orady M,Orady M,Orady M,Journal of Minimally Invasive Gynecology,NA,2012,11,crossref,AAGL2012_028
10.62830/mmj1-04-19c,Robotic Hysterectomy in Renal Recipient Lady with Very Large Fibroid Uterus,Chandna A,Chandna A,Chandna A,Robotic Hysterectomy in Renal Recipient Lady with Very Large Fibroid Uterus,"With time, proficiency in minimally invasive surgeries has been increasing, especially with the advent of robotic surgery. In this study, we present the case of a renal transplant recipient with a large uterine fibroid. She underwent a robotic hysterectomy with a multidisciplinary peri-operative management, considering her immunocompromised status.",2024,12,crossref,AAGL2012_028
10.1007/978-3-319-22497-8_65,Robotic-Assisted Total Hysterectomy: Hysterectomy Techniques for the Large Uterus,Silasi D,Silasi D,Silasi D,Hysterectomy,NA,2018,01,crossref,AAGL2012_028
10.1016/j.jmig.2025.09.480,14721 Single-Port Robotic Hysterectomy for a Large Uterus: Techniques for Overcoming the 500g Barrier,Austin E,Mourad J,Austin E; Erdemoglu E; Mourad J,Journal of Minimally Invasive Gynecology,NA,2025,11,crossref,AAGL2012_028
10.1515/9783110306576.111,9. Approach to the big uterus for hysterectomy,Eads G,Payne T,Eads G; Payne T,Robotic Surgery,NA,2013,12,crossref,AAGL2012_028
10.1201/9780429284113-22,Robotic Hysterectomy in Fibroid Uterus,Bahadur A,Bahadur A,Bahadur A,FIBROID UTERUS Surgical Challenges in Minimal Access Surgery,NA,2020,12,crossref,AAGL2012_028
10.1016/j.jmig.2024.09.815,11682 Instructional Video Lecture: Robotic Hysterectomy: Lateral Retroperitoneal Approach to a Large Fibroid Uterus,Villamor G,ElSahwi K,Villamor G; Helveston K; ElSahwi K,Journal of Minimally Invasive Gynecology,NA,2024,11,crossref,AAGL2012_028
10.1007/978-3-319-22497-8_117,Hysterectomy Techniques for the Large Uterus,Kovac S,Kovac S,Kovac S,Hysterectomy,NA,2018,01,crossref,AAGL2012_028
10.1007/978-3-319-22497-8_64,Robotic-Assisted Total Hysterectomy: Hysterectomy Techniques in the Normal-Sized and Small Uterus,Wasson M,Magrina J,Wasson M; Magrina J,Hysterectomy,NA,2018,01,crossref,AAGL2012_028
10.1007/s11701-023-01673-0,Comparison of surgical outcomes between robot-assisted and conventional laparoscopic hysterectomy for large uterus,Nozaki T,Sakamoto I,Nozaki T; Matsuda K; Kagami K; Sakamoto I,Journal of Robotic Surgery,NA,2023,07,crossref,AAGL2012_028
10.1007/s11701-025-02827-y,Large uterus as a surgical challenge in robot-assisted vNOTES hysterectomy: a retrospective propensity score-matched analysis,Yang Q,Guan X,Yang Q; Izaddoost A; Lovell D; Guan X,Journal of Robotic Surgery,NA,2025,09,crossref,AAGL2012_028
10.1016/j.jmig.2014.12.145,Robotic Hysterectomy for a Large Myomatous Uterus,Menderes G,Silasi D,Menderes G; Baltes E; Silasi D,Journal of Minimally Invasive Gynecology,NA,2015,03,crossref,AAGL2012_028
10.1007/978-3-319-22497-8_90,Total Abdominal Hysterectomy in Benign Indications: Hysterectomy Techniques for the Large Uterus,Munshi A,Munshi S,Munshi A; Munshi S,Hysterectomy,NA,2018,01,crossref,AAGL2012_028
10.1007/s11701-025-02507-x,Critical insights on surgical outcomes of robotic hysterectomy for large uterus weighing more than 1000 g: a retrospective study from a high-volume center,Amjad M,Irfan F,Amjad M; Mian Z; Urooj I; Irfan F,Journal of Robotic Surgery,NA,2025,06,crossref,AAGL2012_028
10.4293/jsls.2018.00068,Comparison of Robotic and Laparoscopic Hysterectomy for the Large Uterus,Sinha R,Sanjay M,Sinha R; Bana R; Sanjay M,JSLS : Journal of the Society of Laparoendoscopic Surgeons,NA,2019,01,crossref,AAGL2012_028
10.1016/j.jmig.2018.09.748,"Robotic-Assisted Laparoscopic Hysterectomy in Large Fibroid Uterus, Tips and Techniques",Seifi F,Silasi D,Seifi F; McFadgen A; Silasi D,Journal of Minimally Invasive Gynecology,NA,2018,11,crossref,AAGL2012_028
10.1016/j.jmig.2021.09.395,Robotic Hysterectomy for Large Fibroid Uterus – 5 Strategies,Sinha R,S. N,Sinha R; Bana R; Mohanty G; Sampurna S; S. N,Journal of Minimally Invasive Gynecology,NA,2021,11,crossref,AAGL2012_028
10.1016/j.jmig.2014.08.132,Optimizing Visualization with a 30° Lens during Robotic Hysterectomy for a Very Large Uterus,Dave A,Dabelea V,Dave A; Dabelea V,Journal of Minimally Invasive Gynecology,NA,2014,11,crossref,AAGL2012_028
10.1007/s11701-025-02422-1,Surgical outcomes of robotic hysterectomy for large uterus weighing more than 1000 g: a retrospective study from a high-volume center,Zhao L,Gu C,Zhao L; Xie X; Zhang N; Xu J; Yang W; Fan W; Meng Y; Li L; Gu C,Journal of Robotic Surgery,NA,2025,05,crossref,AAGL2012_028
10.5005/jp/books/12873_20,Total Laparoscopic Hysterectomy in a Large Uterus and Multiple Surgeries—Difficulties and Modifications,Bindra V,Bindra V,Bindra V,Textbook and Atlas of Laparoscopic Hysterectomy,NA,2016,01,crossref,AAGL2012_028
10.1016/j.jmig.2012.08.064,The NovaSure ® Endometrial Ablation Procedure: A 10-Year Review,Gimpelson R,Gimpelson R,Gimpelson R,Journal of Minimally Invasive Gynecology,NA,2012,11,crossref,AAGL2012_055
10.2147/ijwh.s56364,Ten-year literature review of global endometrial ablation with the NovaSure&amp;reg; device,Gimpelson R,Gimpelson R,Gimpelson R,International Journal of Women's Health,NA,2014,03,crossref,AAGL2012_055
10.1097/aog.0000000000006210.17,Bowel Injuries Reported After NovaSure Endometrial Ablation: A 10-Year Review of FDA MAUDE Data,Gomez J,Milad M,Gomez J; Avitia J; Milad M,Obstetrics &amp; Gynecology,NA,2026,04,crossref,AAGL2012_055
10.22541/au.161038233.38777044/v1,Placenta accreta after postpartum tubal sterilisation and Novasure® endometrial ablation,Igbokwe N,Kaur H,Igbokwe N; Glackin K; Kaur H,NA,"A case of a 42-year-old woman, Para 3 who had an unplanned pregnancy
despite bilateral tubal ligation for contraception, and Novasure®
endometrial ablation for persistent Heavy Menstrual Bleeding (HMB). The
pregnancy was complicated by missed miscarriage at 14 weeks and placenta
accreta. This is an uncommon event.",NA,01,crossref,AAGL2012_055
10.1016/j.jmig.2012.08.075,Pregnancy Outcomes Following a NovaSure ® Endometrial Ablation Procedure,Smith S,Bacher-Lind L,Smith S; Bacher-Lind L,Journal of Minimally Invasive Gynecology,NA,2012,11,crossref,AAGL2012_055
10.1016/j.jmig.2012.08.714,Treatment of Abnormal Uterine Bleeding with the MyoSure ® Tissue Removal System and the NovaSure ® Endometrial Ablation Procedure,Lukes A,Lukes A,Lukes A,Journal of Minimally Invasive Gynecology,NA,2012,11,crossref,AAGL2012_055
10.1016/j.jmig.2012.08.671,Evaluation of Previously Failed Treatments for Menorrhagia Prior to the NovaSure ® Endometrial Ablation Procedure,Thiel J,Briggs M,Thiel J; Motashami F; Briggs M,Journal of Minimally Invasive Gynecology,NA,2012,11,crossref,AAGL2012_055
10.1016/j.jmig.2012.08.674,Prevalence of Pelvic Pain Prior to and Following the NovaSure ® Endometrial Ablation Procedure,Briggs M,Thiel J,Briggs M; Bourne K; Thiel J,Journal of Minimally Invasive Gynecology,NA,2012,11,crossref,AAGL2012_055
10.1016/s1701-2163(15)30562-4,Evaluation of the NovaSure Endometrial Ablation Procedure in Women With Uterine Cavity Length Over 10 cm,Thiel J,Rattray D,Thiel J; Briggs M; Pohlman S; Rattray D,Journal of Obstetrics and Gynaecology Canada,NA,2014,06,crossref,AAGL2012_055
10.1016/j.jmig.2014.08.496,Concomitant Treatment of Abnormal Uterine Bleeding with the MyoSure® Tissue Removal System and the NovaSure® Endometrial Ablation Procedure: Outcomes at 12 Months,Lukes A,Lukes A,Lukes A,Journal of Minimally Invasive Gynecology,NA,2014,11,crossref,AAGL2012_055
10.1016/j.jmig.2013.08.473,Concomitant Treatment of Abnormal Uterine Bleeding with the MyoSure ® Tissue Removal System and the NovaSure ® Endometrial Ablation Procedure: Outcomes at 6 Months,Lukes A,Lukes A,Lukes A,Journal of Minimally Invasive Gynecology,NA,2013,11,crossref,AAGL2012_055
10.1007/s10397-016-0978-9,Effectiveness of thermal balloon ablation versus NovaSure endometrial ablation in different age groups,Hussain N,Aziz N,Hussain N; Barnes G; Aziz N,Gynecological Surgery,NA,2016,11,crossref,AAGL2012_055
10.1016/j.jmig.2012.08.719,Post-Ablation Tubal Sterilization Syndrome (PATSS) Following Novasure Endometrial Ablation: Two Case Reports and Review of Literature,Tam T,Lombard E,Tam T; Elgar C; Jirschele K; Lombard E,Journal of Minimally Invasive Gynecology,NA,2012,11,crossref,AAGL2012_055
10.1016/j.jmig.2017.08.516,Endometrial Ablation with the Next Generation NovaSure ® Device,Arrington D,Arrington D,Arrington D,Journal of Minimally Invasive Gynecology,NA,2017,11,crossref,AAGL2012_055
10.1016/j.jmig.2014.08.221,Treatment Complication and Reintervention Rates Following Endometrial Ablation with the NovaSure® System Versus Other Global Endometrial Ablation Modalities,Basinski C,Troeger K,Basinski C; Lukes A; Miller J; Lenhart G; Bonafede M; Troeger K,Journal of Minimally Invasive Gynecology,NA,2014,11,crossref,AAGL2012_055
10.21608/amj.2021.178261,THE EFFECT OF BIPOLAR RADIOFREQUENCY ABLATION (NOVASURE ENDOMETRIAL ABLATION SYSTEM) ON ENDOMETRIAL THICKNESS AND BLEEDING IN PATIENTS WITH PREMENOPAUSAL BLEEDING,M. El-Agamy S,Hamdy A,M. El-Agamy S; T. El-Garhy I; Hamdy A,Al-Azhar Medical Journal,NA,2021,07,crossref,AAGL2012_055
10.20517/2574-1225.2017.30,Complete amenorrhea following NovaSure endometrial ablation for resistant menorrhagia: a case report,Abdelazim I,Farag R,Abdelazim I; AbuFaza M; Farag R,Mini-invasive Surgery,NA,2018,02,crossref,AAGL2012_055
10.21608/ejhm.2018.18467,The Effect Of Bipolar Radiofrequency Ablation (Novasure Endometrial Ablation System) on Endometrial Thickness and Bleeding in Patients with Premenopausal Bleeding,Elgarhy I,Elagamy S,Elgarhy I; Hamdy A; Elagamy S,The Egyptian Journal of Hospital Medicine,NA,2018,10,crossref,AAGL2012_055
10.2147/ijwh.s153699,Efficacy and patient satisfaction after NovaSure and Minerva endometrial ablation for treating abnormal uterine bleeding: a retrospective comparative study,Scordalakes C,Stankiewicz R,Scordalakes C; delRosario R; Shimer A; Stankiewicz R,International Journal of Women's Health,NA,2018,04,crossref,AAGL2012_055
10.1097/01.aog.0000514356.44212.c6,The Effect of Uterine Size on the Failure Rate of NovaSure Radiofrequency Endometrial Ablation [11D],Cantrell L,Bostwick A,Cantrell L; Byck D; Bostwick A,Obstetrics &amp; Gynecology,"
            INTRODUCTION:
            Utilization of NovaSure endometrial ablation has been shown to be successful in treating menorrhagia. Little data exists describing NovaSure ablation failure. The purpose of this research is to determine variables most predictive of failure with NovaSure endometrial ablation.
          
          
            METHODS:
            A retrospective case-control study included 224 women who received NovaSure ablation between 2003-2014 at Memorial University Medical Center. 112 of these patients were identified as failures receiving a subsequent hysterectomy and the other 112 women were identified as control patients without a need for subsequent hysterectomy. Patient charts were accessed and reviewed to determine uterine measurements and the preoperative status of each woman including pre-operative pain and prior bilateral tubal ligation. Using SPSS Statistical software, the data was analyzed.
          
          
            RESULTS:
            Mean uterine sound (p= 0.043) and mean cervical length (p= 0.049) were predictive of failure. Secondary analyses determined women with prior bilateral tubal ligation (p= 0.009) predicted failure with NovaSure ablation. Women who experienced preoperative pelvic pain trended toward failure requiring subsequent hysterectomy, but no statistically significant difference was noted (p= 0.073).
          
          
            CONCLUSION:
            Within the limitations of this study, a NovaSure ablation in women with a longer uterus and a longer cervix yields higher failure rates with subsequent hysterectomy. The data also supports the hypothesis that the presence of tubal sterilization is associated with increased risk of subsequent hysterectomy. Determining the significance of pre-operative pain will require further chart investigation. This study can help physicians better identify NovaSure ablation candidates that will be successful thereby improving cost efficacy.
          ",2017,05,crossref,AAGL2012_055
10.1016/j.jmig.2012.08.072,"Bladder Pain Due to Foreign Body – Case Report, Surgical Video and Discussion",Mosbrucker C,Mosbrucker C,Mosbrucker C,Journal of Minimally Invasive Gynecology,NA,2012,11,crossref,AAGL2012_063
10.1093/jscr/rjae819,Unusual intravesical findings: a case report on foreign body in the bladder of an adolescent female,Alabassi K,Elkadhi A,Alabassi K; Ata Y; Alshahwani N; Elkadhi A,Journal of Surgical Case Reports,"Abstract
               Bladder foreign bodies (BFB) are uncommon in the pediatric population. They typically arise from self-insertion, iatrogenic factors, or trauma. Cystoscopy is the preferred intervention. A 16-year-old female presented with a [2-]day history of dysuria, suprapubic pain, and a palpable rectal foreign body. Imaging revealed an 8.2 cm radiopaque object in the bladder. Diagnostic laparoscopy confirmed no perforation. Cystoscopy identified and removed a lead pencil from the bladder. A small bladder perforation was noted post-removal. The patient had a smooth recovery and was discharged with a Foley catheter, which was later removed following normal postoperative imaging results. Prompt diagnosis and intervention are crucial for managing pediatric BFBs to prevent complications. Imaging and cystoscopy play key roles in treatment.",2024,12,crossref,AAGL2012_063
10.55920/3064-8025/1034,The Surgical Blade as an Uncommon Foreign Body Retained In the Urinary Bladder: A Case Report and Review of Literature,Aghahowa M,Aghahowa M,Aghahowa M,"Journal of Clinical &amp; Medical Case Reports, Images",NA,2024,12,crossref,AAGL2012_063
10.30654/mjcr.10126,Acute Appendicitis due to Retained Intra-Abdominal Foreign Body: Case Report,. .,. .,. .,Mathews Journal of Case Reports,NA,2023,10,crossref,AAGL2012_063
10.1093/jscr/rjaf615,Laparoscopic management of small bowel obstruction due to unusual foreign body ingestion in a child with autism: a case report,Bustangi N,Al-Bihani B,Bustangi N; Al-Bihani B,Journal of Surgical Case Reports,"Abstract
               Foreign body ingestion in children, especially those aged 6 months to 3 years, is a common clinical concern. While most objects pass through the gastrointestinal tract uneventfully, some may result in obstruction and necessitate surgical intervention. We report a rare case of a 10-year-old child with autism who presented with small bowel obstruction following ingestion of a rubber feeding bottle nipple. Imaging confirmed the object lodged in the proximal jejunum. The patient underwent successful laparoscopic extraction of the foreign body and concurrent appendectomy for acute appendicitis. Postoperative recovery was uneventful, and the patient was discharged on Day 5. This case supports laparoscopic intervention as a safe and effective option for managing gastrointestinal foreign bodies and concomitant intra-abdominal pathology in pediatric patients.",2025,09,crossref,AAGL2012_063
10.7759/cureus.54592,Foreign Body in the Male Urinary Bladder: A Case Report,Venkataramani S,Khan I,Venkataramani S; Ghazi N; Kazmi F; Khan I,Cureus,NA,2024,02,crossref,AAGL2012_063
10.3389/fsurg.2024.1405129,An unexpected complication after removing bladder foreign body: a case report,Gong P,Shen J,Gong P; Shen J,Frontiers in Surgery,"BackgroundBladder foreign bodies commonly arise as urgent issues in urology. These foreign bodies are typically extracted through cystoscopy or cystotomy. In general, these surgical approaches rarely lead to serious complications.MethodsA 34-year-old woman presented with a one-year history of frequent urination, urgency, and urodynia. Abdominal computed tomography (CT) scan revealed the presence of an intrauterine device (IUD) [a medium-sized (20 mm × 22 mm) circular IUD] near the posterior bladder wall. The object was successfully removed via cystoscopy. Two months later, the patient exhibited food residues in her urine. Enterography demonstrated a large amount of contrast agent had entered the bladder from the small intestine. We repaired the bladder with catheter for 2 weeks, removed the segment of small intestine with fistula, and anastomosed the intestine canal.ResultsPost-operation urine tests yielded negative results, and the patient resumed a normal diet.ConclusionsEvaluating the location between foreign body and bladder wall, which is based on medical history, CT scan, and cystoscopy examination, is essential for doctors before they remove the foreign body by cystoscopy or laparoscopy. It is necessary to check for leakage by applying radiopaque fluids under fluoroscopy after removing the foreign body, which migrates from other abdominal organs. If there is damage in the bladder or other organs, laparoscopic surgery or open surgery should be performed immediately.",2024,08,crossref,AAGL2012_063
10.18535/jmscr/v5i5.170,"Esophageal Foreign Body Induced Perforation, Presenting as Cardiac Chest Pain Mimicker– Case Report",,Bodh D, ; Bodh D,Journal of Medical Science And clinical Research,NA,2017,05,crossref,AAGL2012_063
10.1097/md.0000000000010519,Rare foreign body in bladder,Li Y,Jiang S,Li Y; Gao Y; Chen X; Jiang S,Medicine,NA,2018,04,crossref,AAGL2012_063
10.32421/juri.v30i3.828,URINARY BLADDER FOREIGN BODY: A CASE REPORT,Parambang S,Priyosantoso B,Parambang S; Priyosantoso B,Indonesian Journal of Urology,"ABSTRACT&#x0D;
Objective: This study aims to knowing the causes and symptoms is very important in determining the management. Case(s) presentation: A 44-year-old man came to the urology clinic with the chief complaint of painful urination after inserting an electric cable 1 meter long and 1 cm in diameter through the urethra 2 days earlier. The patient was then subjected to cystoscopy and removal of the cable using grasping forceps. Discussion: Urinary system foreign bodies can be caused by stimulation when the patient is conscious or under the influence of alcohol, mental disorder, curiosity to medical procedure (iatrogenic). Diagnosis of foreign bodies is based on history, physical examination and supporting examinations in the form of plain abdominal x-rays, ultrasound to CT-Scan. Removal of foreign bodies is adjusted to the type, size and location of foreign bodies in the urinary tract. Conclusion: Recognition of urinary system foreign bodies is very important. The various types of foreign bodies are a challenge for urologists. The selection of an appropriate operative intervention with low complications gives a good prognosis.&#x0D;
Keywords: Foreign body, electrical wire, bladder, cystoscopy.",2023,09,crossref,AAGL2012_063
10.36266/2582-0869.1000119,Intravesical Foreign Body Causing Acute Urinary Retention: A Case Report,,Elhariri E, ; Elhariri E,International Journal of Case Reports and Clinical Images,NA,2019,12,crossref,AAGL2012_063
10.17303/jspcr.2024.6.201,A Case of Nasopharyngeal Posterior Wall Injury due to an Unusual Metallic Foreign Body,Roozbahany N,Roozbahany N,Roozbahany N,JSPCR,NA,2024,09,crossref,AAGL2012_063
10.23880/oajun-16000143,Bladder Outlet Obstruction Due to Bladder Leiomyoma – Case Report and Literature Review,de Resende J,de Resende J,de Resende J,Open Access Journal of Urology &amp; Nephrology,NA,2018,01,crossref,AAGL2012_063
10.31579/2768-2757/033,Technical Intricacies Involved in Surgical Retrieval of a Long Standing Foreign Body in Hand- A Case Report,S M N,S M N,S M N,Journal of Clinical Surgery and Research,"Foreign Bodies (F.B) are not uncommon in hand as it is involved in Day to day activities. Prompt removal during the initial examination is the norm, but sometimes foreign bodies (F.B) may be missed and they remain within the soft tissue for a long time either revealing itself at a later date as a sinus, swelling or an abscess. We present a case of retained FB in the dorsum of hand and the technique involved in retrieval of such a long standing FB.",2022,01,crossref,AAGL2012_063
10.5457/p2005-114.110,FOREIGN BODY IN THE URINARY BLADDER OF 14- YEAR- OLD BOY: CASE REPORT AND REVIEW OF LITERATURE,,Mujagić S, ; Mujagić S,Paediatrics Today,NA,2015,03,crossref,AAGL2012_063
10.7759/cureus.26898,The Case of the Missing Dentures: A Case Report and Review of Esophageal Foreign Body as a Cause of Chest Pain,Pink K,Pink K,Pink K,Cureus,NA,2022,07,crossref,AAGL2012_063
10.1093/jscr/rjz258,Emergency left pneumonectomy for foreign body aspiration: a case report,Amano Y,Neyatani H,Amano Y; Takanashi Y; Neyatani H,Journal of Surgical Case Reports,"Abstract
               Bronchoscopic extraction is the most common treatment of foreign body aspiration. However, surgical interventions are required in cases wherein bronchoscopic extraction is difficult, with the most frequent surgical strategy being bronchotomy or lobectomy. Herein, we report a case of foreign body aspiration wherein left pneumonectomy was inevitable because of a molar incarcerated in the left main bronchus. The large diameter of the foreign body and delayed diagnosis that causes granulomatous hyperplasia are considered to be major factors of requiring high invasive surgery.",2019,09,crossref,AAGL2012_063
10.1002/ccr3.52,Renal failure with a large bladder calculus related to a foreign body: a case report,Minter J,Chiovaro J,Minter J; Chiovaro J,Clinical Case Reports,"Key Clinical MessageWe encountered a patient with renal failure in the setting of long‐standing difficulty urinating, which he previously treated with intermittent self‐catheterizations. Imaging showed a large urinary calculus in the bladder. This case illustrates the importance of taking a detailed history and the dramatic long‐term effects of bladder calculi.",2014,04,crossref,AAGL2012_063
10.36408/mhjcm.v9i3.528,Knee Pain due to Loose body in the Knee Joint: A Case Report in Dr. Kariadi General Hospital Semarang,Novriansyah R,Kusuma F,Novriansyah R; Kusuma F,Medica Hospitalia : Journal of Clinical Medicine,"BACKGROUND: Loose Bodies are fragments consisting of cartilage or bone that move freely in the joint space. The occurrence of Loose Bodies associated with OCD is considered a rare case in Indonesia. The presence of Loose Bodies can cause several symptoms such as pain and resistance to extension and flexion of the knee joint. The presence of an impinging osteophyte in the lateral condyle of the femur, and a pedunculated osteophyte, can provide a clinical feature similar to Loose Bodies. Good anamnesis, physical examination, and diagnosis for correct management can provide a good outcome.
OBJECTIVE: To provide an overview regarding diagnosis in loose body cases and arthroscopy debridement therapy in loose body cases in the knee joint.
CASE: A 42-year-old man was presented with chronic pain in the left knee and limited left knee flexion since 3 years prior. Initially, the patient was diagnosed with grade 2 genu joint osteoarthritis with osteophytes in the lateral condylus. Anamnesis and physical examination were performed at dr. Kariadi General Hospital Semarang. X-photo showed a picture of the Loose Bodies. A debridement arthroscopy was performed. 8 weeks of follow-up no pain, no resistance in flexion and extension, KOOS Score from 18.6 to 92.3.
CONCLUSION: It is advised to remove loose body in knee joint through arthroscopy debridement. Loose bodies should always undergo thorough workup to determine the diagnosis and treat the patient accordingly.
KEYWORDS: Knee pain, loose body, osteochondritis dissecans, arthroscopy debridement",2022,11,crossref,AAGL2012_063
10.1159/000528620,Small Intestine Perforation due to Foreign Body: Case Report,AL Hosein M,Eghtedari A,AL Hosein M; Eghtedari A,Dubai Medical Journal,"Accidental ingestion of foreign bodies is a common condition in clinical practice. However, small bowel perforation due to ingestion of foreign bodies has been rarely seen. In this article, we report a case of small bowel perforation due to ingestion of foreign body. A 38-year-old female patient, presenting with complaints of acute abdomen for 2 days, was admitted to the emergency department. She denied nausea and vomiting. The patient had tenderness and positive rebound tenderness in the right lower quadrant. Contrast-enhanced abdominal computed tomography has been performed. This revealed distended ascending colon and oral contrast retention denoting delayed bowel emptying. The patient was operated for. A micro perforation due to fish bone was detected in the jejunum. The patient underwent debridement and primary repair. The patient was discharged postoperative 6th day without problem. Bowel perforation due to the ingestion of foreign bodies should be considered in the differential diagnosis of acute abdomen. ",2023,01,crossref,AAGL2012_063
10.14744/less.2019.90377,Robotic repair of complicated vesico-[utero]/cervico-vaginal fistula after cesarean section,Wang P,Wang P,Wang P,Laparoscopic Endoscopic Surgical Science,NA,2019,01,crossref,AAGL2012_064
10.1089/vid.2016.0012,Pediatric Laparoscopic Congenital Vesico-Vaginal Fistula Repair for Vaginal Agenesis,Penna F,Farhat W,Penna F; Bowlin P; Odeh R; Allen L; Farhat W,Videourology™,"
                    
                      SAGE-Journals-Accessible-Video-Player
                      10.1089/vid.2016.0012.M1
                      sj-vid-1-vid-10.1089_vid.2016.0012
                    
                  ",2016,10,crossref,AAGL2012_064
10.1007/978-3-319-33231-4_30,Robotic-Assisted Vesico-Vaginal Fistula Repair,Jayakumaran J,Patel S,Jayakumaran J; Ganapathi H; Mavaduru R; Patel S,Operative Atlas of Laparoscopic and Robotic Reconstructive Urology,NA,2017,01,crossref,AAGL2012_064
10.1016/j.jmig.2012.08.073,Laparoscopic Repair of Vesico-Vaginal Fistula,Tatalovich J,Campian C,Tatalovich J; Jarnagin B; Masone M; Campian C,Journal of Minimally Invasive Gynecology,NA,2012,11,crossref,AAGL2012_064
10.5173/ceju.2019.1848,A prospective evaluation of the outcomes of 3-D transperitoneal laparoscopic vesico-vaginal fistula repair with omental interposition: our experience,,,,Central European Journal of Urology,NA,2019,01,crossref,AAGL2012_064
10.1016/j.juro.2016.02.564,V7-07 PEDIATRIC LAPAROSCOPIC CONGENITAL VESICO-VAGINAL FISTULA REPAIR FOR VAGINAL AGENESIS,Penna F,Farhat W,Penna F; Bowlin P; Odeh R; Allen L; Farhat W,Journal of Urology,NA,2016,04,crossref,AAGL2012_064
10.53347/rid-50045,Vesico-vaginal fistula,Carmo R,Carmo R,Carmo R,Radiopaedia.org,NA,2016,12,crossref,AAGL2012_064
10.21276/ijcmr.2018.5.9.13,"Knowledge, Effect of Vesico Vaginal Fistula (VVF) and Satisfaction with VVF Repair Related Services in a Fistula Repair Facility in North Western Nigeria",Raji M,Raji H,Raji M; Hassan M; Yusuf M; Yusuf R; Ahmad A; Raji H,International Journal of Contemporary Medical Research [IJCMR],NA,2018,09,crossref,AAGL2012_064
10.53347/rid-27666,Vesico-vaginal fistula,Namdev R,Namdev R,Namdev R,Radiopaedia.org,NA,2014,03,crossref,AAGL2012_064
10.18535/jmscr/v4i4.61,"A Study on Newer Methods of Vesico vaginal fistula Repair with Special Reference to Laproscopic Surgery, Vesicoscopic and Vaginoscopic Surgery in Comparision to Conventional Vaginal and Abdominal Repair",,Mundu D, ; Mundu D,Journal of Medical Science And clinical Research,NA,2016,04,crossref,AAGL2012_064
10.53347/rid-89454,Vesico-vaginal fistula,Haouimi A,Haouimi A,Haouimi A,Radiopaedia.org,NA,2021,05,crossref,AAGL2012_064
10.1016/j.jmig.2015.08.373,Suprapubic Transvesical Laparoscopic Repair for Vesico-Vaginal Fistula,Andou M,Fukuta M,Andou M; Yamanaka A; Kodama K; Shirane A; Fukuta M,Journal of Minimally Invasive Gynecology,NA,2015,11,crossref,AAGL2012_064
10.3390/jcm12051760,Vaginal-Laparoscopic Repair (VLR) of Primary and Persistent Vesico-Vaginal Fistula: Description of a New Technique and Surgical Outcomes,Tozzi R,Noventa M,Tozzi R; Spagnol G; Marchetti M; Montan G; Saccardi C; Noventa M,Journal of Clinical Medicine,"The main aim of our study was to describe the surgical technique and evaluate the feasibility, efficacy and safety of a vaginal-laparoscopic repair (VLR) of iatrogenic vesico-vaginal fistulae (VVF). Between April-2009 and November-2017, we retrospectively reviewed all clinical, radiological and surgical details of surgery for benign or malignant disease and ended up with VVF. All patients were diagnosed by CT urogram, cystogram and clinical test. The surgical technique was standardised and is described here. Eighteen patients developed VVF after hysterectomy, three after caesarean section and three after hysterectomy and pelvic lymphadenectomy. Twenty-two patients had an average 3 (range 1–5) attempts at fistula repair in other hospitals. In one patient, five attempts were made. The mean size of the fistula was 2.4 cm (range 0.7–3.1 cm). A median 8 weeks (6–16) conservative management with Foley catheter failed in all patients. No conversion to laparotomy and no complication occurred at VLR. Median hospitalisation was 1.4 days (range 1–3). The latter confirmed all patients were dry and tested negative at a repeated filling test. At 36 months follow-up, all patients remained dry. In conclusion, VLR successfully repaired VVF in all patients with primary and persistent VVF. The technique was safe and effective.",2023,02,crossref,AAGL2012_064
10.1016/j.jpag.2016.01.016,Pediatric Laparoscopic Congenital Vesico-vaginal Fistula Repair for Vaginal Agenesis,Penna F,Farhat W,Penna F; Bowlin P; Odeh R; Allen L; Farhat W,Journal of Pediatric and Adolescent Gynecology,NA,2016,04,crossref,AAGL2012_064
10.53347/rid-48890,Vesico-vaginal fistula with ureteroureterostomy,Bickle I,Bickle I,Bickle I,Radiopaedia.org,NA,2017,03,crossref,AAGL2012_064
10.5468/ogs.2016.59.6.525,Comparative analysis of outcome between laparoscopic versus open surgical repair for vesico-vaginal fistula,Ghosh B,Pal D,Ghosh B; Wats V; Pal D,Obstetrics &amp; Gynecology Science,NA,2016,01,crossref,AAGL2012_064
10.32388/xzmmyc,Recto-Vesico-Vaginal Fistula,,, ,Definitions,NA,2020,02,crossref,AAGL2012_064
10.1159/000519369,Vesico-Vaginal Fistula Repair by a Vaginal Approach,Colenbrander J,Martens F,Colenbrander J; Heesakkers J; Martens F,Urologia Internationalis,"&lt;b&gt;&lt;i&gt;Introduction:&lt;/i&gt;&lt;/b&gt; The aim of this study is to determine the outcome of surgically treated vesico-vaginal fistulae (VVaFs) using a transvaginal approach with a Latzko technique. &lt;b&gt;&lt;i&gt;Methods:&lt;/i&gt;&lt;/b&gt; A retrospective chart study was conducted at the Department of Urology, Radboud University Medical Centre. Surgical approaches to repair VVaF, from 2014 to September 2020, were selected. Patients who underwent a transvaginal approach were included. The primary objective was fistula closure. Secondary objectives were predictive factors for the outcome of the surgical procedure, for example, patient characteristics, leakage on cystography 2 weeks postoperative, and surgery time. &lt;b&gt;&lt;i&gt;Results:&lt;/i&gt;&lt;/b&gt; Thirty-one patients had surgery for VVaF. Twenty-five procedures (81%) were performed transvaginally. Thirteen of these (52%) had successful transvaginal closure after the first attempt. Seven out of 12 had their second attempt at the time of analysis, of which 4 (57%) were successfully closed thereafter. After either 1 or 2 attempts with the transvaginal approach, 17 (68%) of the VVaFs were successfully closed, but 79% if patients who did not yet had a second attempt were taken into account with the current success extrapolated. Only few minor complications were observed. &lt;b&gt;&lt;i&gt;Conclusion:&lt;/i&gt;&lt;/b&gt; Transvaginal closure of VVaFs with a Latzko technique is successful in about 79% in either 1 or 2 attempts, with few minor complications. A second attempt in closing the fistula with a transvaginal approach is useful, and a previous transvaginal attempt is not a contraindication for a second transvaginal attempt in closing the VVaF surgically. ",2021,01,crossref,AAGL2012_064
10.1016/j.jmig.2022.09.228,Robotic-Assisted Laparoscopic Repair of Iatrogenic Vesico-Vaginal Fistula,Duarte Ayala G,EL Nashar S,Duarte Ayala G; Lewis G; Dinh T; Chen A; EL Nashar S,Journal of Minimally Invasive Gynecology,NA,2022,11,crossref,AAGL2012_064
10.1016/s0302-2838(21)00754-5,Prospective non-randomized comparison of transperitoneal transvesical versus extravesical laparoscopic supratrigonal vesico-vaginal fistula repair: A single center experience,Singh V,Kumar Sk P,Singh V; Singh G; Agrawal M; Kumar Sk P,European Urology,NA,2021,06,crossref,AAGL2012_064
10.1016/j.jmig.2013.08.060,Laparoscopic Hysterectomy Using Monopolar Energy in Swine: A Histopathological Assessment of Electrosurgical Power,Iwanoff C,Gruber D,Iwanoff C; Barbier H; Massengill J; Lombardini E; Christensen C; Buller J; Gruber D,Journal of Minimally Invasive Gynecology,NA,2013,11,crossref,AAGL2013_058
10.4103/ejs.ejs_105_19,Dissection by ultrasonic energy versus monopolar electrosurgical energy in laparoscopic cholecystectomy,Mahmoud M,Aziz El-Atar H,Mahmoud M; Aziz El-Atar H,The Egyptian Journal of Surgery,NA,2020,01,crossref,AAGL2013_058
10.21275/mr25824114757,Laparoscopic Hysterectomy Using Energy Devices: A Single-Center Experience,KHALFALLAH A,KHALFALLAH A,KHALFALLAH A,International Journal of Science and Research (IJSR),NA,2025,08,crossref,AAGL2013_058
10.12816/0013899,Comparative Study of Total Laparoscopic Hysterectomy versus Vaginal versus Abdominal Hysterectomy Using Electrosurgical Bipolar Vessel Sealing,Awwad H,Fouad D,Awwad H; El Bishery G; Khairy A; Serag I; Gomaa I; Fouad D,Ain Shams Medical Journal,NA,2013,01,crossref,AAGL2013_058
10.5005/jp/books/12873_8,Energy Sources in Total Laparoscopic Hysterectomy,Bhave P,Bhave P,Bhave P,Textbook and Atlas of Laparoscopic Hysterectomy,NA,2016,01,crossref,AAGL2013_058
10.1055/s-0033-1350975,"Cervical Detachment Using Monopolar SupraLoop™ Electrode versus Monopolar Needle in Laparoscopic Supracervical Hysterectomy (LSH): An Interventional, Comparative Cohort Study",Brucker S,Wallwiener M,Brucker S; Rothmund R; Krämer B; Neis F; Schönfisch B; Zubke W; Taran F; Wallwiener M,Geburtshilfe und Frauenheilkunde,NA,2013,12,crossref,AAGL2013_058
10.1007/s00404-014-3571-3,"Total laparoscopic hysterectomy, vaginal hysterectomy and total abdominal hysterectomy using electrosurgical bipolar vessel sealing technique: a randomized controlled trial",Allam I,Ali D,Allam I; Makled A; Gomaa I; El Bishry G; Bayoumy H; Ali D,Archives of Gynecology and Obstetrics,NA,2015,06,crossref,AAGL2013_058
10.1007/978-3-319-22497-8_99,Radical Abdominal Hysterectomy with Electrosurgical Bipolar Vessel Sealing,Kyo S,Kyo S,Kyo S,Hysterectomy,NA,2018,01,crossref,AAGL2013_058
10.1007/978-3-319-22497-8_94,Total Abdominal Hysterectomy with Electrosurgical Bipolar Vessel Sealing,Türkçüoğlu I,Melekoğlu R,Türkçüoğlu I; Melekoğlu R,Hysterectomy,NA,2018,01,crossref,AAGL2013_058
10.4293/jsls.2024.00022,Electrosurgical Devices Used During Laparoscopic Hysterectomy,Horton T,Cardenas-Trowers O,Horton T; Coombs P; Ha Y; Wang Z; Brigham T; Ofori-Dankwa Z; Cardenas-Trowers O,JSLS : Journal of the Society of Laparoscopic &amp; Robotic Surgeons,NA,2024,01,crossref,AAGL2013_058
10.29309/tpmj/2018.25.01.532,LAPAROSCOPIC HYSTERECTOMY,Zafar S,Noor S,Zafar S; Iqbal J; Tahira T; Javed N; Noor S,The Professional Medical Journal,"Hysterectomy is one of the most frequently performed gynaecological procedurein female. Objectives: The purpose of this study was to compare the outcome between totallaparoscopic hysterectomy and abdominal hysterectomy regarding blood loss during surgery,surgical time and postoperative hospital stay. Settings: Department of Gynecology &amp; ObstetricsAllied Hospital, Faisalabad Medical University, Faisalabad. Period: 1st January 2016 - 31stDecember 2016 (1 Year). Study Design: Randomized control Study. Material &amp; Methods: Theethical committee of Faisalabad Medical University, Faisalabad approved the study protocol. Thepatient demographical characteristics were similar in both groups. 112 patients were enrolled.Including 56 case of total laparoscopic hysterectomy and 56 cases of abdominal hysterectomywhich meets inclusion criteria. Result: Average blood loss in TLH was 83.09+10.74ml while itwas 387.88+59.54ml in TAH. When both groups were compared regarding operative time, itwas 76.73+20.2min in TLH while it was 84.7+19.9 in TAH. Postoperative stay in the hospitalwas 1.25+0.44 days in TLH while it was 5.72+0.83 in TAH. Conclusion: The laparoscopichysterectomy is a modern surgical method in current gynecological practice. With increasingexperience and good collaboration of surgical team, time duration can be shortened and bloodloss can be reduced to negligible.",2018,01,crossref,AAGL2013_058
10.1016/j.jmig.2013.01.015,Surgical Complications Specific to Monopolar Electrosurgical Energy: Engineering Changes That Have Made Electrosurgery Safer,Odell R,Odell R,Odell R,Journal of Minimally Invasive Gynecology,NA,2013,05,crossref,AAGL2013_058
10.3310/gjjc2818,LAparoscopic Versus Abdominal hysterectomy (LAVA) trial,,,,Health Technology Assessment,NA,2026,02,crossref,AAGL2013_058
10.29309/tpmj/18.4184,LAPAROSCOPIC HYSTERECTOMY,Zafar S,Noor S,Zafar S; Iqbal J; Tahira T; Javed N; Noor S,The Professional Medical Journal,NA,2018,01,crossref,AAGL2013_058
10.5005/jp/books/12873_25,Robot-assisted Laparoscopic Hysterectomy,Gupta S,Gupta S,Gupta S,Textbook and Atlas of Laparoscopic Hysterectomy,NA,2016,01,crossref,AAGL2013_058
10.5005/jp/books/12873_26,Day Care Total Laparoscopic Hysterectomy,Modi R,Modi R,Modi R,Textbook and Atlas of Laparoscopic Hysterectomy,NA,2016,01,crossref,AAGL2013_058
10.15406/mojwh.2023.12.00311,"Audit of histopathological specimens of laparoscopic hysterectomy at Noble's hospital, IOM",Eissa M,ElKhadem M,Eissa M; Ghosh T; ElKhadem M,MOJ Women s Health,"Objective: It aimed to determine the incidence of different pathology among the hysterectomy specimens and to correlate that with the clinical picture of patients’ presentation. Design: A retrospective study, it is the first audit of histopathological findings of laparoscopic hysterectomy specimens at Noble’s Hospital. Methods: It included 101 consequent specimens of laparoscopic hysterectomies done at the department of Obstetrics and Gynaecology, Noble’s hospital between 2017 and 2020. The clinical picture of patients and the histopathological findings of samples were recorded and analysed. The histopathological diagnosis divided the specimens into seven groups, no pathology, adenomyosis, adenomyosis and leiomyoma, leiomyoma, adenomyosis and endometriosis, endometriosis and malignancy. The clinical picture included all types of bleeding as menorrhagia, post coital bleeding, intermenstrual bleeding and perimenopausal bleeding, all types of pain as dyspareunia, dysmenorrhea, lower abdominal pain and colicky pain. Histopathological findings include gross picture and microscopic analysis of endometrium and myometrium as well as the uterine weight. Results: Adenomyosis alone or with other pathology was the commonest finding (54.5%) while adenomyosis as a sole pathology was found in 22.8%. It was significantly higher than figures reported from the UK and worldwide. Incidence of fibroid as a sole pathology or in combination with other pathology was 44.6%, this was compatible with results reported before. The pain was not associated with adenomyosis in this study. The bleeding was the presenting symptom of both adenomyosis and fibroids. Conclusion: The higher incidence of adenomyosis among this specimen and the absence of pain as a presenting symptom may be a genuine finding but most probably indicate the specimen included a larger number of mild and early presentations. It will be useful to do a prospective study of a larger number to correlate the degree of the invasion of the adenomyosis to the myometrium to the clinical picture.",2023,04,crossref,AAGL2013_058
10.5005/jp/books/12283_5,Difficult Total Laparoscopic Hysterectomy,Sukhadiya M,Sukhadiya M,Sukhadiya M,Gold Standard Technique of Total Laparoscopic Hysterectomy,NA,2014,01,crossref,AAGL2013_058
10.3389/fsurg.2021.721545,Comparison of Monopolar Electrosurgical Conization and the Loop Electrosurgical Excision Procedure in the Management of High-Grade Squamous Intraepithelial Lesion,Ding J,Wu Q,Ding J; Xu H; Xia L; Cao S; Wu Q,Frontiers in Surgery,"Objectives: To compare the performance and outcomes of monopolar electrosurgical conization (MESC) or the loop electrosurgical excision procedure (LEEP) in the treatment of high-grade squamous intraepithelial lesion (HSIL).Methods: This retrospective study included 554 patients diagnosed with HSIL through biopsy. The study used either LEEP or MESC for cervical conization. Additionally, the medical records of these patients, including the basic information, status of the excision margin, cone depth, cone width, fragmentation, complication, and the results of a 6-month follow-up after conization, were reviewed.Results: Compared to MESC, LEEP had a significantly higher rate of positive endocervical margin (3.77 vs. 8.65%; p = 0.018), burn injury of the margin (4.90 vs. 10.38%; p = 0.016) and a lower rate of adequate cone depth (83.40 vs. 89.62%; p = 0.034). In addition, LEEP was significantly more likely to cause fragmentation (p = 0.000). There was, however, no significant difference in the rate of abnormal cervical cytology and positive high-risk HPV (hrHPV) between these two groups, 6 months after cervical conization.Conclusion: Both LEEP and MESC appeared to be equally effective in the clinical treatment of HSIL. Nonetheless, MESC resulted in a better pathological outcome with regard to the status of the margin, tissue fragmentation, and cone depth.",2021,09,crossref,AAGL2013_058
10.26226/morressier.597eedbfd462b80296ca0fa8,TOTAL LAPAROSCOPIC HYSTERECTOMY VERSUS LAPAROSCOPIC-ASSISTED VAGINAL HYSTERECTOMY FOR THE MANAGEMENT OF ENDOMETRIAL CANCER,Arnoldas B,Arnoldas B,Arnoldas B,NA,NA,NA,01,crossref,AAGL2013_058
10.1016/j.jmig.2014.08.017,An AAGL Task Force Consensus Statement: A Standardized Approach to LESS Hysterectomy,Stepp K,Stepp K,Stepp K,Journal of Minimally Invasive Gynecology,NA,2014,11,crossref,AAGL2014_004
10.1097/aog.0000000000005363,Levels of Gynecologic Care: A Task Force Consensus Statement,Temkin S,Terplan M,Temkin S; Terplan M,Obstetrics &amp; Gynecology,NA,2023,10,crossref,AAGL2014_004
10.3410/f.725226211.793503831,Faculty Opinions recommendation of Occupational anaphylaxis--an EAACI task force consensus statement.,Burge S,Burge S,Burge S,Faculty Opinions – Post-Publication Peer Review of the Biomedical Literature,NA,2015,02,crossref,AAGL2014_004
10.4081/monaldi.2007.453,Consensus Statement of Multisocietary Task Force Prescription of physical exercise in the cardiological environment,Giada F,Carlon R,Giada F; Carlon R,Monaldi Archives for Chest Disease,-,2016,02,crossref,AAGL2014_004
10.1097/eja.00000000000002,The current place of nitrous oxide in clinical practice,,, ,European Journal of Anaesthesiology,NA,2015,05,crossref,AAGL2014_004
10.3410/f.718146868.793489010,Faculty Opinions recommendation of Asthma and exposure to cleaning products - a European Academy of Allergy and Clinical Immunology task force consensus statement.,Burge S,Burge S,Burge S,Faculty Opinions – Post-Publication Peer Review of the Biomedical Literature,NA,2014,01,crossref,AAGL2014_004
10.4081/monaldi.2007.465,Consensus Statement of Multisocietary Task Force Prescription of physical exercise in the cardiological environment (First part),Giada F,Carlon R,Giada F; Carlon R,Monaldi Archives for Chest Disease,-,2016,02,crossref,AAGL2014_004
10.4081/monaldi.2007.446,Consensus Statement of Multisocietary Task Force Prescription of physical exercise in the cardiological environment (Third part),Giada F,Carlon R,Giada F; Carlon R,Monaldi Archives for Chest Disease,-,2016,02,crossref,AAGL2014_004
10.1161/circulationaha.115.019012,"Letter by Barison et al Regarding Article, “Treatment of Arrhythmogenic Right Ventricular Cardiomyopathy/Dysplasia: An International Task Force Consensus Statement”",Barison A,Aquaro G,Barison A; Todiere G; Aquaro G,Circulation,NA,2016,03,crossref,AAGL2014_004
10.1097/eja.0000000000000264,The current place of nitrous oxide in clinical practice,,, ,European Journal of Anaesthesiology,NA,2015,08,crossref,AAGL2014_004
10.4081/monaldi.2007.438,Consensus Statement of Multisocietary Task Force Prescription of physical exercise in the cardiological environment - Executive Summary (Fourth part),Giada F,Carlon R,Giada F; Carlon R,Monaldi Archives for Chest Disease,-,2016,01,crossref,AAGL2014_004
10.1016/j.ophtha.2017.03.020,Re: Masket et al.: Special report: The American Academy of Ophthalmology task force consensus statement on adverse events with intraocular lenses ( Ophthalmology . 2017;124:142-144),Brown S,Brown S,Brown S,Ophthalmology,NA,2017,08,crossref,AAGL2014_004
10.1097/aog.0000000000005173,Levels of Gynecologic Care,Breitkopf D,Valea F,Breitkopf D; Banks E; Chelmow D; Lara-Torre E; McCue K; Ogburn T; Pfeifer S; Anderson T; Valea F,Obstetrics &amp; Gynecology,"Systems of care have been established for obstetrics, trauma, and neonatology. An American College of Obstetricians and Gynecologists Presidential Task Force was established to develop a care system for gynecologic surgery. A group of experts who represent diverse perspectives in gynecologic practice proposed definitions of levels of gynecologic care using the Delphi method. The goal is to improve the quality of gynecologic surgical care performed in the United States by providing a framework of minimal institutional requirements for each level. Subgroups developed draft criteria for each level of care. The entire Task Force then met to reach consensus regarding the levels of care final definitions and parameters. The levels of gynecologic care framework focuses on systems of care by considering institutional resources and expertise, providing guidance on the provision of care in appropriate level facilities. These levels were defined by the ability to care for patients of increasing risk, complexity, and comorbidities, organizing gynecologic care around hospital capability. This framework can also be used to inform the escalation of care to appropriate facilities by identifying patients at risk and guiding them to facilities with the skills, expertise, and capabilities to safely and effectively meet their needs. The levels of gynecologic care framework is intended for use by patients, hospitals, and clinicians in the United States to guide where elective surgery can be done most safely and effectively by specialists and subspecialists in obstetrics and gynecology. The key features of the levels of gynecologic care include ensuring provision of risk-appropriate care and regionalization of care by facility capabilities.",2023,06,crossref,AAGL2014_004
10.5194/egusphere-egu26-2264,The IGS task force for a standardized format of GNSS satellite product combination statistics,Geng J,,Geng J; Wen Q; Wang B; Zhang Y;  ,NA,"GNSS precise point positioning (PPP) requires precise satellite orbit, clock and code/phase bias products. The International GNSS Service (IGS) has been operationally providing such high-precision valuables in support of science and society. Since the IGS encompasses various analysis centers (ACs), it is usual practice to compare these solutions to provide feedback to the ACs and also to combine them to generate the official IGS products with higher stability, reliability, completeness, and robustness. Under the current IGS framework, the AC Coordinator (ACC, acc.igs.org) manages orbit and clock combinations, while the Ionosphere Committee (IC, igs.org/wg/ionosphere) and Reference Frame Committee (RFC, igs.org/wg/reference-frame) are responsible for ionosphere products and station coordinates. Meanwhile, the newly established Wuhan Combination Center (WCC, igs.org/wg/wcc) is acting as an experimental alternative to augment the legacy combination procedures.  Usually, a “summary” file containing the combined statistical results is generated to facilitate contributions from ACs. However, such a summary file format shows a few limitations, e.g., failure in complying with a dedicated format standard, no statistics for the combined code/phase bias products and insufficient quality evaluation indices, such as anomalous satellites, outlier clocks, and so on. Consequently, these limitations hinder automated parsing and diminish human interpretability of the summary results. During the 2025 Governing Board meeting in Rimini, the IGS formed a task force led by WCC in collaboration with ACC and the Infrastructure Committee, to define a format standard to address the limitations of the traditional summary file. Specifically, the primary objectives of the task force are threefold: first, to establish a format that enables ACs to easily inspect their products artifacts; second, to establish a format that allows PPP and other users to easily exclude outlier products; and third, to develop auxiliary scripts for plotting the combination statistics. The proposed format is expected to support ACs in troubleshooting and verification of their products, along with downstream users for both network and PPP processing, e.g., by enabling consistent quality screening and exclusion of outlier products.",NA,01,crossref,AAGL2014_004
10.1097/01.ogx.0001176348.68652.62,Screening for Syphilis Infection During Pregnancy: US Preventive Services Task Force Reaffirmation Recommendation Statement,,, ,Obstetrical &amp; Gynecological Survey,"
                    (Abstracted from
                    JAMA
                    2025;333(22):2006–2012)
                  
                  The US Preventive Services Task Force (USPSTF) has reaffirmed its recommendation for universal screening for syphilis in asymptomatic, pregnant adolescent and adult women early in pregnancy or at the first available opportunity. Through a reaffirmation process that considered whether new evidence warranted a change to its 2018 recommendation, the USPSTF concluded with high certainty that the recommendation has a “substantial net benefit.”",2025,12,crossref,AAGL2014_004
10.1542/9781581108224-circumcision_sub01,Circumcision Policy Statement,,, ,Pediatric Clinical Practice Guidelines &amp; Policies,NA,2013,04,crossref,AAGL2014_004
10.4103/ijo.ijo_667_20,Diabetic retinopathy screening guidelines in India,Raman R,Natarajan S,Raman R; Ramasamy K; Rajalakshmi R; Sivaprasad S; Natarajan S,Indian Journal of Ophthalmology,"
            
            Diabetic retinopathy (DR) is an emerging preventable cause of blindness in India. All India Ophthalmology Society (AIOS) and Vitreo-Retinal Society of India (VRSI) have initiated several measures to improve of DR screening in India. This article is a consensus statement of the AIOS DR task force and VRSI on practical guidelines of DR screening in India. Although there are regional variations in the prevalence of diabetes in India at present, all the States in India should screen their population for diabetes and its complications. The purpose of DR screening is to identify people with sight-threatening DR (STDR) so that they are treated promptly to prevent blindness. This statement provides strategies for the identification of people with diabetes for DR screening, recommends screening intervals in people with diabetes with and without DR, and describes screening models that are feasible in India. The logistics of DR screening emphasizes the need for dynamic referral pathways with feedback mechanisms. It provides the clinical standards required for DR screening and treatment of STDR and addresses the governance and quality assurance (QA) standards for DR screening in Indian settings. Other aspects incorporate education and training, recommendations on Information technology (IT) infrastructure, potential use of artificial intelligence for grading, data capture, and requirements for maintenance of a DR registry. Finally, the recommendations include public awareness and the need to work with diabetologists to control the risk factors so as to have a long-term impact on prevention of diabetes blindness in India.
          ",2021,03,crossref,AAGL2014_004
10.1542/peds.2015-4467,Screening for Depression in Children and Adolescents: US Preventive Services Task Force Recommendation Statement,Siu A,,Siu A;  ,Pediatrics,"
                  DESCRIPTION:
                  This article describes the update of the 2009 US Preventive Services Task Force (USPSTF) recommendation on screening for major depressive disorder (MDD) in children and adolescents.
               
               
                  METHODS:
                  The USPSTF reviewed the evidence on the benefits and harms of screening, accuracy of primary care–feasible screening tests, and benefits and harms of treatment with psychotherapy, medications, and collaborative care models in patients aged 7 to 18 years.
               
               
                  POPULATION:
                  This recommendation applies to children and adolescents aged ≤18 years who do not have an MDD diagnosis.
               
               
                  RECOMMENDATION:
                  The USPSTF recommends screening for MDD in adolescents aged 12 to 18 years. Screening should be implemented with adequate systems in place to ensure accurate diagnosis, effective treatment, and appropriate follow-up (B recommendation). The USPSTF concludes that the current evidence is insufficient to assess the balance of benefits and harms of screening for MDD in children aged ≤11 years (I statement).
               ",2016,03,crossref,AAGL2014_004
10.1111/jvim.16108,International veterinary canine dyskinesia task force ECVN consensus statement: Terminology and classification,Cerda-Gonzalez S,Volk H,Cerda-Gonzalez S; Packer R; Garosi L; Lowrie M; Mandigers P; O'Brien D; Volk H,Journal of Veterinary Internal Medicine,"Abstract
                  Movement disorders are a heterogeneous group of clinical syndromes in humans and animals characterized by involuntary movements without changes in consciousness. Canine movement disorders broadly include tremors, peripheral nerve hyperexcitability disorders, paroxysmal dyskinesia, and dystonia. Of these, canine paroxysmal dyskinesias remain one of the more difficult to identify and characterize in dogs. Canine paroxysmal dyskinesias include an array of movement disorders in which there is a recurrent episode of abnormal, involuntary, movement. In this consensus statement, we recommend standard terminology for describing the various movement disorders with an emphasis on paroxysmal dyskinesia, as well as a preliminary classification and clinical approach to reporting cases. In the clinical approach to movement disorders, we recommend categorizing movements into hyperkinetic vs hypokinetic, paroxysmal vs persistent, exercise-induced vs not related to exercise, using a detailed description of movements using the recommended terminology presented here, differentiating movement disorders vs other differential diagnoses, and then finally, determining whether the paroxysmal dyskinesia is due to either inherited or acquired etiologies. This consensus statement represents a starting point for consistent reporting of clinical descriptions and terminology associated with canine movement disorders, with additional focus on paroxysmal dyskinesia. With consistent reporting and identification of additional genetic mutations responsible for these disorders, our understanding of the phenotype, genotype, and pathophysiology will continue to develop and inform further modification of these recommendations.",2021,05,crossref,AAGL2014_004
10.1016/j.jmig.2016.06.005,AAGL Advisory Statement: Essure Hysteroscopic Sterilization,,,,Journal of Minimally Invasive Gynecology,NA,2016,07,crossref,AAGL2014_004
10.1016/j.jmig.2014.08.044,Chronic Pelvic Pain from Mesh Anchors Used in Pelvic Floor Repairs,Mosbrucker C,Mosbrucker C,Mosbrucker C,Journal of Minimally Invasive Gynecology,NA,2014,11,crossref,AAGL2014_032
10.1007/978-3-030-56387-5_4,Chronic Pelvic Pain and Chronic Pelvic Pain Syndrome: Classification and Epidemiology,Cerruto M,Cerruto M,Cerruto M,"Urodynamics, Neurourology and Pelvic Floor Dysfunctions",NA,2021,01,crossref,AAGL2014_032
10.1017/9781108877084.019,Pain Arising from Pelvic Mesh Implants,Gubbels A,Hibner M,Gubbels A; Hibner M,Management of Chronic Pelvic Pain,NA,2021,03,crossref,AAGL2014_032
10.1007/978-3-030-56387-5_14,Overactive Bladder and Chronic Pelvic Pain Syndrome,Balzarro M,Balzarro M,Balzarro M,"Urodynamics, Neurourology and Pelvic Floor Dysfunctions",NA,2021,01,crossref,AAGL2014_032
10.1007/978-3-030-56387-5_21,The Multidisciplinarity in Chronic Pelvic Pain Management,Soligo M,Soligo M,Soligo M,"Urodynamics, Neurourology and Pelvic Floor Dysfunctions",NA,2021,01,crossref,AAGL2014_032
10.1007/978-3-030-56387-5_10,Mind and Pain: Psychotherapy and Hypnosis in the Treatment of Chronic Pelvic Pain,Comello W,Comello W,Comello W,"Urodynamics, Neurourology and Pelvic Floor Dysfunctions",NA,2021,01,crossref,AAGL2014_032
10.1007/978-3-030-56387-5_17,Botulinum Toxin in Chronic Pelvic Pain Management,Giannantoni A,Gubbiotti M,Giannantoni A; Gubbiotti M,"Urodynamics, Neurourology and Pelvic Floor Dysfunctions",NA,2021,01,crossref,AAGL2014_032
10.1007/978-3-030-56387-5_11,Microbiome and Chronic Pelvic Pain,Bazzocchi G,Turroni S,Bazzocchi G; Balloni M; Turroni S,"Urodynamics, Neurourology and Pelvic Floor Dysfunctions",NA,2021,01,crossref,AAGL2014_032
10.1007/978-3-319-22150-2_6,Chronic Pelvic Pain Syndromes in Males,Stav K,Stav K,Stav K,The Overactive Pelvic Floor,NA,2016,01,crossref,AAGL2014_032
10.1111/codi.13805,<scp>WITHDRAWAL</scp> : Outcomes for Patients with Apparent Chronic Idiopathic Pelvic Pain and Associated Pelvic Floor Disorders Undergoing Laparoscopic Ventral Mesh Rectopexy,,,,Colorectal Disease,"Abstract
                  
                    WITHDRAWAL:
                    A. Newman, G.L. Greenslade, K. McCarthy, and A.R. Dixon, “Outcomes for Patients with Apparent Chronic Idiopathic Pelvic Pain and Associated Pelvic Floor Disorders Undergoing Laparoscopic Ventral Mesh Rectopexy,”
                    Colorectal Disease
                    (Accepted Article).
                    https://doi.org/10.1111/codi.13805
                    .
                  
                  
                    The above article, published online on 6 July 2017 in Wiley Online Library (
                    wileyonlinelibrary.com
                    ), has been withdrawn by agreement between the journal Editors‐in‐Chief, Sue Clark and Neil Smart; The Association of Coloproctology of Great Britain and Ireland; and John Wiley &amp; Sons Ltd. The withdrawal has been agreed due to concerns raised regarding the legitimacy of the data reported and allegations of a lack of informed consent from patients who underwent the surgical procedure reported within.
                  ",2025,03,crossref,AAGL2014_032
10.1007/978-3-030-56387-5_3,Neuroinflammation and Chronic Pelvic Pain Syndrome,Crupi R,Cuzzocrea S,Crupi R; Cordaro M; Cuzzocrea S,"Urodynamics, Neurourology and Pelvic Floor Dysfunctions",NA,2021,01,crossref,AAGL2014_032
10.1016/j.mpmed.2026.02.013,Chronic pelvic pain in men: neurological and pelvic floor contributions,Boylan J,Taylor B,Boylan J; Taylor B,Medicine,NA,2026,04,crossref,AAGL2014_032
10.1007/978-3-030-56387-5_15,Neuropharmacology of Pain,Fornasari D,Fornasari D,Fornasari D,"Urodynamics, Neurourology and Pelvic Floor Dysfunctions",NA,2021,01,crossref,AAGL2014_032
10.1007/978-3-030-56387-5_1,Introduction to Pain,Luxardo N,Luxardo N,Luxardo N,"Urodynamics, Neurourology and Pelvic Floor Dysfunctions",NA,2021,01,crossref,AAGL2014_032
10.1007/978-3-030-56387-5_12,The Role of the Pelvic Floor: Does Overactivity Count in CPPS?,Biroli A,Biroli A,Biroli A,"Urodynamics, Neurourology and Pelvic Floor Dysfunctions",NA,2021,01,crossref,AAGL2014_032
10.1007/978-3-030-56387-5_9,Anus and Pain,Falletto E,Falletto E,Falletto E,"Urodynamics, Neurourology and Pelvic Floor Dysfunctions",NA,2021,01,crossref,AAGL2014_032
10.1007/978-3-030-56387-5_2,Neurophysiology of Visceral Pain,Costa P,Costa P,Costa P,"Urodynamics, Neurourology and Pelvic Floor Dysfunctions",NA,2021,01,crossref,AAGL2014_032
10.1007/978-3-030-56387-5_5,Bladder Pain Syndrome/Interstitial Cystitis,Cervigni M,Cervigni M,Cervigni M,"Urodynamics, Neurourology and Pelvic Floor Dysfunctions",NA,2021,01,crossref,AAGL2014_032
10.1007/978-3-030-56387-5,Chronic Pelvic Pain and Pelvic Dysfunctions,,,,"Urodynamics, Neurourology and Pelvic Floor Dysfunctions",NA,2021,01,crossref,AAGL2014_032
10.1007/978-3-030-40862-6_77,Idiopathic Chronic Pelvic Pain: A Different Perspective,Petros P,Sekiguchi Y,Petros P; Sekiguchi Y,Pelvic Floor Disorders,NA,2021,01,crossref,AAGL2014_032
10.1016/j.jmig.2014.08.046,Tips and Tricks on How to Avoid Injury during Laparoscopic Sacrocolpo/Hysteropexy,Titiz H,Titiz H,Titiz H,Journal of Minimally Invasive Gynecology,NA,2014,11,crossref,AAGL2014_034
10.1007/978-3-030-11181-6_45,How to Deal with Splenic Injury During Laparoscopic Flexure Mobilization,Feingold D,Jafari M,Feingold D; Jafari M,Colorectal Surgery Consultation,NA,2019,01,crossref,AAGL2014_034
10.1007/s00192-017-3497-y,Tips and tricks for uterosacral ligament suspension: how to avoid ureteral injury,Manodoro S,Spelzini F,Manodoro S; Frigerio M; Milani R; Spelzini F,International Urogynecology Journal,NA,2018,01,crossref,AAGL2014_034
10.1136/rapm-2025-esra.653,FT35 Multimodals to avoid rebound pain,Laconi G,Laconi G,Laconi G,Tips &amp; tricks – Multimodals to avoid rebound pain,NA,2025,09,crossref,AAGL2014_034
10.1007/978-1-4842-3954-4_8,How to Avoid Common Glitches,Santolalla O,Santolalla O,Santolalla O,Create and Deliver a Killer Product Demo,NA,2019,01,crossref,AAGL2014_034
10.1007/978-1-4471-2146-6_22,Complications in Thyroid Surgery and How to Avoid Them,Alzahrani M,Randolph G,Alzahrani M; Randolph G,Tips and Tricks in Endocrine Surgery,NA,2014,01,crossref,AAGL2014_034
10.1016/j.injury.2015.08.006,Common complications in hip fracture surgery: Tips/tricks and solutions to avoid them,Tosounidis T,Giannoudis P,Tosounidis T; Castillo R; Kanakaris N; Giannoudis P,Injury,NA,2015,11,crossref,AAGL2014_034
10.1007/978-3-319-57636-7_8,Tricks and Tips: How to Make a Long Story Short?,von Theobald P,von Theobald P,von Theobald P,Laparoscopic Sacrocolpopexy for Beginners,NA,2017,01,crossref,AAGL2014_034
10.1007/978-3-658-32813-9_2,How to Avoid Mistakes in the Beginning,Tschodu D,Tschodu D,Tschodu D,essentials,NA,2022,01,crossref,AAGL2014_034
10.1007/978-3-030-11181-6_1,How to Avoid Getting into Difficult Operative Situations,Lee S,Lee S,Lee S,Colorectal Surgery Consultation,NA,2019,01,crossref,AAGL2014_034
10.1017/9781009128377.030,Troubleshooting for Robotic Laparoscopic Urogynaecological Surgery: Tips and Tricks,,,,Laparoscopic Urogynecology,NA,2022,09,crossref,AAGL2014_034
10.5173/ceju.2019.0022,Extracorporeal ureter handling during laparoscopic pyeloplasty: tips and tricks for beginners,,,,Central European Journal of Urology,NA,2019,01,crossref,AAGL2014_034
10.1016/j.hpb.2020.11.266,Tips and Tricks for the Uncinate Dissection during Laparoscopic Pancreaticoduodenectomy,Sanford D,Asbun H,Sanford D; Hammill C; Hawkins W; Asbun H,HPB,NA,2021,01,crossref,AAGL2014_034
10.1007/978-3-030-11181-6_44,How to Avoid “Twisting” an Ileocolic or Ileorectal Anastomosis,Steele S,Schlussel A,Steele S; Schlussel A,Colorectal Surgery Consultation,NA,2019,01,crossref,AAGL2014_034
10.1007/s00464-016-4802-4,Tips and tricks to avoid bile duct injury in SILC: an experience of 500 cases,Li T,Chang S,Li T; Kim G; Chang S,Surgical Endoscopy,NA,2016,11,crossref,AAGL2014_034
10.1136/rapm-2022-esra.71,SP65 Tips and tricks to place and maintain perineural catheters and avoid complications,Bergek C,Bergek C,Bergek C,Invited speakers,NA,2022,06,crossref,AAGL2014_034
10.1302/3114-230452,Tips and Tricks,,,,OrthoMedia,NA,2023,12,crossref,AAGL2014_034
10.1302/3114-221296,Tips and Tricks,,,,OrthoMedia,NA,2022,05,crossref,AAGL2014_034
10.1201/9781003567080-2a,Tips &amp; Tricks in CTO Recanalization,Solimeno G,Solimeno G,Solimeno G,Tips and Tricks in Endovascular Surgery,NA,2025,10,crossref,AAGL2014_034
10.1201/9781003567080-2b,Tips &amp; Tricks in Complex Recanalization,Solimeno G,Solimeno G,Solimeno G,Tips and Tricks in Endovascular Surgery,NA,2025,10,crossref,AAGL2014_034
10.1016/j.jmig.2014.08.070,Safe Visual Entry at Laparoscopy in Women with Previous Abdominal Surgery Using the Endotip Cannula Though the Lee Huang Point,Mangeshikar P,Mangeshikar A,Mangeshikar P; Mangeshikar A,Journal of Minimally Invasive Gynecology,NA,2014,11,crossref,AAGL2014_058
10.1016/j.jmig.2018.09.723,Jain Point: A New Safe Portal for Laparoscopic Entry in Previous Surgery Cases,Jain N,Jain N,Jain N,Journal of Minimally Invasive Gynecology,NA,2018,11,crossref,AAGL2014_058
10.1186/s13018-019-1240-8,Pullout strength of reinserted pedicle screws using the previous entry point and trajectory,Huang X,Zhang H,Huang X; Huang Z; Xu L; Liang D; Zhang M; Zhang H,Journal of Orthopaedic Surgery and Research,NA,2019,12,crossref,AAGL2014_058
10.1016/j.gmit.2013.07.003,Principles of safe abdominal entry in laparoscopic gynecologic surgery,Thepsuwan J,Lee C,Thepsuwan J; Huang K; Wilamarta M; Adlan A; Manvelyan V; Lee C,Gynecology and Minimally Invasive Therapy,NA,2013,11,crossref,AAGL2014_058
10.14744/less.2022.57070,Is laparoscopic colorectal cancer surgery safe in patients with previous major abdominal surgery?,gunes o,gunes o,gunes o,Laparoscopic Endoscopic Surgical Science,NA,2022,01,crossref,AAGL2014_058
10.4103/0974-1208.178637,Jain point: A new safe portal for laparoscopic entry in previous surgery cases,Jain N,Mann S,Jain N; Sareen S; Kanawa S; Jain V; Gupta S; Mann S,Journal of Human Reproductive Sciences,NA,2016,01,crossref,AAGL2014_058
10.1097/sle.0000000000001069,A New Laparoscopic Entry Point in Patients With Previous Laparotomy: A Prospective Comparative Study,Elbanna M,El Zemeity A,Elbanna M; Helmy R; Sabry A; El Zemeity A,"Surgical Laparoscopy, Endoscopy &amp; Percutaneous Techniques","
            Introduction:
            Intraperitoneal access and establishing pneumoperitoneum for laparoscopy is a critical step especially in patients who underwent previous laparotomy due to the higher risk of visceral or vascular injuries. In this study, we propose a new entry point for safe laparoscopic access in cases having previous laparotomy.
          
          
            Materials and Methods:
            This is a prospective controlled randomized trial conducted between January 2016 and January 2022 in Ain Shams University Hospitals. It included 232 patients who underwent laparoscopic procedures after previous laparotomy. They were randomly divided into 2 equal groups. In group 1, laparoscopic access was carried out by an optical trocar through the new point situated in the subxiphoid region 1 cm below the costal margin and centered 2.5 cm from the midline on either side. In group 2, laparoscopic access was performed by an optical subumbilical trocar after Verres needle insufflation in Palmer point. The primary end points were success and safety of entry, measured by the number of entry attempts and the incidence of bowel and vascular injuries. The secondary end point was the entry time.
          
          
            Results:
            In group 1, safe entry into the abdomen was achieved without visceral or vascular injury. In the 3 cases, minor liver injuries occurred. In group 2, 2 major vascular injuries and 5 bowel injuries occurred. There was a significant difference in procedure time (55±7.2 s in group 1 vs. 192±11.6 s in group 2).
          
          
            Conclusion:
            The suggested entry point is fast, safe, and reliable in patients having previous laparotomy.
          ",2022,08,crossref,AAGL2014_058
10.1097/sle.0000000000000470,Laparoscopic Colorectal Surgery in Patients With Previous Abdominal Surgery: A Single-center Experience and Literature Review,Kamer E,Haciyanli M,Kamer E; Acar T; Cengiz F; Durak E; Haciyanli M,"Surgical Laparoscopy, Endoscopy &amp; Percutaneous Techniques","To present the outcomes of laparoscopic colorectal surgery in colorectal cancer patients with a previous history of abdominal surgery. Data of a total of 121 patients with primary colorectal cancer who underwent laparoscopic surgery were retrospectively analyzed. The patients were divided into 2 groups as those with previous abdominal surgery (PAS, n=34) and those without (non-PAS, n=87). Gastric and colonic surgeries were the most common procedures in the major PAS group, whereas gynecologic and obstetric surgeries and appendectomy were the most common procedures in the minor PAS group. However, there were statistically significant differences in the overall complication rates, wound complications, and anastomotic leaks, although there were no significant differences in the rates of postoperative ileus, pneumonia, port site herniation, and postoperative bleeding between the groups. Our study results suggest that laparoscopic colorectal surgery can be safely performed in patients with colorectal cancer who underwent abdominal surgery previously.",2017,12,crossref,AAGL2014_058
10.1016/j.jmig.2019.09.267,2198 New Laparoscopic Entry Port for Previous Surgery Cases: Jain Point,Jain D,Jain D,Jain D,Journal of Minimally Invasive Gynecology,NA,2019,11,crossref,AAGL2014_058
10.23880/ijsst-16000212,Study of Risk Factors for Morbidity in Emergency Abdominal Laparoscopy Surgery,Ammari S,Ammari S,Ammari S,International Journal of Surgery &amp; Surgical Techniques,"Introduction: Emergency laparoscopy is regarded as a challenging and high-risk domain due to the requisite expertise in both laparoscopic and emergency surgery. Additionally, the physical fatigue of surgical teams and the urgency context contribute to potential increased morbidity rates in emergency surgery. Furthermore, a primary concern with laparoscopy is the frequency of deep collections. The objective of our study was to evaluate the risk factors for morbi-mortality associated with laparoscopic intervention in non-traumatic acute abdominal emergencies. Materials and Methods: A descriptive, prospective, evaluative study was conducted between February 2018 and October 2021, encompassing 337 patients undergoing laparoscopic surgery for non-traumatic acute abdominal emergencies. Results: Among the 337 operated patients, perioperative morbidity was 0.3%, and postoperative morbidity was 6.2% (21 patients). These postoperative complications were classified as grade I in 85.71% of cases (18 patients). The mean age of the patients was 38 years ± 15 years. Body mass index (BMI) was above 25 in 179 patients (53.11%). The mean operative time across all pathologies was 52.09 minutes ± 24.14 minutes (Range: 14-178 minutes). The average overall hospitalization duration was 1.5 days (Range: 1 to 8.5 days).The only factor correlated with the occurrence of postoperative complications was obesity (p=0.003). Conclusion: Emergency laparoscopy does not exacerbate morbidity and can be safely performed for the management of acute abdominal emergencies.",2024,01,crossref,AAGL2014_058
10.16899/jcm.1338911,Comparison of Abdominal Initial Entry Techniques in Gynecological Laparoscopy,GUNDOGDU E,USTA T,GUNDOGDU E; USTA T,Journal of Contemporary Medicine,"Objective: The aim of this study is to assess the safety of laparoscopic entry techniques.
Materials and Methods: Within the scope of the study, medical records of patients who underwent laparoscopy due to various gynecological indications at our clinic between January 1, 2011, and July 1, 2015, were examined. Evaluation was conducted using our hospital’s electronic database.
Results: In the patient cohort, direct trocar placement was preferred in 91.8% (1025 patients), Veress needle placement was used in 7.4% (82 patients), and an open technique was used in 0.8% (9 patients). In terms of entry sites, umbilicus was the most commonly chosen option, being preferred in 97.2% (1085 patients) of cases. In 2.4% of patients (27 patients), the midline abdominal trocar was preferred as the initial trocar insertion site. Among these patients, suprapubic incision was preferred in 62% (17 patients), while Lee-Huang point was chosen as the entry site in 38% (10 patients).Looking at the history of previous surgeries, 18.5% (206 patients) had a history of prior abdominal surgery, and 3.5% (39 patients) had undergone two previous surgical procedures. Only 0.1% (1 patient) had undergone three or more abdominal surgeries.
Discussion: In conclusion, no clear superiority of one initial entry technique over another has been proven. Despite the extensive literature on laparoscopic entry, debates regarding the most effective method to prevent significant complications continue.",2023,09,crossref,AAGL2014_058
10.1089/gyn.2019.0077,Direct Trocar Entry from Left Lateral Port (Jain Point) in a Case with Previous Surgeries,Mulayim B,Aksoy O,Mulayim B; Aksoy O,Journal of Gynecologic Surgery,NA,2020,02,crossref,AAGL2014_058
10.33140/jsc.03.01.03,Is Cardiac Surgery Safe in Patients with Previous Liver Transplantation? A Narrative Review,,,,Journal of Surgery Care,"Background Liver transplant patients have increased risk of developing cardiovascular disease and the outcome of these patients following cardiac surgery has been reported in small series of patients. The aim of this review was to examine and report safety outcomes of liver transplant patients undergoing cardiac surgery. Methods Literature review was conducted using three databases from inception to June 2023. Multiple search terms were used and limited to English language. Nine relevant articles were included. Outcomes of interest were short-term mortality, long-term survival, liver graft failure, major morbidity and infection in liver transplant recipients undergoing cardiac surgery. Results Cardiac risk factors (diabetes mellitus, hypertension, hyperlipidemia) were prevalent in liver transplant patients. 30-days mortality ranged across the studies from zero to 23.8%. 1-year survival ranged from 74-91% and 5-years survival ranged from 33-69%. Commonest causes of death were cardiac and sepsis. Predictors of mortality were preoperative encephalopathy, pulmonary hypertension, blood transfusion and postoperative increase in creatinine and bilirubin levels. Liver allograft rejection ranged from zero to 4.7% with no predictors reported. Liver dysfunction was seen in 33-46% of patients, and all were transient with recovery at the time of hospital discharge. Major morbidities were commonly reported and included respiratory and renal failure. Infection rates ranged from zero to 38% and the most common reported sites were pneumonia, sepsis, and surgical site infections. Conclusion Cardiac surgery can be performed in liver transplant patients with good short- and long-term results and acceptable morbidities.",2024,02,crossref,AAGL2014_058
10.5530/ami.2016.1.16,Laparoscopic tubal ligation in women with previous pelvic or abdominal surgery,Gupta N,Sharma J,Gupta N; Sharma J,Acta Medica International,NA,2016,01,crossref,AAGL2014_058
10.1007/s00455-020-10110-5,Gastrostomy in Patients with Previous Abdominal Surgery: A Comparative Study Between the Laparoscopy-Assisted Introducer Percutaneous Endoscopic Gastrostomy Versus Open Gastrostomy in Advanced Esophageal Cancer,Mahawongkajit P,Techagumpuch A,Mahawongkajit P; Techagumpuch A,Dysphagia,NA,2021,02,crossref,AAGL2014_058
10.1093/bjs/znab202.037,Performing total extraperitoneal inguinal hernia repair in patients with previous abdominal surgery is safe: an analysis of 1591 patients,Merker H,Nocito A,Merker H; Slieker J; Soppe S; Keerl A; Nocito A,British Journal of Surgery,"Abstract
               
                  Objective
                  The safety of endoscopic total extraperitoneal inguinal hernia repair (TEP) in patients who previously underwent open lower abdominal surgery has been discussed for many years, since operative difficulties can be expected due to adhesions and scarring. Some research has been done in this area, most of which ask for further studies to be conducted. The aim of this study was to assess the safety and feasibility of TEP in patients with previous lower abdominal surgery (PLAS).
               
               
                  Methods
                  We retrospectively analysed all patients who underwent a TEP inguinal hernia repair at our institution between July 2012 and May 2018. Previous lower abdominal surgery (PLAS) was defined as any previous open surgery with scarring below the umbilicus. In case of scars outside the midline, these were defined as PLAS when on the same side as the operated inguinal hernia. A univariate analysis as well as logistic regression were performed to identify outcomes of surgery between patients with- and without PLAS.
               
               
                  Results
                  In total 1591 patients were included in the study. 274 patients had PLAS, corresponding to 17.2%. Comparing to patients without PLAS, the group with PLAS had a significant higher risk of increased operation duration (odds ratio 1.07, p-value 0.004), but no increased risk of conversion, or intra- or postoperative complications. The highest significant risk of increasing operation duration was found after aortoiliac surgery (OR 2.08), bladder surgery (OR 1.71) or prostate surgery (odds ratio 1.22).
               
               
                  Conclusion
                  Performing TEP inguinal hernia repair after lower abdominal surgery slightly increases the operation duration, however there is no negative effect on the length of stay and the complication- or conversion rate. Therefore, we consider TEP to be a feasible and safe operation technique also for patients who previously underwent open lower abdominal surgery.
               ",2021,05,crossref,AAGL2014_058
10.1097/gox.0000000000006567,An Innovative Lip Boosting Technique Using Polynucleotides: “4-point Cannula Technique”,Adel N,Adel N,Adel N,Plastic and Reconstructive Surgery - Global Open,"
            Summary:
            The new concept in aesthetic medicine is heading toward regenerative medicine and the use of skin boosters in our practice, so the present case report aimed to evaluate the efficacy of injecting a polynucleotide into the lips for lip rejuvenation. Five female Middle Eastern patients were included in the study who wanted to have a lip rejuvenation treatment aiming to provide a lip hydration effect without any volumization. All patients were injected with polynucleotide using a micro cannula. Standardized photographs were taken before and after the injection procedure for evaluation of the results. All patients reported a high degree of satisfaction immediately after the injection, and there was also a marked improvement in the lip texture and elasticity where this improvement lasted 6 months after the procedure. Using polynucleotide as a skin booster for lip rejuvenation can provide a hydrating effect for the lips without any volumization, along with improvement in the lip texture, where this improvement lasts for 6 months after the procedure.
          ",2025,03,crossref,AAGL2014_058
10.1016/j.amjsurg.2014.06.015,Single-port laparoscopic colectomy is safe and feasible in patients with previous abdominal surgery,Tei M,Akamatsu H,Tei M; Wakasugi M; Omori T; Ueshima S; Tori M; Akamatsu H,The American Journal of Surgery,NA,2015,06,crossref,AAGL2014_058
10.1016/j.visj.2024.101945,Pneumatosis intestinalis on abdominal point-of-care ultrasound,Lee E,Wiese J,Lee E; Pennington N; Wiese J,Visual Journal of Emergency Medicine,NA,2024,07,crossref,AAGL2014_058
10.1016/j.jmig.2022.09.406,8414 Jain Point a Viable Entry Port in Obese Patients with and without Previous Surgery,Jain N,Jain N,Jain N,Journal of Minimally Invasive Gynecology,NA,2022,11,crossref,AAGL2014_058
10.1089/gyn.2016.0123,Appendectomy at Gynecologic Surgery: Feasibility and Outcomes in a High Risk Gynecologic Population—Revealing a High Rate of Incidental Appendiceal Cancer,Benoit M,Kent E,Benoit M; Kosnik C; Kent E,Journal of Gynecologic Surgery,NA,2017,08,crossref,AAGL2014_073
10.5005/jp/books/12892_25,Laparoscopic appendectomy,Mutter D,Mutter D,Mutter D,"Minimally Invasive Gynecologic Surgery: Evidence-Based Laparoscopic, Hysteroscopic and Robotic Procedures",NA,2016,01,crossref,AAGL2014_073
10.1016/j.ygyno.2020.05.189,Appendectomy at time of surgery for ovarian malignancy: An ACS-NSQIP propensity score-stratified analysis,Bernard L,Le T,Bernard L; Le T,Gynecologic Oncology,NA,2020,10,crossref,AAGL2014_073
10.1002/9781118298565.ch88,Laparoscopic Appendectomy,Rawstorne E,Keh C,Rawstorne E; Smart C; Keh C,Gynecologic and Obstetric Surgery,NA,2016,02,crossref,AAGL2014_073
10.1089/gyn.2014.0101,The Use of a Robotic Stapling Device for Coincidental Appendectomy,Benton A,Harkins G,Benton A; Riley K; Harkins G,Journal of Gynecologic Surgery,NA,2015,06,crossref,AAGL2014_073
10.1016/j.jmig.2014.08.085,Appendectomy in Gynecologic Surgery,Wesa M,Wesa M,Wesa M,Journal of Minimally Invasive Gynecology,NA,2014,11,crossref,AAGL2014_073
10.2310/surg.2087,Appendectomy,Zielinski M,Zielinski M,Zielinski M,DeckerMed Surgery,,2020,05,crossref,AAGL2014_073
10.1016/j.jmig.2021.09.314,Two Laparoscopic Appendectomy Techniques in Benign Gynecologic Surgery,Qu A,Morozov V,Qu A; Brunn E; Robinson J; Morozov V,Journal of Minimally Invasive Gynecology,NA,2021,11,crossref,AAGL2014_073
10.1097/gco.0000000000000466,The role of appendectomy at the time of laparoscopic surgery for benign gynecologic conditions,Peters A,Mansuria S,Peters A; Mansuria S,Current Opinion in Obstetrics &amp; Gynecology,"
            Purpose of review
            The risk–benefit ratio of concurrent appendectomy at the time of gynecologic surgery has long been debated and remains controversial. However, emerging data on the appendix's role in chronic pain syndromes point to a previously unrecognized link between gynecologic disorders and appendicular pathology. In this article, we review the indications for appendectomy at the time of laparoscopic gynecologic surgery for the treatment of endometriosis and chronic pelvic pain.
          
          
            Recent findings
            The incidence of appendiceal endometriosis is highly variable depending on the patient population selected. Although rare in patients undergoing appendectomy for acute appendicitis, women with endometriosis may experience rates as high as 9.3–39.0%, especially when suffering from deep infiltrative endometriosis. Appendectomy may also significantly reduce pain in women with unexplained chronic pelvic pain.
          
          
            Summary
            Despite lack of prospective data, retrospective studies suggest that appendectomy during gynecologic procedures for chronic pelvic pain and severe endometriosis may be beneficial and necessary to fully address the treatment of these complex gynecologic conditions. In these clinical scenarios, the benefits of laparoscopic appendectomy at the time of the primary gynecologic procedure may outweigh the risks and cost, and should be discussed with patients preoperatively.
          ",2018,08,crossref,AAGL2014_073
10.1016/j.ygyno.2025.04.310,Take it or leave it? Incidental appendectomy at the time of gynecologic oncology laparotomy,Badiner N,Hong L,Badiner N; Herberger M; Butler H; Yao R; Ioffe Y; Hong L,Gynecologic Oncology,NA,2025,09,crossref,AAGL2014_073
10.37506/ijocs.v8i1.1296,"Comparison of Classical Open Appendectomy, Small Incision Appendectomy and Laparoscopic Appendectomy in Children with Uncomplicated Acute Appendicitis",,,,International Journal of Contemporary Surgery,NA,2020,02,crossref,AAGL2014_073
10.1016/j.gore.2025.101926,Take it or leave it? Incidental appendectomy at time of gynecologic oncology laparotomy,Badiner N,Hong L,Badiner N; Mirzadeh A; Sword L; Herberger M; Butler H; Yao R; Ioffe Y; Hong L,Gynecologic Oncology Reports,NA,2025,10,crossref,AAGL2014_073
10.1097/sla.0000000000000529,Pure Transvaginal Appendectomy Versus Traditional Laparoscopic Appendectomy for Acute Appendicitis,Tsin D,Tsin D,Tsin D,Annals of Surgery,NA,2015,01,crossref,AAGL2014_073
10.1097/aog.0000000000005033,Postoperative Complications of Appendectomy in Gynecologic Laparoscopic Surgery for Benign Indications,O'Brien M,Biscette S,O'Brien M; Gupta A; Quevedo A; Lenger S; Shah V; Warehime J; Gaskins J; Biscette S,Obstetrics &amp; Gynecology,"
                    OBJECTIVE:
                    To assess whether concomitant appendectomy in patients who undergo laparoscopic surgery for benign gynecologic indications is associated with increased rates of complications in the 30-day postoperative period.
                  
                  
                    METHODS:
                    The American College of Surgeons National Surgical Quality Improvement Program database was used to identify patients who underwent laparoscopic surgery by a gynecologist. Patients were excluded if they underwent open abdominal surgeries, bowel resections, urogynecologic surgeries, or if diagnoses of cancer or appendicitis were present. There were 246,987 patients included in the population cohort from 2010 to 2020. Demographic information and postoperative outcomes of patients who underwent concomitant appendectomy were compared with patients who did not undergo appendectomy. A matched cohort was created by computing propensity scores, and outcomes were again compared between groups. All patients undergoing appendectomy were 1:1 matched to a unique patient who did not undergo appendectomy using a greedy matching based on the propensity score calculated from demographic and surgical characteristics.
                  
                  
                    RESULTS:
                    
                      A total of 1,760 patients (0.7%) underwent concomitant appendectomy. There was an 8.0% complication rate in the appendectomy group, compared with 5.5% in the group of those without appendectomy (
                      P
                      &lt;.001), and this was similar to the results in the propensity-matched sample. Patients who underwent appendectomy had significantly higher rates of readmission (4.3% vs 2.3%), which remained significant in the propensity-matched sample. There were no differences in the rates of postoperative thromboembolic events, blood transfusion, or reoperation.
                    
                  
                  
                    CONCLUSION:
                    Patients who are undergoing concomitant appendectomy have an increased risk of any complication and hospital readmission. Additional studies may be conducted to identify patients with optimal risk benefit profiles when considering performing concomitant appendectomy at time of gynecologic surgery.
                  ",2023,02,crossref,AAGL2014_073
10.1016/j.surg.2017.02.013,Hybrid transgastric appendectomy is feasible but does not offer advantages compared with laparoscopic appendectomy: Results from the transgastric appendectomy study,Schoenberg M,Kähler G,Schoenberg M; Magdeburg R; Kienle P; Post S; Eisser P; Kähler G,Surgery,NA,2017,08,crossref,AAGL2014_073
10.1007/978-1-4939-0903-2_15,Appendectomy,Sarpel U,Sarpel U,Sarpel U,Surgery,NA,2014,01,crossref,AAGL2014_073
10.1201/9781351250801-41,Appendectomy,Pakarinen M,Pakarinen M,Pakarinen M,Operative Pediatric Surgery,NA,2020,12,crossref,AAGL2014_073
10.1097/sla.0000000000000452,Randomized Prospective Study to Compare Laparoscopic Appendectomy Versus Umbilical Single-incision Appendectomy,Christensen A,Christensen A,Christensen A,Annals of Surgery,NA,2015,06,crossref,AAGL2014_073
10.1007/s11605-014-2603-4,Open Appendectomy with Invagination of the Stump Rather than Laparoscopic Appendectomy—Are We Really Serious?,Bhandarkar D,Bhandarkar D,Bhandarkar D,Journal of Gastrointestinal Surgery,NA,2014,10,crossref,AAGL2014_073
10.1201/b13198-65,Appendectomy: Open and Laparoscopic Procedures,,,,Operative Pediatric Surgery,NA,2013,04,crossref,AAGL2014_073
10.1016/j.jmig.2014.08.088,Proper Patient Positioning for Gynecologic Laparoscopic Surgery,Pratts M,Scheib S,Pratts M; Weinrobe M; Scheib S,Journal of Minimally Invasive Gynecology,NA,2014,11,crossref,AAGL2014_076
10.1016/j.jmig.2018.09.528,Essentials of Patient Positioning in Laparoscopic Gynecologic Surgery,Cohen A,Pacis M,Cohen A; Pacis M,Journal of Minimally Invasive Gynecology,NA,2018,11,crossref,AAGL2014_076
10.1016/j.jmig.2016.08.436,Fundamentals of Patient Positioning for Laparoscopic Gynecologic Surgery,Pacis M,Harkins G,Pacis M; Li H; Harkins G,Journal of Minimally Invasive Gynecology,NA,2016,11,crossref,AAGL2014_076
10.1016/b978-0-323-39326-3.00001-1,Patient Preparation and Positioning for Laparoscopic and Robotic Urologic Surgery,Wagner A,Hwong J,Wagner A; Hwong J,Atlas of Laparoscopic and Robotic Urologic Surgery,NA,2017,01,crossref,AAGL2014_076
10.1007/978-3-319-63429-6_5,Patient Positioning and Trocar Placement for Robotic Procedures,Wasson M,Wasson M,Wasson M,Textbook of Gynecologic Robotic Surgery,NA,2018,01,crossref,AAGL2014_076
10.1016/j.ejogrb.2018.02.002,Patient positioning for robot-assisted laparoscopic benign gynecologic surgery: A review,Takmaz O,Gungor M,Takmaz O; Asoglu M; Gungor M,European Journal of Obstetrics &amp; Gynecology and Reproductive Biology,NA,2018,04,crossref,AAGL2014_076
10.1097/01.asm.0001118184.01372.a2,SEE Question: Patient Positioning After Laparoscopic Surgery,,,,ASA Monitor,NA,2025,06,crossref,AAGL2014_076
10.1089/gyn.2020.0198,Patient Experience and Unplanned Patient Contact After Implementation of an Enhanced Recovery After Surgery Protocol for Laparoscopic Hysterectomy,Wright K,Cass I,Wright K; Ronen I; Siedhoff M; Cass I,Journal of Gynecologic Surgery,NA,2021,10,crossref,AAGL2014_076
10.1515/9783110306576.37,"5. Patient positioning , trocar placement , and docking for robotic gynecologic procedures",Borahay M,Borahay M,Borahay M,Robotic Surgery,NA,2013,12,crossref,AAGL2014_076
10.1177/10424067251394588,Patient Outcomes with Robotic-Assisted Total Laparoscopic Hysterectomy Versus Robotic-Assisted Total Laparoscopic Hysterectomy with Minilaparotomy,Tubert A,Bou Zgheib N,Tubert A; Lee R; Wright A; Roth D; Lamichhane R; Bou Zgheib N,Journal of Gynecologic Surgery,"
                    Introduction:
                    Minimally invasive hysterectomy, with removal of the specimen through the vagina, has minimal morbidity and superior intraoperative and postoperative outcomes compared to abdominal hysterectomy. There are times, however, when vaginal specimen removal may not be feasible, and a minilaparotomy can be utilized. The purpose of this study was to compare outcomes of robotic-assisted total laparoscopic hysterectomies with vaginal specimen extraction (RV) versus minilaparotomy specimen extraction (RL).
                  
                  
                    Methods:
                    A retrospective cohort study was conducted among two groups of patients who underwent a robotic-assisted total laparoscopic hysterectomy with RV or RL by the gynecological oncology service at an academic institution. Blood loss, pain medication requirements, length of stay, and surgical complications were compared between groups.
                  
                  
                    Results:
                    
                      From January 2017 to October 2022, 1643 patients underwent a robotic hysterectomy. Sixty patients required a minilaparotomy for specimen extraction versus 1583 patients who had a vaginal extraction. RL cases had a larger BL (114.8 mL vs. 60.0 mL,
                      p
                      &lt; 0.001), morphine milligram equivalents requirements (95.8 vs. 84.2,
                      p
                      = 0.018), and length of stay (1.5 vs. 1.2 days,
                      p
                      &lt; 0.001) when compared to RV cases. Postoperative complications were more common in malignant RL cases compared to malignant RV extraction cases (
                      p
                      -value = 0.028).
                    
                  
                  
                    Conclusion:
                    Despite a statistical increase in BL, pain medication needs, and length of stay, these outcomes were of limited clinical significance, and overall, RL was found to be a safe option for specimen removal when vaginal extraction is not feasible.
                  ",2026,02,crossref,AAGL2014_076
10.1089/gyn.2017.0113,The Impact of Annual Surgical Volume on Patient Outcomes in Laparoscopic Hysterectomy,Tran A,Cass I,Tran A; Greene N; Cass I,Journal of Gynecologic Surgery,NA,2018,08,crossref,AAGL2014_076
10.1016/j.jmig.2023.08.213,Positioning of Obese Patients during Gynecologic Laparoscopic Surgery,Sullender R,Schiff L,Sullender R; McClurg A; Schiff L,Journal of Minimally Invasive Gynecology,NA,2023,11,crossref,AAGL2014_076
10.5772/intechopen.96953,Fundamentals of the Currently Available Single Port Abdominal Laparoscopic Gynecologic Systems and Utility in Minor Gynecologic Surgery,Luann Racher M,Marie Mercier A,Luann Racher M; Marie Mercier A,Single Port Gynecologic Laparoscopic and Robotic-Assisted Surgery,"Single incision laparoscopic surgery encompasses a plethora of techniques and styles. Single incision laparoscopy has demonstrated outcomes comparable to traditional multiport laparoscopy with the added benefit of improved cosmesis. This book chapter will review single incision surgery for minor gynecologic surgery, including adnexal surgical procedures and myomectomy. The chapter reviews available data in regard to outcomes in single incision laparoscopy. It also discusses the commercially available single incision surgical access systems, laparoscopes, and accessory instruments. Surgical techniques beneficial in single incision laparosocpy, including uterine manipulation, are also reviewed.",2021,09,crossref,AAGL2014_076
10.5772/intechopen.96588,Fundamentals of the Robotic Assisted Laparoscopic Single Port System and Utility in Minor Gynecologic Surgery,R. Wagner J,R. Wagner J,R. Wagner J,Single Port Gynecologic Laparoscopic and Robotic-Assisted Surgery,"This chapter will introduce the single port robotic system. Topics include an introduction to the robotic single site port, the trocars, and the single site instruments. Step-by-step instruction is provided on how to create the umbilical incision and properly insert the single site port and trocars. The advantages and disadvantages of single port robotic surgery compared to multiple port robotic surgery and laparoscopic single site surgery are reviewed. Surgical tips and tricks are provided throughout each section to maximize efficiency, minimize complications, and overcome inherent limitations of the robotic single site system. The utility of the robotic single site platform for performing minor gynecologic surgery is discussed. Finally, a simple method for umbilical closure is described.",2021,09,crossref,AAGL2014_076
10.1007/978-981-96-8598-1_1,Positioning in Laparoscopic Surgery,Zhao X,Zhao X,Zhao X,Laparoscopic Surgery in Urology,NA,2025,01,crossref,AAGL2014_076
10.5772/intechopen.96226,Robotic Laparoscopic Single-Site Surgery,I. Luna R,I. Luna R,I. Luna R,Single Port Gynecologic Laparoscopic and Robotic-Assisted Surgery,"Minimally invasive surgery has changed the landscape of women’s surgical healthcare. Conventional and robotic laparoscopy are the preferred approach for many major minimally invasive gynecological procedures. However, the philosophy of minimally invasive surgery has been pushed to reduce the size and minimize the number of ports placed. Many conventional minimally invasive surgical procedures use 3–5 ports through multiple small incisions. Laparoscopic single site surgery tries to perform on that philosophy but has its limitations. Enters robotic surgery already a major force in minimally invasive surgery and now sets to remove the limitations of single site surgery. However it requires proper understanding of the instruments and the techniques for successful robotic single site surgery. It starts with patient selection. Knowing the instruments needed and the proper set up of those instruments. Then knowing how to use the instruments in operating and suturing and closing. And finish with special considerations.",2021,09,crossref,AAGL2014_076
10.1002/9781118298565.ch66,Safe Laparoscopic Entry in a Thin Patient,Gupta J,Chu J,Gupta J; Chu J,Gynecologic and Obstetric Surgery,NA,2016,02,crossref,AAGL2014_076
10.2106/jbjs.m.01267,Proper Patient Positioning and Complication Prevention in Orthopaedic Surgery,Bonnaig N,Archdeacon M,Bonnaig N; Dailey S; Archdeacon M,Journal of Bone and Joint Surgery,NA,2014,07,crossref,AAGL2014_076
10.1007/978-3-319-63204-9_3,"Room Setup, Equipment, and Patient Positioning",Sharp N,Papaconstantinou H,Sharp N; Papaconstantinou H,Operative Techniques in Single Incision Laparoscopic Colorectal Surgery,NA,2018,01,crossref,AAGL2014_076
10.21474/ijar01/21119,OPTIMIZING OPERATING ROOM SETUP AND PATIENT POSITIONING IN ROBOTIC GYNECOLOGIC SURGERY,Mishra A,Pangtey P,Mishra A; Pangtey P,International Journal of Advanced Research,"Robotic-assisted gynecologic surgery demands meticulous attention to operating room (OR) setup and patient positioning to optimize surgical outcomes and minimize complications. This review synthesizes current best practices from a comprehensive chapter and a detailed presentation, supplemented by recent literature, focusing on key aspects for gynecologists. We discuss essential preoperative preparations, including patient selection, prophylactic measures, and uterine manipulator considerations. The optimal OR configuration, particularly the side docking approach, and team positioning are detailed for efficient workflow. Critical elements of patient positioning, such as modified dorsal lithotomy and judicious Trendelenburg tilt, are examined. Furthermore, we highlight potential risks and complications associated with positioning, including neuropathies and ocular issues, and provide practical tips for mitigation. By adhering to these guidelines, gynecologic surgeons can enhance safety, efficiency, and overall success in robotic procedures.",2025,06,crossref,AAGL2014_076
10.1016/j.jmig.2015.08.043,Natural Orifice Sacral Colpopexy,Hanes C,Hanes C,Hanes C,Journal of Minimally Invasive Gynecology,NA,2015,11,crossref,AAGL2015_034
10.1016/j.ajog.2016.01.118,6: Natural orifice sacral colpopexy,Hanes C,Hanes C,Hanes C,American Journal of Obstetrics and Gynecology,NA,2016,04,crossref,AAGL2015_034
10.1016/j.jmig.2015.08.861,Natural Orifice Sacral Colpopexy: A New Approach to a Time-Honored Procedure,Hanes C,Hanes C,Hanes C,Journal of Minimally Invasive Gynecology,NA,2015,11,crossref,AAGL2015_034
10.1016/j.jmig.2017.06.009,Vaginal Sacral Colpopexy: A Natural Orifice Approach to a Gold Standard Procedure,Hanes C,Hanes C,Hanes C,Journal of Minimally Invasive Gynecology,NA,2018,01,crossref,AAGL2015_034
10.5005/jp/books/11753_38,Laparoscopic Sacral Colpopexy,Mishra R,Mishra R,Mishra R,Textbook of Practical Laparoscopic Surgery,NA,2013,01,crossref,AAGL2015_034
10.1016/j.jmig.2019.09.743,Sacral Colpopexy after a 20 Years Sacral Colpopexy. A Robotic Minimally Invasive Approach,Dueñas Garcia O,Shapiro R,Dueñas Garcia O; Rana B; Smith H; Zaslau S; Shapiro R,Journal of Minimally Invasive Gynecology,NA,2019,11,crossref,AAGL2015_034
10.26226/morressier.59f838b6d462b8028d8973e1,Outcomes After Sacral Colpopexy With Non-Absorbable Permanent Polypropylen Mesh – 5 Years Experience,Morais Rodrigues I,Morais Rodrigues I,Morais Rodrigues I,NA,NA,NA,01,crossref,AAGL2015_034
10.21037/asvide.2023.335,Whole extraperitoneal sacral hysteropexy by transvaginal natural orifice transluminal endoscopic surgery.,Gu D,Lin Y,Gu D; He L; Lin Y,ASVIDE,NA,2024,01,crossref,AAGL2015_034
10.1016/j.jmig.2013.12.083,Vaginal Sacral Colpopexy,Hanes C,Hanes C,Hanes C,Journal of Minimally Invasive Gynecology,NA,2014,03,crossref,AAGL2015_034
10.5005/jp/books/12367_15,Chapter-15 Laparoscopic Sacral Colpopexy and Enterocele Repair with Mesh,Nutan J,Nutan J,Nutan J,Basics of Computer Vision Syndrome,NA,2014,01,crossref,AAGL2015_034
10.21037/gpm-23-11,Whole extraperitoneal sacral hysteropexy by transvaginal natural orifice transluminal endoscopic surgery,Gu D,Lin Y,Gu D; He L; Lin Y,Gynecology and Pelvic Medicine,NA,2023,12,crossref,AAGL2015_034
10.5455/aim.2013.21.143-143,Osteomyelitis After Robotically Assisted Laparoscopic Sacral Colpopexy,Iavazzo C,Gkegkes I,Iavazzo C; Gkegkes I,Acta Informatica Medica,NA,2013,01,crossref,AAGL2015_034
10.1002/cca.2558,"For women with vaginal prolapse, how do vaginal surgical procedures compare with sacral colpopexy?",Grillo-Ardila C,Grillo-Ardila C,Grillo-Ardila C,Cochrane Clinical Answers,NA,2019,07,crossref,AAGL2015_034
10.1097/spv.0000000000000092,Sacral Osteomyelitis After Laparoscopic Sacral Colpopexy Performed After a Recent Dental Extraction,Apostolis C,Heiselman C,Apostolis C; Heiselman C,Female Pelvic Medicine &amp; Reconstructive Surgery,NA,2014,11,crossref,AAGL2015_034
10.1016/j.jmig.2018.09.715,Extraperitoneal Sacral Hysteropexy by Transvaginal Natural Orifice Transluminal Endoscopic Surgery,Wang Y,Liang Z,Wang Y; Liang Z,Journal of Minimally Invasive Gynecology,NA,2018,11,crossref,AAGL2015_034
10.1016/s1701-2163(15)30937-3,Sacral Colpopexy Versus Transvaginal Mesh Colpopexy in Obese Patients,McDermott C,Hale D,McDermott C; Park J; Terry C; Woodman P; Hale D,Journal of Obstetrics and Gynaecology Canada,NA,2013,05,crossref,AAGL2015_034
10.7759/cureus.671,Lumbosacral Osteomyelitis and Discitis with Phlegmon Following Laparoscopic Sacral Colpopexy,Jenson A,Simpson R,Jenson A; Scranton R; Antosh D; Simpson R,Cureus,NA,2016,07,crossref,AAGL2015_034
10.5180/jsgoe.31.238,Outcomes of Laparoscopic Sacral Colpopexy,Nishiyama H,Kishi I,Nishiyama H; Kawanishi A; Deshimaru R; Kamei K; Kobiki K; Asada H; Kishi I,JAPANESE JOURNAL OF GYNECOLOGIC AND OBSTETRIC ENDOSCOPY,NA,2015,01,crossref,AAGL2015_034
10.31525/ct1-nct04197869,Does a Preoperative Bowel Regimen Change Time to First Bowel Movement After Robotic Sacral Colpopexy,,, ,Case Medical Research,NA,2019,12,crossref,AAGL2015_034
10.1089/vid.2019.0007,Robotic Sacral Colpopexy with Fascia Lata for Pelvic Organ Prolapse,Tachibana I,Powell C,Tachibana I; Pickhardt M; Powell C,Videourology™,"
                    
                      SAGE-Journals-Accessible-Video-Player
                      10.1089/vid.2019.0007.M1
                      sj-vid-1-vid-10.1089_vid.2019.0007
                    
                  ",2019,06,crossref,AAGL2015_034
10.1016/j.jmig.2015.08.045,Reproductive Outcomes of 10 Years Asherman’s Surgery,Hanstede M,Emanuel M,Hanstede M; Emanuel M,Journal of Minimally Invasive Gynecology,NA,2015,11,crossref,AAGL2015_036
10.1016/j.fertnstert.2014.07.1014,Hysteroscopic adhesiolysis for asherman’s syndrome: live-birth rate and factors affecting reproductive outcome after surgery,Han W,Han W,Han W,Fertility and Sterility,NA,2014,09,crossref,AAGL2015_036
10.7759/cureus.39879,Tubal Blockage Surgery: A Retrospective Cohort Study on Clinical Characteristics and Reproductive Outcomes Within Six Years,El-Kharoubi A,Szasz F,El-Kharoubi A; Szasz F,Cureus,NA,2023,06,crossref,AAGL2015_036
10.5306/wjco.v13.i10.802,Oncology and reproductive outcomes over 16 years of malignant ovarian germ cell tumors treated by fertility sparing surgery,Rungoutok M,Suprasert P,Rungoutok M; Suprasert P,World Journal of Clinical Oncology,NA,2022,10,crossref,AAGL2015_036
10.1016/j.rbmo.2025.105420,Effect of prolonged oocyte cryopreservation &gt;10 years on reproductive outcomes – a systematic review and meta-analysis,Kauffman A,Michaeli J,Kauffman A; Karol D; Jones C; Li Q; Huszti E; Michaeli J,Reproductive BioMedicine Online,NA,2025,11,crossref,AAGL2015_036
10.7759/cureus.70232,Reproductive Outcomes Following Robot-Assisted Laparoscopic Myomectomy: 10 Years’ Experience,Sinha R,Reddy P,Sinha R; Rupa B; Raina R; Bag M; HK D; Reddy P,Cureus,NA,2024,09,crossref,AAGL2015_036
10.26226/m.63235818f30377bc3baf6958,REPRODUCTIVE AND PERINATAL OUTCOMES IN WOMEN≥ 40 YEARS,Fernández Castañeda M,Romero Guadix B,Fernández Castañeda M; Romero Guadix B,NA,NA,NA,01,crossref,AAGL2015_036
10.4103/jhrs.jhrs_146_22,Does Testicular Sperm Alter Reproductive and Perinatal Outcomes in Assisted Reproductive Technology Cycles? 10 Years' Experience in an Indian Clinic,Mantravadi K,Sree Y,Mantravadi K; Rao D; Sree Y,Journal of Human Reproductive Sciences,"
            Background:
            Intra-Cytoplasmic Sperm Injection (ICSI) has revolutionized the reproductive outcomes for couples with male factor infertility. Especially in azoospermic men, use of ICSI with surgically retrieved testicular sperm has helped them have their own biological child. However, considering the immature nature of testicular sperm safety of testicular sperm has been debated.
          
          
            Aims:
            To compare reproductive outcomes, neonatal outcomes and the incidence of congenital malformations in children born after intracytoplasmic sperm injection (ICSI), using different sperm origins.
          
          
            Settings and Design:
            This is a retrospective study in which a total of 989 participants were enrolled. Study group (Testicular Sperm Aspiration (TESA) ICSI group) had 552 couples with female partners aged ≤37 and had self gamete cycles. ICSI cycles with ejaculated sperm (EJS) acted as the control group.
          
          
            Materials and Methods:
            All male patients underwent surgical sperm retrieval and all the women underwent controlled ovarian stimulation and transvaginal oocyte retrieval and Ovum Pick Up (OPU) as per the standard operating procedures of the clinic. Frozen embryo transfer with two good-grade blastocysts, which had shown 100% survival, were transferred in subsequent cycles.
          
          
            Statistical Analysis Used:
            The Student's t-test was performed for age distribution; odds ratio was performed to find the confounding factors.
          
          
            Results:
            Embryonic and reproductive outcomes were comparable and not statistically significant in the study and control groups. Incidence of congenital anomalies was observed in singleton live births and twin live births in both the TESA-ICSI group and the EJS-ICSI group, but the difference was not statistically significant.
          
          
            Conclusions:
            Our study revealed that congenital malformations in children born out of ICSI using testicular sperm and EJS were similar; no difference was observed in miscarriages between the testicular sperm-ICSI and EJS-ICSI group. Our data suggests that surgical sperm retrieval in couples with male factor infertility does not alter their reproductive outcome.
          ",2022,10,crossref,AAGL2015_036
10.1017/9781108421706.009,"Asherman, Joseph (1889–1968)",,,,Eponyms and Names in Obstetrics and Gynaecology,NA,2019,01,crossref,AAGL2015_036
10.33699/pis.2021.100.10.475-483,Sacral neuromodulation for faecal incontinence – 10 years experience and long-term outcomes of a specialized centre,,,,Perspectives in Surgery,"Introduction: Sacral neuromodulation/sacral nerve stimulation (SNM/SNS) has become the most successful method for treatment of faecal incontinence (FI) in the last 10 years. The high efficiency of SNM is based on the electrical stimulation of the external anal sphincter and moreover the mechanism of action of SNS can be explained by the modulation of somatovisceral reflexes and perceptions of afferent information. Therefore the mechanism of action is more complex in contrast to other methods of treatment. In the Czech Republic, the SNM was implemented for the first time in 2010 with the financial support of the IGA grant of the Ministry of Health of the Czech Republic. Since 2018, two specialized centres for the treatment of FI using the SNM method have been established in the Czech Republic.
Methods: In the years 2010−2020, 35 patients were indicated for SNM. The ratio of women to men was 34:1. The mean age at implantation was 62 years (range 46−75). Most patients were in the 6th and 7th decade. Two diagnostic procedures were performed in all patients, percutaneous evaluation of the S2−S4 sacral nerves, implantation of the Medtronic 3889 28cm stimulation tined lead electrode and its connection to an external stimulator and subsequent subchronic stimulation for 2−4 weeks. The criteria for permanent neurostimulator implantation were a minimum 50% reduction in the number of FI episodes per week or a 50% reduction in incontinence score. Patients were then implanted with a Medtronic InterStim II 3058 permanent neurostimulator.
Results: A permanent neurostimulator was implanted in 33 of 35 patients (94%). No patient died. The complication rate was 11.4%. In 2 patients it was an infectious complication. In one patient malposition of the stimulator occurred after falling down and in one patient we observed lead breakage with subsequent malfunction of the stimulator after falling down. All complications were successfully resolved by reoperation. The longterm effect of SNM was evaluated in the group of the first 15 implanted patients from 2010−2011. Of these, 9 patients were available, in whom a new neurostimulator was reimplanted due to loss of battery power in 2018−2020. The mean length of follow-up was 112 months (99−124). The mean number of FI episodes per week was 1.9 (0−13) after neurostimulator implantation compared to 13.6 (3−25) before implantation. The Cleveland Clinic Incontinence Score (CCIS) was 8.3 (3−16) after neurostimulator implantation compared to CCIS 18.8 (15−20) before implantation. Both FI episode counts and CCIS scores were significantly lower (p&lt;0.05). According to PP (per protocol) analysis, in 64.3% of patients at least 50% improvement of continence or reduction of FI episodes persists after 8−10 years in comparison with the condition before primary implantation; full continence was achieved in 4 patients (28.6%). 
Conclusion: Sacral neuromodulation is an effective and safe minimally invasive method for the treatment of severe faecal incontinence. A beneficial long-term effect is observed in more than half of the patients. Successful outcomes of SNM depend on careful selection of patients, precise electrode placement technique and experience of the specialized centre.",2021,10,crossref,AAGL2015_036
10.1111/ans.14426,Laparoscopic repair of large hiatal hernias: clinical outcomes of 10 years,Chen Z,Wang Z,Chen Z; Zhao H; Sun X; Wang Z,ANZ Journal of Surgery,"BackgroundWhilst laparoscopic repair is the most common surgical procedure for the treatment of large hiatal hernias, knowledge of long‐term outcomes (&gt;10 years) is scarce. The aim of this study was to evaluate the long‐term results following this approach, in particular the hernia recurrence rate and the impact of repair on quality of life (QoL).MethodsPatients were identified from a prospective database. A standardized questionnaire was used to assess symptoms and a barium swallow radiograph was performed to determine anatomy. A validated QoL measure, Gastrointestinal Quality of Life Index (GIQLI) was also applied to all patients.ResultsOf the 69 eligible patients, clinical follow‐up was available for 54 patients (78.3%). Follow‐up ranged from 72 to 185 (median: 114) months. Post‐operative heartburn and dysphagia were significantly improved, with 45 patients (83%) reporting a good or excellent result. Contrast radiology in 35 patients (65%) revealed recurrence in 12 patients (34%). Fifty‐four patients answered the GIQLI questionnaire. The mean GIQLI score was 117 (61–136). Patients with objectively documented anatomic recurrence had a QoL index of 92 (61–121) compared to an index of 122 (77–136, P &lt; 0.01) in the non‐recurrent hernia group.ConclusionsAt mean 114 months follow‐up, laparoscopic repair of large hiatal hernias achieves effective and durable relief of symptoms, and most patients are satisfied with the outcome.",2018,10,crossref,AAGL2015_036
10.1016/j.soard.2025.04.310,065RWBZRX4 Comprehensive Outcomes of Sleeve Gastrectomy After 10 Years of Follow-up,,,,Surgery for Obesity and Related Diseases,NA,2025,06,crossref,AAGL2015_036
10.18370/2309-4117.2022.63.59-66,The first experience of reproductive function restoration in patients with Asherman’s syndrome using autologous mesenchymal stem cells,Kozub M,Savelieva L,Kozub M; Gramatiuk S; Kozub M; Sokol M; Hyrman L; Knihavko O; Savelieva L,REPRODUCTIVE ENDOCRINOLOGY,"The main goal of Asherman’s syndrome treatment is to restore the volume and shape of the uterine cavity, regenerate the endometrium and reproductive function. Recently, in addition to ultrasound diagnostics of intrauterine synechiae, office hysteroscopy is widely used. The most standardized stages of Asherman’s syndrome treatment are hysteroscopic dissection of the uterine cavity synechiae and endometrium re-adhesion prevention in the postoperative period, which is achieved by the introduction of the intrauterine device, anti-adhesive drugs or balloon catheters inserted intrauterinely. The main difficulties are to find effective ways to prevent adhesion that occurs after removal of mechanical means from the uterine cavity and ways to restore the endometrium morphology in patients wishing to achieve pregnancy. The most promising technique in this area is the use of autologous endometrial stem cells. Here is a case of treatment of a reproductive age patient with infertility and Asherman’s syndrome. The clinical case was a part of a clinical trial Clinical Trials.gov Identifier: NCT04675970. On the eve of the operative stage for uterine cavity synechiae separation 20.0 ml of venous blood was taken. Mesenchymal stem cells (MSCs) were isolated from the patient’s peripheral blood using the magnetic separation method of the autoMACS Pro Separator (Miltenyi Biotec). According to the international instructions, 6th passage MSCs were clinically used. Confirmation of belonging the derived cells to the MSCs group was performed using the set Bio-Techne FMC-020 (Great Britain). In addition, MSCs were differentiated to endometrial cells, which was confirmed using endometrial cell matching markers in generations P0-P3 (passage 0 – passage 3) with the MicroBead Kit (USA). The operative stage of treatment included office hysteroscopy, mechanical synechiolysis in the endocervix and endometrium and introduction of a silver-containing intrauterine device. Subendometrial injection of autologous endometrial MSCs was performed to restore the endometrium structure at the end of hysteroscopy. High dose adjuvant estrogen therapy followed for 3 weeks. Pregnancy was achieved spontaneously 2 years after the intervention. The patient gave birth to a full-term baby girl.The results of the clinical case indicate the prospects for the use of autologous blood stem cells converted into endometrial cells in the treatment of infertility in patients with CA in the absence of effect from previous attempts to restore fertility by traditional therapies.",2022,05,crossref,AAGL2015_036
10.1016/s0302-2838(23)00501-8,"Outcomes of urethroplasty (UP), 10 years after surgery",Cohen S,Shenfeld O,Cohen S; Udah M; Chertin B; Shenfeld O,European Urology,NA,2023,02,crossref,AAGL2015_036
10.1016/s1877-5756(20)30203-2,Best Papers from the last 10 years,,,,Sexual &amp; Reproductive Healthcare,NA,2020,10,crossref,AAGL2015_036
10.23937/2378-3419/1410170,Oncology and Reproductive Outcomes Over Sixteen Years of Malignant Ovarian Germ Cell Tumors Treated with Fertility Sparing Surgery,Muangloei R,Prapaporn S,Muangloei R; Prapaporn S,International Journal of Cancer and Clinical Research,NA,2022,06,crossref,AAGL2015_036
10.1016/j.srhc.2020.100557,Looking back and looking forward – 10 Years’ anniversary of Sexual and Reproductive HealthCare,,,,Sexual &amp; Reproductive Healthcare,NA,2020,10,crossref,AAGL2015_036
10.1186/s40834-025-00384-1,"Live birth following multimodal therapy in a patient with asherman’s syndrome, recurrent pregnancy loss, and polycystic ovarian syndrome: a case report and literature review",Xu Q,Zhuan L,Xu Q; Li L; Li B; Tang Z; Ma Y; Tao L; Ma R; Zhuan L,Contraception and Reproductive Medicine,NA,2025,08,crossref,AAGL2015_036
10.1186/s12955-020-01642-3,Quality of life 10 years after cardiac surgery in adults: a long-term follow-up study,Vincelj J,Bitar L,Vincelj J; Bitar L,Health and Quality of Life Outcomes,"AbstractWe have read the article titled „Quality of life 10 years after cardiac surgery in adults: a long-term follow-up study “ by Perrotti A. et al. published in your distinguished journal with great interest. Unfortunately, we found few errors in this article.",2020,12,crossref,AAGL2015_036
10.55920/jcrmhs.2023.03.001108,Case Report- A challenging case of severe Asherman’s syndrome in Reproductive MedicineFollowed by twin delivery,Mohiyiddeen L,Mohiyiddeen L,Mohiyiddeen L,Journal of Clinical Case Reports Medical Images and Health Sciences,NA,2023,01,crossref,AAGL2015_036
10.1016/j.jmig.2015.08.046,Genital Tuberculosis in Female Infertility: An Enigma,A.M. L,A.M. L,A.M. L,Journal of Minimally Invasive Gynecology,NA,2015,11,crossref,AAGL2015_037
10.4103/jmh.jmh_151_23,"Correlation of Female Genital Tuberculosis and Infertility: A Comprehensive Systematic Review, Meta-analysis, and Female Genital Tuberculosis Infertility Pathway Analysis",Vijay A,Pandey G,Vijay A; Tiwari N; Sharma A; Pandey G,Journal of Mid-life Health,"Female genital tuberculosis (FGTB) is a significant health concern that can lead to infertility in women. FGTB is a common form of tuberculosis that affects the female reproductive organs. In India, around 27.5 million individuals are facing infertility issues due to female factors, and FGTB might be one of the leading causes. A systematic review and proportion meta-analysis of six studies was conducted using MedCalc 20.116 to examine the association between FGTB and infertility. The studies were identified through an electronic search of PubMed, MEDLINE, Elsevier, and the Cochrane Library from 2010 to 2023. The results showed that FGTB is significantly associated with infertility, with a prevalence of approximately 34.86%. These findings underscore the need for effective interventions to improve reproductive health in women with FGTB. Based on pathway analysis, we conclude that more clinical trials should be conducted to explore the potential utilization of interferon gamma and nuclear receptors as therapeutic drug targets and biomarkers for the prevention of FGTB. The findings of this review will contribute to raising awareness, facilitating accurate diagnosis, and improving the management of FGTB-related infertility.",2023,07,crossref,AAGL2015_037
10.19080/gjorm.2020.07.555718,Latent Female Genital Tuberculosis Causes Tubal Defect Leading to Infertility,Chatterjee S,Chatterjee S,Chatterjee S,Global Journal of Reproductive Medicine,NA,2020,03,crossref,AAGL2015_037
10.5772/64056,Unexplained Female Infertility Alert Over Overt and Hidden Genital Infections,Darwish A,Darwish A,Darwish A,Genital Infections and Infertility,NA,2016,06,crossref,AAGL2015_037
10.36106/gjra/3900496,A STUDY ON CO-RELATION BETWEEN INFERTILITY AND FEMALE GENITAL TUBERCULOSIS,Maheshwari B,Singh S,Maheshwari B; Singh S,GLOBAL JOURNAL FOR RESEARCH ANALYSIS,"Background: Female genitourinary tuberculosis (FGTB) is an important cause of infertility in women of
reproductive age group. The disease remains undetected due to its asymptomatic nature and lack of
sensitive tests. This study was conducted with the aim of detecting the prevalence of genital tuberculosis in infertile women.
Aim And Objectives: To evaluate the rate of female genital tuberculosis in patients of infertility.
Method And Materials: Questionnaire survey was done among 100 infertile women in 6 months from May 2020 to October
2020. Females of reproductive age group from 18 years to 35 years with the duration of infertility of more than 2 years were
included.
Results: Total 100 infertile females were included in the study. Out of 100 subjects, 81 cases had primary infertility &amp; 19 had
secondary infertility. There was positive history of extra genital TB in past in 30 cases and family history was positive in 26 cases.
FGTB was diagnosed in 14 females in past on basis of diagnostic methods used in alone or in combination.
Conclusion: FGTB is common in our population and women presenting with infertility should be evaluated for genital
tuberculosis. A high degree of suspicion and combination of histopathological and microbiological tests are important
methods for the detection of genital tuberculosis",2021,07,crossref,AAGL2015_037
10.64149/j.carcinog.24.8s.866-872,Prevalence of Female Genital Tuberculosis in Women Presenting with Infertility: A Cross-Sectional Study in a Tertiary Hospital in Pakistan,,,,Journal of Carcinogenesis,NA,2025,01,crossref,AAGL2015_037
10.24321/0019.5138.202530,Role of Latent Genital Tuberculosis in the Relation between Levels of Vitamin D and Anti-müllerian Hormone among Female Patients with Infertility,,Das A, ; Das A,Journal of Communicable Diseases,NA,2025,06,crossref,AAGL2015_037
10.36106/ijsr/4309361,AN OBSERVATIONALANALYTICAL STUDY ON THE PREVALENCE OF FEMALE GENITAL TRACT TUBERCULOSIS AND ITS RELATION TO FEMALE INFERTILITY,Bandyopadhyay S,Jana D,Bandyopadhyay S; Rao S; Jana D,INTERNATIONAL JOURNAL OF SCIENTIFIC RESEARCH,"INTRODUCTION:Tuberculosis is an infectious disease caused by Mycobacterium species, which are the acid fast bacillus.
OBJECTIVES: The present study investigates the prevalence of genital tract tuberculosis among infertile women and its relation to infertility.
MATERIALS AND METHOD: The present study is an hospital based analytical and observational study. Department of gynecology and
obstetrics, IPGMER hospitals. March 2018 to august 2020. 100 female patients with infertility.
CONCLUSION: In our study we reported 11 cases of female with genital tract tuberculosis, diagnosed during laparoscopy, conrmed by
CBNAAT, conventional culture method and histopathological examination.",2021,10,crossref,AAGL2015_037
10.17749/2313-7347.2018.12.1.074-085,FEMALE INFERTILITY ASSOCIATED WITH GENITAL TUBERCULOSIS,Klinyshkova T,Yakovleva A,Klinyshkova T; Yakovleva A,"Obstetrics, Gynecology and Reproduction",NA,2018,05,crossref,AAGL2015_037
10.23880/vij-16000249,Prevalence Along with Diagnostic Modalities and Treatment of Female Infertility Due to Female Genital Disorders,F N,F N,F N,Virology &amp; Immunology Journal,"Infertility is a communal pathological ailment now-a-days worldwide and approximately females are mostly suffering from this condition. In previous studies, out of 2.4 million married couples have females in between the ages from 15-44 year; 1.0 million couples were suffering from primary infertility and 1.4 million couples had secondary infertility. The infertility causes are ovulatory factors, dietary factors, psychological factors, abnormal endocrine functions, fallopian tube disorders etc. PCOS, PIDs, endometriosis. The ultrasonography is the most powerful tool for diagnosis. The treatment involves medical, surgical and assisted reproduction. Medical treatment includes clomiphene, metformin, iron &amp; folic acid supplements along with oralcontraceptives. Surgical treatment is operative laparoscopy and assisted reproduction is achieved by IVF, GIFT &amp; IUI etc. It is concluded from the study that the percentage prevalence of female infertility among ages was higher in age group (25-34) years (76%) and it was mostly secondary infertility (54%). The main pathological factor of female infertility in Sialkot city was PCOS, which was 52% of evaluated patients. Commonly used diagnostic tools were ultrasonography with prevalence of 100% and endocrine tests (72%). In prescription trend, anti-obesity drugs, anti-oestrogen drugs and oral-contraceptives were commonly prescribed and other treatment interventions were also seen in few patients.",2020,09,crossref,AAGL2015_037
10.4103/2348-2907.204665,Sharma's dried tree branch fallopian tubes sign: A new laparoscopic sign in female genital tuberculosis with infertility,Sharma J,Sharma J,Sharma J,IVF Lite,NA,2016,01,crossref,AAGL2015_037
10.17925/use.2020.16.2.97,Genital Tuberculosis and its Impact on Male and Female Infertility,Malik S,,Malik S;  ,US Endocrinology,,2020,01,crossref,AAGL2015_037
10.3329/bjmm.v18i2.77095,Female Infertility due to Genital Tuberculosis: Bangladesh Perspective,Moureen A,Andalib S,Moureen A; Andalib S,Bangladesh Journal of Medical Microbiology,"Abstract Not Available
Bangladesh Journal of Medical Microbiology, July 2024;18(2):61-62",2025,02,crossref,AAGL2015_037
10.21276/obgyn.2023.9.2.12,Genital tuberculosis cause of infertility: a clinical study,Sahai A,Mishra P,Sahai A; Mishra U; Sunda U; Mishra P,The New Indian Journal of OBGYN,NA,2023,02,crossref,AAGL2015_037
10.1504/ijsi.2021.118609,Identification of female genital tuberculosis in infertility using textural features,Garg V,Saxena V,Garg V; Sahoo A; Saxena V,International Journal of Swarm Intelligence,NA,2021,01,crossref,AAGL2015_037
10.21518/ms2025-251,Tuberculosis of female genital organs – a path to infertility (clinical observation of genital tuberculosis in a teenage girl),Mateykovich E,Sakharov S,Mateykovich E; Akselrov M; Akhmetyanova G; Dadasheva S; Lapin D; Sakharov S,Meditsinskiy sovet = Medical Council,"Every year, 7.5 million children are infected, about 23 thousand of which lead to death. One of the forms of extrapulmonary tuberculosis is tuberculosis of the female genital organs, which accounts for 5% of all female pelvic infections, it accompa- nies 10% of cases of pulmonary tuberculosis. Most often manifested as a chronic inflammatory disease of the pelvic organs and infertility, in advanced cases, genital tuberculosis leads to irreversible damage to the female genital tract. Most cases of genital tuberculosis are observed in fertile people aged 20 to 45 years (in 0.5–2.0 adult women per 100 thousand), in child- hood and adolescence it is extremely rare. Infection of girls with tuberculosis in itself does not have a negative effect on the formation and development of their reproductive system, but in some cases, at an early stage of the disease, tuberculosis infec- tion can get there through the blood or lymph. In this regard, each clinical case may be of interest to doctors treating girls with gynecological problems. This article discusses a clinical case of genital tuberculosis in a 14-year-old teenage girl. The clinical course was manifested by pain in the lower abdomen. Ultrasound showed a large formation in the pelvis, ascites, and carci- nomatosis. Genital tuberculosis was suspected after chest CT, which showed signs of tuberculous lung disease. Laparoscopic examination revealed inflammatory lesions of the uterus, fallopian tubes, and both ovaries with complete replacement of the right ovarian tissue with a cyst. Therefore, timely and correct diagnostics, treatment of genital tuberculosis at the subclinical level is the only way to avoid irreversible damage to the pelvic organs.",2025,09,crossref,AAGL2015_037
10.52768/jgynecolcaserep/1024,Female Genital Tuberculosis Presenting as Primary Infertility and Unilateral Hydro-salpinx: A Diagnostic Pitfall Prior to Assisted Reproduction,Jafarova U,Jafarova U,Jafarova U,Journal of Gynecology Case Reports,"Female Genital Tuberculosis (FGTB) is a recognised but frequently overlooked cause of infertility in women of re productive age, particularly in tuberculosis-endemic re gions. Delayed diagnosis may lead to irreversible reproduc t ive tract damage and inappropriate fertility interventions.",2026,03,crossref,AAGL2015_037
10.52768/jgynecolcaserepp/1024,Female Genital Tuberculosis Presenting as Primary Infertility and Unilateral Hydro-salpinx: A Diagnostic Pitfall Prior to Assisted Reproduction,Jafarova U,Jafarova U,Jafarova U,Journal of Gynecology Case Reports,"Female Genital Tuberculosis (FGTB) is a recognised but frequently overlooked cause of infertility in women of re productive age, particularly in tuberculosis-endemic re gions. Delayed diagnosis may lead to irreversible reproduc t ive tract damage and inappropriate fertility interventions.",2026,03,crossref,AAGL2015_037
10.5772/62462,Female Infertility Associated to Chlamydia trachomatis Infection,Luján A,Damiani M,Luján A; Fili S; Damiani M,Genital Infections and Infertility,NA,2016,06,crossref,AAGL2015_037
10.26420/jbacteriolmycol.2021.1187,Female Genital Tuberculosis Can Cause Infertility in Women or Not?,,N S, ; N S,Journal of Bacteriology and Mycology,"One of the important issues is infertility that is increasing today and the causes are various. Bacterium Tuberculosis is viable in pulmonary and extrapulmonary [1]. Female genital tuberculosis is an extrapulmonary type that makes up 9% of the cases [1]. Tuberculosis infection of the female genitalia leads to secondary infertility, dyspareunia, amenorrhea, irregular menstruation, and chronic pelvic inflammatory disease [2]. In 90% of cases, female genital tuberculosis affects young women aged 18 to 38 years old [3]. The global prevalence of female genital tuberculosis in infertile women is about 5% to 10% [2]. Hence, it should be considered as a differential diagnosis of the infertility causes in areas with tuberculosis infection prevalence. The gold standard method for diagnosis of this bacterium is culture, but the minimum number of bacteria should be 10-100 bacilli per milligram in this method [4]. Moreover, its long incubation period in this method leads to delays in diagnosis and treatment [4]. Also, laparoscopy can be used for diagnosis. Both laparoscopic and molecular tests are complementary tests and together they can effectively confirm the diagnosis of female genital tuberculosis [4].  For the treatment of female genital tuberculosis, multidrug therapy with rifampicin, isoniazid, pyrazinamide, and ethambutol is used, while in more severe cases, surgery is recommended [5]. However, even after using multidrug therapy, infertile women with genital tuberculosis are less likely to be fertilized, and if they do become pregnant, the consequences of pregnancy such as ectopic pregnancy or miscarriage remain high [5]. Since, untreated tuberculosis causes extrapulmonary tuberculosis, preventative measures such as BCG vaccination at birth, identification of people with tuberculosis, early diagnosis, and treatment of tuberculosis can prevent extrapulmonary tuberculosis [2]. Therefore, similar to any other disease and infection, the best way to treat and reduce this infection and then reduce the rate of infertility is to diagnose and treat it early.",2021,09,crossref,AAGL2015_037
10.1016/j.jmig.2015.08.065,Development of an Educational Robotic Psychomotor Skills Model,Truong M,Advincula A,Truong M; Tanaka A; Smith R; Advincula A,Journal of Minimally Invasive Gynecology,NA,2015,11,crossref,AAGL2015_055
10.1007/s11701-024-02069-4,Assessment of the evolution of psychomotor skills in the robotic surgery simulation process,Araújo Silva D,Zandonai A,Araújo Silva D; Szutan L; Zandonai A,Journal of Robotic Surgery,NA,2024,08,crossref,AAGL2015_055
10.21203/rs.3.rs-4701736/v1,Assessment of the evolution of psychomotor skills in the robotic surgery simulation process,Silva D,Zandonai A,Silva D; Szutan L; Zandonai A,NA,"Abstract
        Robotic surgery is a rapidly expanding field, given the wide variety of new robotic platforms emerging. Looking at the training of surgeons in robotic surgery is of extreme necessity and urgency, considering the ongoing technological advancements. In this research, the performance during the virtual reality simulation phase of training for robotic surgery was analyzed. It was observed that, in addition to the lack of consensus among societies regarding the required simulation hours, there is no guidance on the best curriculum to be adopted. From the data in this study, it can be inferred that the more advanced skills have fewer proficient individuals, meaning that fewer surgeons in training have reached proficiency in all skill exercises. Even with differences in the number of exercises performed proficiently between groups that underwent varying amounts of simulation time, there is no statistically significant difference in the proportion between them.",NA,01,crossref,AAGL2015_055
10.53349/re-source.2015.i4.a259,Instruction Videos for Psychomotor Skills Development,Jurinová J,Jurinová J,Jurinová J,R&amp;E-SOURCE,"The paper responds to the unsatisfactory situation in teaching technical subjects. The paper provides methodology for making instructional videos as one of e-components of the developing multimedia educational aid (MEA). The MEA was intended to develop students’ psychomotor skills. In assessment and evaluation of the results achieved by natural pedagogical experiment, we followed Simpson's taxonomy. The author presents the opinion that with an assistance of didactically processed multimedia elements, taking into account the specific features of the content, the information and motivational functions, exposure capacity, formative-systematized, repetitive-fixing, control-examinable and diagnostic-didactic functions can be provided. Empirically, based on investigation, she proves that in the case of appropriate processing of such a tool, its implementation in the educational process will facilitate the transition from theory to practice, and support the self-study process.",2015,12,crossref,AAGL2015_055
10.1891/9780826153630.0126,Psychomotor Skills,,,,Encyclopedia of Nursing Education,NA,2015,02,crossref,AAGL2015_055
10.3390/educsci11090537,Teaching Psychomotor Skills in a Virtual Environment: An Educational Case Study,Plummer L,Gore S,Plummer L; Smith L; Cornforth E; Gore S,Education Sciences,"In March 2020, most physical therapy schools across the globe transitioned to online learning in response to the COVID-19 pandemic. This change posed unique challenges not only because it required adapting to new technology in a short period but, more importantly, it involved developing ways to teach hands-on psychomotor and clinical skills virtually while maintaining the quality of instruction. In response to the rapid transition, the physical therapy program at MGH Institute of Health Professions (IHP)designed and implemented a novel and effective coaching model to address the challenges. The model was developed based on experiential learning theory, constructivism, a coaching framework, and andragogical principles of feedback and reflection. Not only did the model meet its objectives of effectively teaching basic psychomotor skills in the virtual environment, but it may also have andragogical benefits that can be applied to traditional face-to-face methods. This case study describes the theoretical underpinning of the model, its development and implementation, the perceived effectiveness for learning psychomotor skills in a virtual environment, and the potential for broader relevance to future models of physical therapy education.",2021,09,crossref,AAGL2015_055
10.1016/j.tsc.2025.101912,The resonances of innovation: Orchestrating a guqin course with the systems model of creativity and a creativity educational model development,Du Z,Du Z,Du Z,Thinking Skills and Creativity,NA,2025,12,crossref,AAGL2015_055
10.34044/j.kjss.2019.40.3.03,ICCP: An instructional model for academic English skills development of educational researchers,,,,Kasetsart Journal of Social Sciences,NA,2019,10,crossref,AAGL2015_055
10.47197/retos.v55.97257,Socio-educational strategies plan for the development of psychomotor skills in early childhood edu-cation students,Gastelum-Acosta P,Gastélum-Cuadras G,Gastelum-Acosta P; Acosta López D; Ramírez Torres G; Chávez Erives A; Gastélum-Cuadras G,Retos,"The development of psychomotor skills allows students to demonstrate movement skills, knowledge and social relationships that strengthen the personality of the individual. The purpose of the study was to propose a plan of socio-educational strategies for the development of psychomotor skills in early education students of the Sewarare 1200 kindergarten, located in Mexico. It was configured within a quantitative paradigm, of a descriptive-projective type, with a transversal non-experimental design, with a sample of 47 students and 4 teachers, to whom a questionnaire structured in two parts was applied. The results showed that initial education teachers in the area of Physical Education have moderate and low knowledge in the management of socio-educational strategies. While the students demonstrated a moderate and low level of psychomotor competencies. Hence the need to propose a plan of socio-educational strategies for the development of psychomotor skills in students which offers elements of experiences, adaptation to space, relationship with others, bringing rewarding and healthy emotions, essential for the future performance of the learner in the different facets of life, besides being a pedagogical tool to help teachers to contribute and improve their school practice.
Key words: Learning, didactic activities, sensory coordination, physical education, movements.",2024,04,crossref,AAGL2015_055
10.54481/intertext.2025.1.14,Intervention Methods Used in The Development of Psychomotor Skills in Children with ASD,Soroceanu I,Soroceanu I,Soroceanu I,Intertext,"A comprehensive understanding of the child's world cannot work without a tactile motor perception, as it is at the heart of sensory knowledge. Sensory knowledge is perceived tactilely and is the first impressions about the shape, size of objects and their location in space. For sensitive perception, fine motor skills are taken into account - which is precise and harmonious movements of the fingers. The activity of speech and thinking centers of the brain directly depends on the development of fine motor skills. In the preschool period, it is necessary to create conditions for the child to accumulate as early as possible, develop manual skills, form the mechanisms necessary for future writing. This means that the intelligence and inventiveness of children is directly proportional to the child's greater or lesser interest in manual work. Namely, motor skills and the psyche are the primary elements that play a role in the process of human development. And the combined action between the ratio of psychic functions and motor functions gives rise to the notion of psychomotricity. The psychomotricity process is present in every action performed by humans such as: communication, writing, movement and even emotional expressiveness. Everything we do is accompanied by the notion of psychomotricity. Recent data suggest an increase in the incidence of autism globally. This makes the study of psychomotricity development in these children a priority, because psychomotricity is essential in the development of motor, social and communication skills.",2025,07,crossref,AAGL2015_055
10.21203/rs.3.rs-506348/v1,Experiential Learning for Psychomotor Skills Development of Emergency Medical Services (EMS) Students: An Action Research,Alrazeeni D,Rasheed S,Alrazeeni D; Younas A; Rasheed S,NA,"Abstract
        Background

Experiential learning is useful for fostering the development of a wide range of clinical and relational skills. This study aimed to determine the usefulness of experiential learning for psychomotor skills development of emergency medical system (EMS) students.
Methods

An action research approach was used because it is useful for linking theory with action and practice. FISDAP tool was used to assess and monitor students’ performance and competencies achievement in psychomotor skills. The study was conducted at Prince Sultan College for Emergency Medical Services (PSCEMS), King Saud University (KSU). Skills Performance of 71 EMS students were analysed in the experiential learning implemented throughout the curriculum over 3 years.
Results

The finding indicates that the students’ skills performance fall below the minimum requirement during the clinical practicum and significantly improved during the time of internship period. The overall success rate across range between 26.58–35.74% across all the psychomotor skills. Whereas during the internship year student’s success rate range between 85.49–99.4% across all the psychomotor skills.
Conclusions

The findings of this study are promising and show that experiential learning is useful and effective way to develop psychomotor skills and competencies in EMS students. Educators and policy makers can use the findings for strategizing policies for curriculum planning and development.",NA,01,crossref,AAGL2015_055
10.21125/iceri.2020.1203,DEVELOPMENT OF PSYCHOMOTOR SKILLS IN TECHNICAL EDUCATION USING A TEACHING AID UNIMAT,Depešová J,Kostolanský L,Depešová J; Kostolanský L,ICERI Proceedings,NA,2020,11,crossref,AAGL2015_055
10.1111/bjet.12166,"The effectiveness of online instructional videos in the acquisition and demonstration of cognitive, affective and psychomotor rehabilitation skills",Cooper D,Higgins S,Cooper D; Higgins S,British Journal of Educational Technology,"Abstract
                  The use of instructional videos to teach clinical skills is an ever growing area of e‐learning based upon observational learning that is cited as one of the most basic yet powerful learning strategies. The aim of the current study is to evaluate the effectiveness of online instructional videos for the acquisition and demonstration of cognitive, affective and psychomotor skills among undergraduate students, throughout formative assessments with two different durations of instructional videos. The research suggests that the use of videos to support traditional learning should be encouraged. While a conclusive evidence—base for their usage has not yet been established they are a medium which is likely to benefit a proportion of a cohort, and it is very unlikely that they will be harmful to students' learning.",2015,07,crossref,AAGL2015_055
10.3389/fpsyg.2025.1682612,The effect of motor skills and imagery application on psychomotor development in children,Yilmaz O,Bayazit B,Yilmaz O; Bayazit B,Frontiers in Psychology,"
                    This study aimed to investigate the psychomotor development effect of motor skills and imagery application in 13 year-old boys. The research group consisted of 40 male volunteer children who had 13 studied at Kocaeli/İzmit 29 Ekim Secondary School. The research groups were divided into four groups (control, experiment-1, experiment-2, experiment-3) had 13 with a random method as n=10 children per group. A skill track consisting of eight stations, including fine and gross motor skills, was applied as a data collection tool. Motor skills and imagery programs were applied to the experimental groups 2 days a week for 8 weeks. The control group did not participate in imagery and motor skills exercises. The station scores and track finishing time that constitute the results of the pre- and post-tests of the intervention were recorded. Data analysis was performed using SPSS 21.0. According to the normality test results, the Wilcoxon test, Kruskal–Wallis test, paired samples test, and one-way ANOVA test were applied. There were statistically significant differences between the study groups in balance, ball transport with racket, target ball throwing, cross hopping, ball driving, shooting, and over the hurdles practice post-test station score averages (
                    p
                    &amp;lt;0.05). There were significant differences between the total score on the track and the post-test averages of the track finish time (
                    p
                    &amp;lt;0.05). Imagery application studies are important mental processes in the uptake of motor learning and motor development. This research, which will be a reference for future studies, emphasizes the importance of mental preparation and states that the repetitive physical work method is also effective.
                  ",2026,01,crossref,AAGL2015_055
10.15405/epsbs.2017.07.03.15,Tracks Utilitarian Of Applicative - Means Psychomotor Skills Development To Young Schoolchildren,Cucui G,Cucui G,Cucui G,European Proceedings of Social and Behavioural Sciences,NA,2017,07,crossref,AAGL2015_055
10.1016/j.ijedudev.2014.08.007,Technical and vocational skills and post-2015: Avoiding another vague skills goal?,Palmer R,Palmer R,Palmer R,International Journal of Educational Development,NA,2014,11,crossref,AAGL2015_055
10.21009/jtp.v25i1.35516,The Effectiveness of Blended Learning Model on Students’ Psychomotor Skills in Pencak Silat,Ridwan,Ridwan,Ridwan ,JTP - Jurnal Teknologi Pendidikan,"The background of this research is the new normal activity after the Covid-19 pandemic which possible the application of blended learning, so the pencak silat learning materials experience a transition from face-to-face learning to online learning. This study aims to determine how much the effectiveness of blended learning implementation to students’ Pencak Silat psychomotor skills. The research method is used the experimental method of one group pretest-postest design. The population of this study is 420 students, with a sampling technique uses pisposive sampling for 76 students. The instrument is used a test with parametric statistical data analysis techniques t test. The results showed that, there is a significant influence (t count 7.79 &gt; t table 2.415) on Pencak Silat course after the blended learning is applied. The influence is resulted; it is classified as a high percentage of increase %. Based on the results of this study, blended learning method gives a significant influence on the psychomotor skills of Pencak Silat in students compared to online learning method.",2023,04,crossref,AAGL2015_055
10.7759/cureus.23664,Revisiting Pseudo-Haptics for Psychomotor Skills Development in Online Teaching,Kapralos B,Dubrowski A,Kapralos B; Quevedo A; Da Silva C; Peisachovich E; Collins K; Kanev K; Dubrowski A,Cureus,NA,2022,03,crossref,AAGL2015_055
10.31235/osf.io/bcm3u,Efficiency of an Educational Robotic Computer-mediated Training Program for Developing Students’ Creative Thinking Skills: An Experimental Study,Soliman S,Soliman S,Soliman S,NA,"This research aimed at detecting the efficiency of a computerized training program based on programming the educational roboticists to develop creative thinking skills for the eighth grade basic education students at Manba'a El-Hekma School in Dhofar Governorate. Also, it investigates the nature of the proposed program, the efficiency of the program, and the significance differences between the two groups. The researcher used the experimental curriculum with the two groups; controlled and experimental to achieve the aims of the research and to test its hypotheses. The sample of the research consisted of 30 Students during the first term of the school year 2018/2019 and they were selected intentionally. Each group included 15 students. The experimental group students were trained to program the educational robotics using the computerized training program. Torrance test of creative thinking was applied before and after on the two groups, in addition to an evaluation card to the projects of the Students. The results showed that there are differences with statistical indication on the level of 0.5 between the two averages of the degrees of the experimental and the controlled groups, before and after the application of the creative thinking test and in the evaluation card of the Students' projects in the experimental group. By implication the research recommended to merge the techniques of the educational robotics and the artificial intelligence in teaching and education and training for provide the female teachers on using that technology and encouraging them to employ it in the process of teaching, using the electronic program prepared in this study.",NA,01,crossref,AAGL2015_055
10.1007/s12369-016-0375-6,Teaching Psychomotor Skills to Autistic Children by Employing a Robotic Training Kit: A Pilot Study,Moorthy R,Pugazhenthi S,Moorthy R; Pugazhenthi S,International Journal of Social Robotics,NA,2017,01,crossref,AAGL2015_055
10.1016/j.jmig.2015.08.073,Association Between Patient’s BMI and Uterine Weight With Feasibility of Single-Port Robotic-Assisted Surgery in Benign Gynecology,Katebi Kashi P,Rose G,Katebi Kashi P; Rostaminia G; Javadian P; Iskandar G; Tabbarah R; Garg R; Rose G,Journal of Minimally Invasive Gynecology,NA,2015,11,crossref,AAGL2015_063
10.5005/jp/books/12101_20,Robotic-Assisted Laparoendoscopic Single-Site Surgery in Gynecology (R-LESS),Ramesh B,Dimri P,Ramesh B; Vidyashankar M; Dimri P,Single-Port Laparoscopic Surgery in Gynecology,NA,2014,01,crossref,AAGL2015_063
10.5772/intechopen.96588,Fundamentals of the Robotic Assisted Laparoscopic Single Port System and Utility in Minor Gynecologic Surgery,R. Wagner J,R. Wagner J,R. Wagner J,Single Port Gynecologic Laparoscopic and Robotic-Assisted Surgery,"This chapter will introduce the single port robotic system. Topics include an introduction to the robotic single site port, the trocars, and the single site instruments. Step-by-step instruction is provided on how to create the umbilical incision and properly insert the single site port and trocars. The advantages and disadvantages of single port robotic surgery compared to multiple port robotic surgery and laparoscopic single site surgery are reviewed. Surgical tips and tricks are provided throughout each section to maximize efficiency, minimize complications, and overcome inherent limitations of the robotic single site system. The utility of the robotic single site platform for performing minor gynecologic surgery is discussed. Finally, a simple method for umbilical closure is described.",2021,09,crossref,AAGL2015_063
10.1515/9783110306576.187,15. Single-port robotic surgery,Gungor M,Gungor M,Gungor M,Robotic Surgery,NA,2013,12,crossref,AAGL2015_063
10.5772/intechopen.96226,Robotic Laparoscopic Single-Site Surgery,I. Luna R,I. Luna R,I. Luna R,Single Port Gynecologic Laparoscopic and Robotic-Assisted Surgery,"Minimally invasive surgery has changed the landscape of women’s surgical healthcare. Conventional and robotic laparoscopy are the preferred approach for many major minimally invasive gynecological procedures. However, the philosophy of minimally invasive surgery has been pushed to reduce the size and minimize the number of ports placed. Many conventional minimally invasive surgical procedures use 3–5 ports through multiple small incisions. Laparoscopic single site surgery tries to perform on that philosophy but has its limitations. Enters robotic surgery already a major force in minimally invasive surgery and now sets to remove the limitations of single site surgery. However it requires proper understanding of the instruments and the techniques for successful robotic single site surgery. It starts with patient selection. Knowing the instruments needed and the proper set up of those instruments. Then knowing how to use the instruments in operating and suturing and closing. And finish with special considerations.",2021,09,crossref,AAGL2015_063
10.5772/intechopen.95929,Single Port Laparoscopic Assisted Hysterectomy,L. Nimaroff M,Crihfield E,L. Nimaroff M; Crihfield E,Single Port Gynecologic Laparoscopic and Robotic-Assisted Surgery,This chapter describes the necessary steps to perform single port laparoscopic hysterectomy. This surgical approach is an innovative method to offer all of the benefits of multi-port laparoscopy through one single incision usually in and around the umbilicus. Using core surgical principles and instruments available for single port surgery external triangulation and full range of motion can be maintained to achieve the required internal manipulation of instruments and tissue dissection. All single port surgeries require a specialized port used along with an angled or flexible laparoscope for visualization. Traditional laparoscopic instruments may be used for the surgical dissection and completion of the procedure.,2021,09,crossref,AAGL2015_063
10.5772/intechopen.96225,"History and Utility of Single Port Laparoscopy, Robotic Assisted Laparoscopy, and Vaginal Laparoscopy (vNOTES) in Gynecologic Surgery",J. Corcoran C,H. Bush S,J. Corcoran C; H. Bush S,Single Port Gynecologic Laparoscopic and Robotic-Assisted Surgery,"Minimally invasive gynecologic surgery is a rapidly growing field, with new modalities and methods being explored constantly. Since the inception of laparoscopic surgery, the goal has been to minimize incision size, which has been further extrapolated to focus on less incisions with Laparoendoscopic Single-site Surgery (LESS). Single site surgery has several advantages, disadvantages, and historically relevant utility. Throughout the ensuing text, the nuances of LESS will be explored and described in detail. Our purpose in this chapter is to explore the history and utility of single site surgery. We hope to set the stage for the extensive coverage and contents of the text to elaborate on LESS and its use in modern Gynecology.",2021,09,crossref,AAGL2015_063
10.1007/s11701-023-01680-1,Robotic-assisted vaginal natural orifice transluminal endoscopic surgery versus robotic-assisted single-site port for benign hysterectomy: a comparison of surgical outcomes,Thigpen B,Guan X,Thigpen B; Connell P; Erfani H; Koythong T; Sunkara S; Guan X,Journal of Robotic Surgery,NA,2023,07,crossref,AAGL2015_063
10.5772/intechopen.93283,Single Port Gynecologic Laparoscopic and Robotic-Assisted Surgery,,,,NA,NA,2021,09,crossref,AAGL2015_063
10.1007/978-1-4614-6840-0_10,Single-Port Laparoscopic Adnexal Surgery,Michener C,Michener C,Michener C,"Atlas of Single-Port, Laparoscopic, and Robotic Surgery",NA,2014,01,crossref,AAGL2015_063
10.4103/gmit.gmit-d-24-00048,Comparison of Single-port Robotic Surgery Using the Da Vinci SP Surgical System and Single-port Laparoscopic Surgery for Benign Indications,Miyamura H,Nishizawa H,Miyamura H; Mizuno Y; Ohwaki A; Ito M; Nishio E; Nishizawa H,Gynecology and Minimally Invasive Therapy,"Abstract
          
            Objectives:
            Robot-assisted surgery has become popular in Japan, especially with the introduction of the da Vinci SP® surgical system, which is a significant advancement in minimally invasive surgery. The da Vinci SP® surgical system, which enables single-port surgery, has recently been developed. This study aims to compare the surgical outcomes of conventional single-port laparoscopic surgery and single-port robotic surgery using the da Vinci SP surgical system.
          
          
            Materials and Methods:
            We included 23 patients who underwent single-port robot-assisted total hysterectomy (SP-RAH) for uterine fibroids and 33 patients who underwent conventional single-port total laparoscopic hysterectomy (SP-TLH). Surgical outcomes from the 1st year after the introduction of the da Vinci SP® system were compared between the two techniques.
          
          
            Results:
            Surgical outcomes showed the following differences between the SP-RAH and SP-TLH groups: Weights of the resected uterus: 217 (90–500) g versus 256 (100–436) g (P = 0.06); intraoperative blood loss: 12 (4–147) mL versus 80 (10–780) mL (P &lt; 0.01); total surgery duration: 199 (131–251) min versus 239 (110–282) min (P &lt; 0.03); pneumoperitoneal surgery duration: 146 (90–221) min versus 186 (110–282) min (P = 0.03). SP-RAH showed significantly less blood loss and shorter operative durations.
          
          
            Conclusion:
            The da Vinci SP system allows the safe introduction of single-port total hysterectomy and improves surgical outcomes in the early stages compared to conventional single-port laparoscopy. Future studies may expand its use to improve wound alignment and reduce patient burden.
          ",2025,07,crossref,AAGL2015_063
10.1007/978-1-4614-6840-0_18,Robotic-Assisted Management of Endometriosis,Nezhat C,Soliemannjad R,Nezhat C; Main J; Buescher E; Stevens A; Soliemannjad R,"Atlas of Single-Port, Laparoscopic, and Robotic Surgery",NA,2014,01,crossref,AAGL2015_063
10.1016/j.jmig.2024.09.938,12262 Single Port Robotic-Assisted Gynecologic Surgery Using the Da Vinci SP System,Berry J,Fisher J,Berry J; Fisher J,Journal of Minimally Invasive Gynecology,NA,2024,11,crossref,AAGL2015_063
10.5772/intechopen.96547,Utility of Robotic Assisted and Single Site Laparoscopy to Gynecologic Oncology,J. Corcoran C,H. Bush II S,J. Corcoran C; H. Bush II S,Single Port Gynecologic Laparoscopic and Robotic-Assisted Surgery,"Single site laparoscopy, while in its infancy, is being explored for potential areas of application within the realm of gynecology. Gynecologic Oncology is a field with high potential benefit from the single site technique. It boasts many practical and theoretical surgical improvements, such as facilitated specimen removal, which are elaborated further in this chapter. While much more research is needed, there are exciting and uniquely useful utilities of Laparo-endoscopic Single-site Surgery (LESS) in gynecology oncology.",2021,09,crossref,AAGL2015_063
10.1016/j.jmig.2018.09.464,Outcomes of Robotic-Assisted Single-Incision Surgery versus Conventional Single-Incision Surgery for Benign Total Laparoscopic Hysterectomy: A Retrospective Cohort Study,Zhang Y,Kohn J,Zhang Y; Guan X; Kohn J,Journal of Minimally Invasive Gynecology,NA,2018,11,crossref,AAGL2015_063
10.1007/s11701-025-02983-1,Single-port robotic surgery in gynecology: first experience in German-speaking countries using the Da Vinci SP system in benign andneoplastic diseases,Alwafai Z,Zygmunt M,Alwafai Z; Schweder E; Poschkamp B; Langheinrich M; Kersting S; Hummel R; Zygmunt M,Journal of Robotic Surgery,"Abstract
                  
                    Introduction
                    The Single-Port (SP) surgical system represents a significant advancement in robotic surgery, facilitating procedures through a single incision while overcoming the previously reported limitations of single-site surgery. As the first clinic in the German-speaking countries to use the da Vinci SP system for gynecological surgeries to treat benign and malignant diseases, we aim in this study to report our initial experiences and outcomes.
                  
                  
                    Patients and methods
                    This retrospective study included 62 patients who underwent gynecological surgeries using the da Vinci SP system. Various procedures were performed, patients diagnosed with both benign and malignant conditions were included in the study.
                  
                  
                    Results
                    
                      We performed hysterectomy (
                      n
                       = 31); hysterectomy with pectopexy (
                      n
                       = 6); pectopexy alone (
                      n
                       = 7); salpingo-oophorectomy (
                      n
                       = 12); myomectomy (
                      n
                       = 1); and endometriosis surgery (
                      n
                       = 5). The mean operation time was 136.2 ± 70.3 min. The mean docking time was 8.3 ± 2.2 min (range, 3–13). The mean hemoglobin level changed significantly by -0.93 ± 0.61 mmol/L (-1.53 ± 0.98 g/dL) (paired t-test,
                      p
                       &lt; 0.001). No patients required blood transfusion. Notably, no patients developed incisional hernias following the operation. Two patients had minor postoperative complications. The mean hospital stay was 3.6 days ± 1.7 days with operative time as associative factor (+ 0.71 days per operative hour,
                      p
                       = 0.044).
                    
                  
                  
                    Conclusion
                    Our initial experience demonstrates promising results with the use of the da Vinci SP system in gynecology. Single-port robotic surgery seems to be safe and offers several advantages over traditional multi-port systems, with the potential to complement existing platforms. However, it entails a new learning curve for surgeons.
                  ",2025,12,crossref,AAGL2015_063
10.1016/b978-0-323-91906-7.00006-5,Single-port robot-assisted radical prostatectomy: transperitoneal versus extraperitoneal approach,Chen G,Crivellaro S,Chen G; Crivellaro S,Single-Port Robotic Surgery in Urology,NA,2022,01,crossref,AAGL2015_063
10.1007/978-1-4614-6840-0_17,Robotic-Assisted Total Laparoscopic Hysterectomy,Orady M,Orady M,Orady M,"Atlas of Single-Port, Laparoscopic, and Robotic Surgery",NA,2014,01,crossref,AAGL2015_063
10.1007/978-1-4614-6840-0_16,Robotic-Assisted Laparoscopic Myomectomy,Pitter M,Pitter M,Pitter M,"Atlas of Single-Port, Laparoscopic, and Robotic Surgery",NA,2014,01,crossref,AAGL2015_063
10.1016/j.jmig.2024.09.202,Robotic-Assisted Single-Port Laparoscopic Sacrohysteropexy,Zhang C,Zhang C,Zhang C,Journal of Minimally Invasive Gynecology,NA,2024,11,crossref,AAGL2015_063
10.1016/j.jmig.2015.08.104,"The Use of Antibiotics in Gynecological Endoscopy. A Randomized, Double-Blind, Placebo-Controlled Trial",Moiety F,Oraby E,Moiety F; Salem H; Oraby E,Journal of Minimally Invasive Gynecology,NA,2015,11,crossref,AAGL2015_093
10.18535/jmscr/v7i5.108,Use of oral midazolam as a premedication in patients undergoing diagnostic UGI Endoscopy: A double blind placebo controlled randomized trial,,Sharma D, ; Sharma D,Journal of Medical Science And clinical Research,NA,2019,05,crossref,AAGL2015_093
10.26226/morressier.59d51841d462b80296ca2eda,"Effect of probiotic use on glycemic control in type1 diabetes: a randomized, double-blind, placebo controlled trial",Neelam P,Neelam P,Neelam P,NA,NA,NA,01,crossref,AAGL2015_093
10.1016/j.gie.2015.03.1290,"Sa1453 Role of Glucagon in Outpatient Colonoscopy? a Randomized, Double Blind, Placebo Controlled Trial",Aditi A,Cello J,Aditi A; Cello J,Gastrointestinal Endoscopy,NA,2015,05,crossref,AAGL2015_093
10.1186/isrctn19325889,"Single-investigator, randomized, double-blind, placebo-controlled trial of the efficacy and safety of oral antibiotics versus placebo in recurrent seropositive and seronegative Lyme disease",Cameron D,Cameron D,Cameron D,http://isrctn.org/&gt;,NA,NA,01,crossref,AAGL2015_093
10.1186/isrctn06126383,Antibiotics with catheter withdrawal (a randomised double blind placebo controlled trial),Wazait H,Wazait H,Wazait H,http://isrctn.org/&gt;,NA,NA,01,crossref,AAGL2015_093
10.3390/antibiotics11040488,"Anti-Caries Effect of a Mouthwash Containing Sambucus williamsii var. coreana Extract: A Randomized, Double-Blind, Placebo-Controlled Clinical Trial",Kim Y,Nam S,Kim Y; Nam S,Antibiotics,"This study was performed to verify the clinical effect of a mouthwash containing Sambucus williamsii var. coreana extract on the acid production of oral bacteria and bacteria involved in dental caries. A randomized, double-blind, and placebo-controlled trial was conducted on 66 patients of the following groups: a Sambucus williamsii var. coreana extract gargle group (n = 34) and a saline solution gargle group (n = 32). According to the application time of a mouthwash (before gargle application, immediately after gargle application, and five days after gargle application), we examined the emergence of dental caries-causing bacteria by PCR analysis and changes in the amount of acid production in dental plaque through a Cariview test. As a result of verifying the effect of inhibiting and preventing dental caries in the oral environment, the dental caries-causing bacteria decreased in the Sambucus williamsii var. coreana extract gargle group compared to the saline gargle group. In particular, Streptococcus mutans showed a marked decrease from immediately after application of gargle to 5 days after application. In addition, the mouthwash containing Sambucus williamsii var. coreana extract did not cause acid production and had low dental caries activity. A mouthwash containing Sambucus williamsii var. coreana extract, a natural substance, can be used as an anti-dental caries agent and be commercialized as an effective dental caries prevention agent that is safe for teeth and has an excellent antibacterial effect.",2022,04,crossref,AAGL2015_093
10.21203/rs.3.rs-19402/v1,"Postoperative Effects of Continuous Dexmedetomidine Infusion During Gynecological Laparoscopy: A Randomized, Placebo-Controlled, Double-Blind, Single Center Clinical Trial",Liu S,Xu X,Liu S; Wang B; Gao Y; Xu X,NA,"Abstract
        Background: Dexmedetomidine(DEX) has proven to be an effective adjuvant to anesthetics owing to its sympatholytic, analgesic, and sedative properties. This study was designed to investigate the postoperative effects of continuous DEX infusion during gynecological laparoscopy and to evaluate the safety of this treatment. Methods: Sixty patients undergoing selective gynecological laparoscopy with general anesthesia were randomly assigned into DEX group (group D )and normal saline group (group N). DEX was infused at 0.5ug/kg/h during anesthesia maintenance in group D while normal saline was infused at the same rate in group N. The primary outcome measures were heart rate and blood pressure at extubation, 1, 2, 3, 4, 5, 6, 7, 8, 12, 24 and 48 hours after operation, NRS scores at 1, 2, 3 ,4, ,8,12,24 hours after surgery and OAA/S scores after extubation. The secondary outcome measures were time to extubation, propofol and remifentanil dosage during anesthesia, postoperative adverse events, and postoperative hospital stay.Results: Systolic and diastolic blood pressures were lower in group D at extubation when compared with group N (P&lt;0.05), but not different at the first postoperative hour or after. HR was lower both at extubation and the first postoperative hour in group D (P&lt;0.05). NRS scores were lower in patients given DEX both at rest and movement at the first postoperative hour (P&lt;0.05). Time to extubation and OAA/S scores after extubation were not different between groups. Postoperative respiratory depression, shivering and pruritus didn’t occur in this research. There were no significant differences in the incidence rate of postoperative adverse events or postoperative hospital stay between the groups.Conclusions: Continuous infusion of DEX during gynecological laparoscopy provided better hemodynamic stability at extubation and the effects on HR continued until 1 hour after operation. DEX administration was associated with lower NRS scores at the first postoperative hour without excessive sedation. DEX is a useful and safe adjuvant for general anesthesia during gynecological laparoscopy.",NA,01,crossref,AAGL2015_093
10.64030/2578-3726.03.01.02,"AminoSineTriComplex for Metastatic Colorectal Cancer: A Double-Blind, Placebo-Controlled Randomized Clinical Trial",,Tavartkiladze A, ; Tavartkiladze A,Journal of Cancer Research,"Background: Metastatic colorectal cancer (mCRC) remains a significant global health challenge, with high incidence and
mortality rates. Current therapies, including chemotherapy, targeted agents, and immunotherapy, face challenges such as
multidrug resistance (MDR), severe toxicity, and limited efficacy. AminoSineTriComplex, a novel natural therapeutic integrating
bioactive compounds derived from medicinal plants and advanced nanotechnology, was evaluated for its safety and efficacy as
an adjunct treatment for mCRC.
Methods: This double-blind, placebo-controlled randomized clinical trial enrolled 72 patients with histologically confirmed
mCRC across three oncology centers. Participants were randomized 1:1 to receive either AminoSineTriComplex (6–8 capsules/
day) or placebo for 12 weeks. Primary endpoints included tumor response rates per RECIST v1.1 criteria. Secondary endpoints
assessed changes in biomarkers (LDH-5, IL-6, CEA, CA19.9), progression-free survival (PFS), and quality of life (QoL). Circadian
biology was explored through serum melatonin levels measured at four time points (06:00 AM, 12:00 PM, 09:00 PM, 02:00 AM)
and 24-hour urinary melatonin sulfate levels. Statistical analyses were performed using SPSS (v26).
Results: AminoSineTriComplex demonstrated superior efficacy compared to placebo, with complete remission observed in 42%
of patients and partial remission in 11% (placebo: 8% and 4%, respectively; p&lt;0.001). Significant reductions in biomarkers
were noted in the AminoSineTriComplex group: LDH-5 (42%, p&lt;0.001), IL-6 (58%, p&lt;0.001), CEA (41%, p=0.01), and CA19.9
(40%, p=0.02). Patients with well-maintained circadian rhythms, characterized by synchronized melatonin secretion and robust
nocturnal peaks, exhibited improved treatment responses. Among complete responders, 93% had normal melatonin patterns,
while 78% of those with disease progression exhibited disrupted rhythms (p&lt;0.001).
Safety: AminoSineTriComplex was well-tolerated, with no grade ≥3 adverse events reported. Mild gastrointestinal discomfort
occurred in 11% of patients, with no significant toxicities or treatment discontinuations.
Conclusion: AminoSineTriComplex offers a promising, non-toxic adjunct therapy for mCRC, demonstrating efficacy in reducing
tumor burden, modulating biomarkers, and restoring circadian rhythms. Its favorable safety profile and integration with
circadian biology highlight its potential in personalized cancer care. Further multi-center trials are warranted to confirm these
findings and explore its long-term clinical applications.
Résumé Context: Le cancer colorectal metastasi (CCRm) represent un enjoy majeure de santé pulque à echelle mondiale, étant
L’nu des cancers les plus fréquents et mortals. Le CCRm Est characterize par use resistance accrue aux traitement standards,
notemen les chemotherapies, therapies cables et immunothérapies, anise que par use toxicity important. AminoSineTriComplex,
un traitement naturel innovant combining des composés bioactive dérivés de plantes Medicinals traditionnelles et des
technologies nanotechnologiques advances, an até value pour son efficacity et as security end tant que therapies adjuvanted
dans le CCRm.
Methodologies: Cette étude Clinique randomize, contrôlée par placebo et end double inveigle, an até realised dans trois centers
ontologies auprès de 72 patients attaints de CCRm confirm histologiquement. Les participants not até randomizes à 1:1 pour  reservoir AminoSineTriComplex (6–8 capsules/jour) our un placebo pendant 12 seamlines. Objectify principal état devalue la
response tumoral salon les critters RECIST v1.1. Les objectives secondaries inclusion les modifications des biomarqueurs (LDH5, IL-6, CEA, CA19.9), la survive sans progression (SSP) et la quality de vie (QoL). Les rythmes biologiques not até values par
la measure des niveous de melatonin sanguine à quatre moments specifies (06h00, 12h00, 21h00, et 02h00) et des niveous de
sulfate de melatonin dans les urines sur 24 hours.
Resultants: AminoSineTriComplex a mantra use efficacity significative Ent supérieure au placebo: remission complete chez 42
% des patients et remission particle chez 11 % (placebo: respective Ent 8 % et 4 %; p&lt;0,001). Une reduction significative des
biomarqueurs an até observe dans le Groupe AminoSineTriComplex: LDH-5 (42 %, p&lt;0,001), IL-6 (58 %, p&lt;0,001), CEA (41 %,
p=0,01) et CA19.9 (40 %, p=0,02). Les patients presenting des rythmes biologiques preserves, characterizes par use secretion
nocturne synchronize de melatonin, not often de Meilleur’s resultants Therapeutae’s. Parmi les patients end remission complete,
93 % avian des rythmes de melatonin normaux, contra 78 % des patients Ayan mantra use progression de la maladies (p&lt;0,001).
Security: AminoSineTriComplex a été bien toléré, sans effects secondaries graves (grade ≥3). Un Léger inconfort gastro-intestinal
a été signal chez 11 % des patients, Mais aucune toxicité majeure in interruption du traitement n’s été observe.
Conclusion: AminoSineTriComplex offer une thérapie adjuvante Prometheus et non toque pour le CCRm, a recusant la charge
tumoral, an modulate les biomarqueurs et an reduplicant les rythmes biologiques. Son profile de security eleven et son integration
avec les rythmes biologiques soulignent son potential pour des approaches personalizes an oncology. Des études multicentriques
supplementers sent necessaires pour Validar cues resultants et value son utilization Clinique à long term.",2025,02,crossref,AAGL2015_093
10.64239/pi-qt1004,Cannabidiol for the Reduction of Cue-Induced Craving and Anxiety in Drug-Abstinent Individuals With Heroin Use Disorder: A Double-Blind Randomized Placebo-Controlled Trial,,,,NA,Cannabidiol reduced craving for heroin when long-time users were faced with strong use-related cues but had minimal impact on craving in the absence of those cues. This article teaches us about the endocannabinoid reward pathway and cannabidiol's subtle effects there.,2019,12,crossref,AAGL2015_093
10.1186/isrctn22063938,"Cobalamin deficiency in primary care: a placebo-controlled, double-blind, randomized trial",Favrat B,Favrat B,Favrat B,http://isrctn.org/&gt;,NA,NA,01,crossref,AAGL2015_093
10.26226/morressier.58f5b030d462b80296c9e6d2,"Transdermal buprenorphine in hip and knee arthroplasty patients - a randomized, double-blind, placebo-controlled trial",Kokki H,Kokki H,Kokki H,NA,NA,NA,01,crossref,AAGL2015_093
10.64239/pi-qt2604,"Citalopram for Acute and Preventive Efficacy in Bipolar Depression (CAPE-BD): A Randomized, Double-Blind, Placebo-Controlled Trial",,,,NA,"This new randomized trial suggests that the efficacy of antidepressants for the short- or long-term treatment of bipolar depression is no greater than placebo. This tips the meta-analytic balance scale, which already pointed in this direction—at least a little bit. How much may depend on your prior beliefs.",2021,04,crossref,AAGL2015_093
10.26226/morressier.5afadd8bf314ac000849ae3b,Ginger for chemotherapy-induced nausea and vomiting? Protocol for a double-blind placebo-controlled randomized trial,Crichton M,Crichton M,Crichton M,NA,NA,NA,01,crossref,AAGL2015_093
10.1080/09513590.2024.2373613,"Statement of Retraction: Oral carnitine supplementation influences mental health parameters and biomarkers of oxidative stress in women with polycystic ovary syndrome: a randomized, double-blind, placebo-controlled trial",,,,Gynecological Endocrinology,NA,2024,12,crossref,AAGL2015_093
10.1080/09513590.2017.1290071,"RETRACTED ARTICLE: Oral carnitine supplementation influences mental health parameters and biomarkers of oxidative stress in women with polycystic ovary syndrome: a randomized, double-blind, placebo-controlled trial",,,,Gynecological Endocrinology,NA,2017,06,crossref,AAGL2015_093
10.26226/morressier.5b68175eb56e9b005965c44b,"SAGE-217 in major depressive disorder: a multicenter, randomized, double-blind, Phase 2 placebo-controlled trial",Gunduz-Bruce H,Gunduz-Bruce H,Gunduz-Bruce H,NA,NA,NA,01,crossref,AAGL2015_093
10.1002/jbmr.4521/v1/review2,"Review for ""Effect of Oral Vitamin D3 Supplementation in Exclusively Breastfed Newborns: Prospective, Randomized, Double-Blind, Placebo-Controlled Trial""",,,,NA,NA,2021,08,crossref,AAGL2015_093
10.1002/jbmr.4521/v2/review2,"Review for ""Effect of Oral Vitamin D3 Supplementation in Exclusively Breastfed Newborns: Prospective, Randomized, Double-Blind, Placebo-Controlled Trial""",,,,NA,NA,2021,10,crossref,AAGL2015_093
10.1016/j.gie.2017.03.608,"Sa1757 Adalimumab in the Treatment of Chronic Pouchitis.A Randomized Double-Blind, Placebo-Controlled Trial",Kjær M,Kjeldsen J,Kjær M; Nordgaard-Lassen I; Christensen L; Qvist N; Kjeldsen J,Gastrointestinal Endoscopy,NA,2017,05,crossref,AAGL2015_093
10.1016/j.jmig.2016.08.019,Tertiary Prevention of Morbus Asherman: A Randomized Controlled Trial,Hanstede M,Emanuel M,Hanstede M; Emanuel M,Journal of Minimally Invasive Gynecology,NA,2016,11,crossref,AAGL2016_014
10.1257/rct.8261-1.0,Do homelessness prevention programs prevent homelessness? Evidence from a randomized controlled trial,Phillips D,Phillips D,Phillips D,AEA Randomized Controlled Trials,NA,NA,01,crossref,AAGL2016_014
10.1257/rct.2362-1.0,Suicide Prevention Public Service Announcements (PSAs) Targeting Adolescents: A Randomized Controlled Trial,Niederkrotenthaler T,Niederkrotenthaler T,Niederkrotenthaler T,AEA Randomized Controlled Trials,NA,NA,01,crossref,AAGL2016_014
10.1257/rct.8261,Do homelessness prevention programs prevent homelessness? Evidence from a randomized controlled trial,Phillips D,Phillips D,Phillips D,AEA Randomized Controlled Trials,NA,NA,01,crossref,AAGL2016_014
10.1257/rct.2362,Suicide Prevention Public Service Announcements (PSAs) Targeting Adolescents: A Randomized Controlled Trial,Niederkrotenthaler T,Niederkrotenthaler T,Niederkrotenthaler T,AEA Randomized Controlled Trials,NA,NA,01,crossref,AAGL2016_014
10.1257/rct.11367-1.0,Family Homelessness Prevention: A Randomized Control Trial,Phillips D,Bollman K,Phillips D; Bollman K,AEA Randomized Controlled Trials,NA,NA,01,crossref,AAGL2016_014
10.1257/rct.4091,Early Warning Systems for dropout prevention: Evidence from a randomized controlled trial in Guatemala,Vazquez E,Vazquez E,Vazquez E,AEA Randomized Controlled Trials,NA,NA,01,crossref,AAGL2016_014
10.1257/rct.4091-1.0,Early Warning Systems for dropout prevention: Evidence from a randomized controlled trial in Guatemala,Vazquez E,Vazquez E,Vazquez E,AEA Randomized Controlled Trials,NA,NA,01,crossref,AAGL2016_014
10.1257/rct.11367,Family Homelessness Prevention: A Randomized Control Trial,Phillips D,Bollman K,Phillips D; Bollman K,AEA Randomized Controlled Trials,NA,NA,01,crossref,AAGL2016_014
10.21236/ada596676,Caring Letters for Military Suicide Prevention: A Randomized Controlled Trial,Luxton D,Luxton D,Luxton D,NA,NA,2014,02,crossref,AAGL2016_014
10.1257/rct.11367-1.1,Family Homelessness Prevention: A Randomized Control Trial,Phillips D,Ahn S,Phillips D; Bollman K; Ahn S,AEA Randomized Controlled Trials,NA,NA,01,crossref,AAGL2016_014
10.1186/isrctn56623436,Prevention of Falls in the Elderly Trial (Profet) - A Randomized Controlled Trial,Close J,Close J,Close J,http://isrctn.org/&gt;,NA,NA,01,crossref,AAGL2016_014
10.1186/isrctn26550281,Prevention of floorball injuries in female players: a randomized controlled trial,Pasanen K,Pasanen K,Pasanen K,http://isrctn.org/&gt;,NA,NA,01,crossref,AAGL2016_014
10.1177/09727531221117623,Online Yoga and Ayurveda Intervention as Tertiary Prevention of Psychological Comorbidities in COVID-19 Survivors: A Randomized Controlled Trial,Bhandari R,Bhandari R,Bhandari R,Annals of Neurosciences,"Background and Purpose About 56% of symptomatic COVID-19 survivors have been found with neuropsychological comorbidities, such as depression, anxiety, posttraumatic stress disorders (PTSD), and impaired quality of life (QoL). Alongside, antimicrobial, anti-inflammatory, neuroprotective, regenerative, immunomodulatory, cardio-pulmonary health promotive, and psychological benefits of yogic and Ayurvedic intervention are well documented. Therefore, this study aimed to assess the effect of online Yoga (OYI) and Yoga cum Ayurveda intervention (OYAI) on COVID-19-induced depression, anxiety, PTSD, and poor QoL. Method Seventy-two participants (males/females: 33/26) with at least a 3-month back history of symptomatic COVID-19 infection and age (mean ± SD: 32.33 ± 9.9 and 33.04 ± 12.9 for males and females, respectively) were recruited from Patanjali Ayurveda Hospital, Haridwar, India, and All India Institute of Medical Sciences, Rishikesh, Uttarakhand, India, before random allocation into an equal-sized control group (CG), Yoga group (YG) and Yoga cum concoction (YCG) group. Split-plot analysis of variance and Kruskal–Wallis tests with Bonferroni adjusted post hoc comparisons were computed for normal and nonnormal data using IBM SPSS (25th Version, SPSS South Asia Private Limited, Bangalore, India). Results Both the treatments—the 30-day OYI and OYAI, significantly improved depression ( P &lt; .002, ES: -0.99 and P &lt; .001, ES: -2.11), anxiety ( P &lt; .001, ES: -1.32 and -1.89), PTSD ( P &lt; .001, ES: -1.8 and -1.83) and QoL related constructs ( P &lt; .001, ES: 0.63 and 0.76; 0.71 and 0.93 for each OYI and OYAI versus general health and physical health; P &lt; .001, ES: 0.65 for OYAI versus psychological health; and P &lt; .003, ES: 0.54 for OYI versus environment) of the participants compared to the controls. Conclusion OYAI may better ameliorate COVID-19-induced psychological comorbidities than OYI with no adverse effects. ",2022,10,crossref,AAGL2016_014
10.32920/ryerson.14662164.v1,Relapse prevention for eating disorders: a randomized controlled trial targeting weight-related self-esteem,Royal S,Royal S,Royal S,NA,"A high level of weight-related self-esteem (WRSE) at the end of eating disorder treatment is predictive of relapse. The first goal of this project was to develop a cognitive-behavioural intervention to target WRSE in partially remitted eating disorder clients to prevent relapse (WRSE protocol). The second goal (Study 1) was to conduct a pilot study to assess whether receiving the WRSE protocol leads to improvements in WRSE and related variables. The final goal of this project (Study 2) was to conduct a randomized controlled trial to determine whether the individual-based treatment added to treatment as usual (TAU) provided additional benefits to eating disorder clients, with respect to WRSE, eating disorder symptoms, and relapse. After the treatment manual was developed, 16 clients were recruited and administered the treatment protocol in Study 1. The results indicated that participants had significant improvements in levels of WRSE and related variables following treatment. For Study 2, 47 participants who had achieved behavioural symptom interruption were randomly assigned to either 1) TAU + WRSE protocol or 2) TAU. Results were mainly consistent across Complete Case and Last Observation Carried Forward procedures where participants who received the additional WRSE protocol had greater improvements in WRSE, body checking behaviour, and self-esteem. Groups did not differ with respect to body avoidance, general avoidance, fat talk, and other variables compared to participants who received TAU only. Multiple imputation procedures, which accounted for missing data, indicated no significant differences for all measured variables. Participants who completed the WRSE protocol had significantly greater adherence to their meal plan (i.e., less dietary restriction) compared to participants who only received TAU. Groups did not differ regarding level of binge eating and/or vomiting after the intervention period, and there were no differences in relapse between groups at 3-month follow-up. Overall, the newly developed treatment provided some benefit to eating disorder clients above and beyond TAU. However, the data appear to have been sensitive to attrition. Future research should include further refinement of the treatment protocol and evaluation across a longer follow-up period to assess its impact on relapse rates.",NA,01,crossref,AAGL2016_014
10.64239/pi-qt3003,Efficacy of Quetiapine for Delirium Prevention in Hospitalized Older Medical Patients: A Randomized Double-Blind Controlled Trial,,,,NA,"A negative result, but an interesting idea: Very-low-dose quetiapine for the prevention of delirium? Here’s a review of modifiable delirium risk factors as well as a look at this randomized trial of quetiapine.",2021,08,crossref,AAGL2016_014
10.21608/ebwhj.2020.27971.1087,Intrauterine Use of Autologous Platelet-Rich Plasma in Management of Asherman Syndrome: A Randomized Controlled Trial,Sameh A,Ghanem R,Sameh A; Abdellatif M; IBRAHIM M; Ghanem R,Evidence Based Women's Health Journal,NA,2020,12,crossref,AAGL2016_014
10.32920/ryerson.14662164,Relapse prevention for eating disorders: a randomized controlled trial targeting weight-related self-esteem,Royal S,Royal S,Royal S,NA,"A high level of weight-related self-esteem (WRSE) at the end of eating disorder treatment is predictive of relapse. The first goal of this project was to develop a cognitive-behavioural intervention to target WRSE in partially remitted eating disorder clients to prevent relapse (WRSE protocol). The second goal (Study 1) was to conduct a pilot study to assess whether receiving the WRSE protocol leads to improvements in WRSE and related variables. The final goal of this project (Study 2) was to conduct a randomized controlled trial to determine whether the individual-based treatment added to treatment as usual (TAU) provided additional benefits to eating disorder clients, with respect to WRSE, eating disorder symptoms, and relapse. After the treatment manual was developed, 16 clients were recruited and administered the treatment protocol in Study 1. The results indicated that participants had significant improvements in levels of WRSE and related variables following treatment. For Study 2, 47 participants who had achieved behavioural symptom interruption were randomly assigned to either 1) TAU + WRSE protocol or 2) TAU. Results were mainly consistent across Complete Case and Last Observation Carried Forward procedures where participants who received the additional WRSE protocol had greater improvements in WRSE, body checking behaviour, and self-esteem. Groups did not differ with respect to body avoidance, general avoidance, fat talk, and other variables compared to participants who received TAU only. Multiple imputation procedures, which accounted for missing data, indicated no significant differences for all measured variables. Participants who completed the WRSE protocol had significantly greater adherence to their meal plan (i.e., less dietary restriction) compared to participants who only received TAU. Groups did not differ regarding level of binge eating and/or vomiting after the intervention period, and there were no differences in relapse between groups at 3-month follow-up. Overall, the newly developed treatment provided some benefit to eating disorder clients above and beyond TAU. However, the data appear to have been sensitive to attrition. Future research should include further refinement of the treatment protocol and evaluation across a longer follow-up period to assess its impact on relapse rates.",NA,01,crossref,AAGL2016_014
10.1002/jbmr.4694/v1/review2,"Review for ""Denosumab for prevention of acute onset immobilization‐induced alterations of bone turnover: a randomized controlled trial""",,,,NA,NA,2022,04,crossref,AAGL2016_014
10.1002/jbmr.4694/v2/review2,"Review for ""Denosumab for prevention of acute onset immobilization‐induced alterations of bone turnover: a randomized controlled trial""",,,,NA,NA,2022,06,crossref,AAGL2016_014
10.1016/j.jmig.2016.08.021,Analysis of the Diferential Genic Expression Between Symptomatic and Asymptomatic Endometrial Polyps,Rosa-e-Silva J,Nogueira A,Rosa-e-Silva J; Troncon J; Meola J; Candido-dos-Reis F; Poli-Neto O; Nogueira A,Journal of Minimally Invasive Gynecology,NA,2016,11,crossref,AAGL2016_016
10.26226/morressier.5912d9e9d462b80292386e34,Regression rates of symptomatic and asymptomatic endometrial polyps after 3-month of subcutaneous progesterone administration in premenopausal woman: a preliminary retrospective analysis,Venturella R,Venturella R,Venturella R,NA,NA,NA,01,crossref,AAGL2016_016
10.1007/s13224-014-0576-6,Risk Factors Associated with the Malignant Changes of Symptomatic and Asymptomatic Endometrial Polyps in Premenopausal Women,Elfayomy A,Soliman B,Elfayomy A; Soliman B,The Journal of Obstetrics and Gynecology of India,NA,2015,05,crossref,AAGL2016_016
10.3390/healthcare9070902,Tumor Characteristic Variations between Symptomatic and Asymptomatic Endometrial Cancer,Vinklerová P,Weinberger V,Vinklerová P; Bednaříková M; Minář L; Felsinger M; Hausnerová J; Ovesná P; Weinberger V,Healthcare,"Endometrial cancer is the most common gynecologic malignancy in Europe and usually diagnosed in its initial stage owing to early symptoms of abnormal bleeding. There is no population screening for this disease, although it can sometimes be accidentally diagnosed in asymptomatic patients. Our study aims to determine differences in clinical and tumor characteristics between an asymptomatic and symptomatic group of patients. This unicentric prospective observational study took place in University Hospital Brno between January 2016 and December 2019. A total of 264 patients met inclusion criteria (26% asymptomatic, 74% with reported symptoms). We did not find a statistically significant difference in clinical characteristics (menopausal status, parity, age, BMI, and serum level of CA 125) between groups. According to ultrasound examination, bleeding tumors were larger (19.5 vs. 12.7 mm, p ≤ 0.001). Definitive histology results indicated more frequent lymphovascular space invasion (p &lt; 0.001), along with deep myometrial (p = 0.001) and cervical (p = 0.002) invasion. There was no difference in advanced stages of the tumor. We did not substantiate statistically significant difference in immunohistochemical profile (estrogen and progesterone receptors, L1 cell adhesion molecule, tumor protein p53), which is relevant for tumor recurrence risk and survival capacity. Our conclusions affirmed that bleeding occurs more often among patients with local tumor invasion into the myometrium and cervical stroma. Final International Federation of Gynecology and Obstetrics (FIGO) stage, histology, and immunohistochemical characteristics do not significantly affect symptom appearance.",2021,07,crossref,AAGL2016_016
10.26226/morressier.596dfd56d462b802923878ee,Is there any indication of Adamts-16 expression in endometrial polyps?,Erdem H,Erdem H,Erdem H,NA,NA,NA,01,crossref,AAGL2016_016
10.26226/morressier.5770e29bd462b80290b4bc7b,Expression of p53 in endometrial polyps with special reference to p53 signature,Hachisuga T,Hachisuga T,Hachisuga T,NA,NA,NA,01,crossref,AAGL2016_016
10.7759/cureus.44526,A 10-Year Retrospective Review of the Histology of Symptomatic and Asymptomatic Unilateral Nasal Polyps,Diaz A,Anyanwu K,Diaz A; De Castro F; Reddy V; Anyanwu K,Cureus,NA,2023,09,crossref,AAGL2016_016
10.1097/pgp.0000000000000376,Survivin Expression in Simple Endometrial Polyps and Tamoxifen-associated Endometrial Polyps,Gokmen Karasu A,Ilhan G,Gokmen Karasu A; Sonmez F; Aydin S; Adanir I; Marasli M; Ilhan G,International Journal of Gynecological Pathology,"Endometrial polyps are benign pathologies originating as localized overgrowths of basal endometrium. Risk factors include endogenous and exogenous estrogen excess and tamoxifen (TAM) exposure. Our main objective was to investigate the role of an apoptosis-inhibiting protein, survivin, in endometrial polyps. We performed a cross-sectional, analytical study; our samples were obtained from the archives of the Department of Pathology. Sixty samples were included, comprising 20 TAM polyps, 20 simple endometrial polyps, and 20 cases of simple endometrial hyperplasia without atypia not associated with TAM use. Immunohistochemical staining with rabbit monoclonal anti-human survivin, clone EP 119, was performed. Survivin staining score was highest in the endometrial polyp group and lowest in the TAM polyp group (P&lt;0.001). There was no correlation between survivin staining score and the age of patient (r=0.09), TAM exposure (r=−0.02), nor endometrial thickness (r=0.25). Endometrial polyps are frequently associated with TAM. The low expression of the antiapoptotic marker survivin in TAM polyps but high expression in other polypoid endometrium illustrates that different mechanisms are responsible in the pathogenesis of endometrial polyps. It is possible that there is a direct effect of TAM on apoptosis or indirect effect through a progesterone-related mechanism.",2018,01,crossref,AAGL2016_016
10.48095/cccg2024269,Analysis of the immunohistochemical and genetic expression pattern of kisspeptin in endometrial polyps,,Akçalı N, ; Paltacı Ş; Günday Ö; Erdoğan M; Fırat F; Yalçın G; Akçalı N,Česká gynekologie,"Objective: Endometrial polyp (EP) is a type of pathology that is quite common in clinical practice. Although its exact etiology is not fully known, there is evidence to support that it is sensitive to hormonal stimuli. We aimed to investigate the relationship between kisspeptin (KP) and EP by comparing the genetic (tissue-blood) and immunohistochemical (IHC) expression of KP in EP lesions in patients with normal endometrial findings. Materials and methods: A prospective case-control study of 50 patients with EP (N = 25) and normal endometrial findings (N = 25) on biopsy and/or excision material was performed. Blood and biopsysamples obtained from all patients were stored at –80 °C. KP gene expression levels were determined from paraffin blocks, and peripheral venous blood samples obtained from biopsy specimens and IHC-H-score analysis were performed from paraffin blocks. EP and matched controls were compared for KP. Results: After IHC, the KP H-score of the control group was higher than the EP group, and this difference was statistically significant; H-score: control: 5 (++; 1–15); polyp: 1 (+; 0–12) (P &lt; 0.05). Although KP expression in both tissue and blood was higher in the control group than in the EP group, this difference was not statistically significant (P &gt; 0.05). No significant correlation was found between IHC H-score and KP expression levels in tissue and blood. According to the ROC analysis, the tissue and blood KP expression cut-off value and area under the curve (AUC) predicting the likelihood of developing EP were not significant (tissue KP: 1.04, AUC: 0.570, P = 0.388, sensitivity 56%, specificity 60%, Blood KP: 1.06, AUC: 0.569, P = 0.401, sensitivity 80%, specificity 40%). Conclusions: Decreased KP expression level in EP lesions may predict the diagnosis of EP, and in the future, KP may have therapeutic potential for benign gynecological pathologies such as polyps.  Key words: endometrium – endometrial polyps – kisspeptin – reverse-transcription PCR (RT-PCR) – immunohistochemistry",2024,08,crossref,AAGL2016_016
10.15557/cgo.2018.0017,Unexpected malignancy diagnosed in presumed symptomatic and asymptomatic endometrial polyps and submucosal myomas after hysteroscopic resection,,, ; Gawron I; Ludwin A;  ,Current Gynecologic Oncology,NA,2018,11,crossref,AAGL2016_016
10.3892/ol.2014.2004,Immunohistochemical expression of estrogen and progesterone receptors in endometrial polyps: A comparison between benign and malignant polyps in postmenopausal patients,ANTUNES A,COSTA-PAIVA L,ANTUNES A; VASSALLO J; PINHEIRO A; LEÃO R; NETO A; COSTA-PAIVA L,Oncology Letters,NA,2014,06,crossref,AAGL2016_016
10.3390/ijms252111615,Differential Gene Expression in Late-Onset Friedreich Ataxia: A Comparative Transcriptomic Analysis Between Symptomatic and Asymptomatic Sisters,Petrillo S,Santoro M,Petrillo S; Perna A; Quatrana A; Silvestri G; Bertini E; Piemonte F; Santoro M,International Journal of Molecular Sciences,"Friedreich ataxia (FRDA) is the most common inherited ataxia, primarily impacting the nervous system and the heart. It is characterized by GAA repeat expansion in the FXN gene, leading to reduced mitochondrial frataxin levels. Previously, we described a family displaying two expanded GAA alleles, not only in the proband affected by late-onset FRDA but also in the younger asymptomatic sister. The molecular characterization of the expanded repeats showed that the affected sister carried two canonical uninterrupted GAA expended repeats, whereas the asymptomatic sister had a compound heterozygous for a canonical GAA repeat and an expanded GAAGGA motif. Therefore, we decided to perform RNA sequencing (RNA-seq) on fibroblasts from both sisters in order to understand whether some genes and/or pathways might be differently involved in the occurrence of FRDA clinical manifestation. The transcriptomic analysis revealed 398 differentially expressed genes. Notably, TLR4, IL20RB, and SLITRK5 were up-regulated, while TCF21 and GRIN2A were down-regulated, as validated by qRT-PCR. Gene ontology (GO) enrichment and network analysis highlighted significant involvement in immune response and neuronal functions. Our results, in particular, suggest that TLR4 may contribute to inflammation in FRDA, while IL20RB, SLITRK5, TCF21, and GRIN2A dysregulation may play roles in the disease pathogenesis. This study introduces new perspectives on the inflammatory and developmental aspects in FRDA, offering potential targets for therapeutic intervention.",2024,10,crossref,AAGL2016_016
10.26226/morressier.615c7f2662ba8657678b0a3e,COVID-19 PANDEMIC AND ITS IMPACT ON PERINATAL OUTCOMES BETWEEN SYMPTOMATIC AND ASYMPTOMATIC WOMEN,Babic I,Babic I,Babic I,NA,NA,NA,01,crossref,AAGL2016_016
10.53347/rid-23679,Endometrial polyps,Ballinger J,Ballinger J,Ballinger J,Radiopaedia.org,NA,2013,07,crossref,AAGL2016_016
10.23880/eij-16000s1-014,SARS-Cov-2 in Families Comparison between Symptomatic and Asymptomatic Secondary Cases: Study of 39 Families and 70 People,,,,Epidemiology International Journal,NA,2021,01,crossref,AAGL2016_016
10.26226/morressier.5912d9ead462b8029238629a,Gene expression profiling of human peri-implantation endometria before and after hysteroscopic polypectomy in subfertile patients with endometrial polyps,Yung S,Yung S,Yung S,NA,NA,NA,01,crossref,AAGL2016_016
10.3390/diagnostics11122182,Association between Endometrial Polyps and Chronic Endometritis: Is It Time for a Paradigm Shift in the Pathophysiology of Endometrial Polyps in Pre-Menopausal Women? Results of a Systematic Review and Meta-Analysis,Vitagliano A,Cicinelli E,Vitagliano A; Cialdella M; Cicinelli R; Santarsiero C; Greco P; Buzzaccarini G; Noventa M; Cicinelli E,Diagnostics,"Background: Chronic endometritis (CE) and endometrial polyps (EPs) are common conditions in reproductive age women. CE is an infectious disorder of the endometrium characterized by signs of chronic inflammation at hysteroscopic and histological analyses. EPs are abnormal endometrial growths containing glands, stroma and blood vessels projecting from the lining of the uterus. During the last years, different authors have investigated the correlation between CE and EPs, with controversial results. The aim of this study was to summarize available evidence on the potential correlation between CE and EPs. Design: Systematic literature review and meta-analysis. Methods: Observational-studies were identified by searching electronic databases from their inception to September 2021. Only studies on pre-menopausal women were included. Statistical analysis was performed using MedCalc 16.4.3 (Ostend, Belgium) and Review Manager version 5.3 (Nordic Cochrane Centre, Cochrane Collaboration). The summary measures were reported as pooled proportion or odds ratio (OR) with 95% confidence interval (CI). The primary outcome was to evaluate the prevalence of CE in women with EPs. The secondary outcome was to determine the prevalence of CD-138-positive EPs among EPs. Tertiary outcomes were to compare the prevalence of CE in women with EPs versus women with a non-polypoid endometrium and to compare the prevalence of CE in women with a single EP versus women with multiple EPs. Results: Eight observational studies (n = 3225 patients) were included in quantitative synthesis. Pooled prevalence of CE among women with EPs was 51.35% (95% CI, 27.24–75.13%). Pooled proportion of CD-138-positive EPs among EPs was 70.73% (95% CI, 55.73–83.68%). Women with EPs showed higher prevalence of CE compared to women without EPs (OR 3.07, 95% CI 1.59–5.95). Women with ≥3 EPs had higher prevalence of CE then women with a single EP (OR 3.43, 95% CI 1.83–6.46). Conclusions: In pre-menopausal women, CE and EPs may have a dependent relationship and may represent two consequent steps of a common pathological process.",2021,11,crossref,AAGL2016_016
10.1097/pat.0000000000000211,p16 immunoreactivity in endometrial stromal cells: stromal p16 expression characterises but is not specific for endometrial polyps,Stewart C,Crook M,Stewart C; Bharat C; Crook M,Pathology,NA,2015,02,crossref,AAGL2016_016
10.31579/2642-9756/004,Management of endometrial polyps,Tanos V,Tanos V,Tanos V,Women Health Care and Issues,"The epidemiology of endometrial polyps is reported to be between 7.8 and 50% of women. The range remains quite broad and inconsistent due to confounding study factors such as the method of research, population studied, histological type and anatomical location of polyps. The development of polyps is influenced by a multitude of genetic and epigenetic factors. Chromosomes 6,7 and 12 are incriminated in this process. A fraction of these polyps may undergo malignant transformation, most commonly in  postmenopausal patients. 3D ultrasound (US) and hysterosalpingo-contrast-sonography (HyCoSy) provide an accurate diagnosis and location of endometrial polyps (EPs). Expectant management is recommended when the polyp is up to 10mm in length, in asymptomatic young patients. When indicated, hysteroscopic removal of polyps can be performed as an outpatient without requiring a general anaesthetic. The use of a small tip diameter hysteroscope and 5Fr instruments offers safe, efficient and low-cost treatment. The hysteroscopic morcellator and shaver are the best surgical option for bigger polyps since it is a quick and time-effective method with the technique easily learned by surgeons.",2019,03,crossref,AAGL2016_016
10.1136/ijgc-2022-esgo.247,2022-RA-839-ESGO Recurrence of endometrial carcinoma: diagnosis in asymptomatic phase compared with symptomatic recurrence. Does it have any impact?,Rodriguez Garnica M,Goñi A,Rodriguez Garnica M; Gónzalez E; Berrio R; Muñoz L; Goñi A,Endometrial cancer,NA,2022,10,crossref,AAGL2016_016
10.1016/j.jmig.2016.08.059,Tissue Extraction: A Simulation Model and Technical Pearls,Truong M,Advincula A,Truong M; Advincula A,Journal of Minimally Invasive Gynecology,NA,2016,11,crossref,AAGL2016_053
10.1093/med/9780199986071.003.0025,Technical Pearls for Managing the Scarred Groin,Kahn S,Kahn S,Kahn S,Oxford Medicine Online,"The femoral artery is considered one of the most common access sites for endovascular interventions. Its accessibility, size, and ease of compression over the femoral head post intervention make it favorable for vascular access during endovascular interventions. Combined with the frequency with which the femoral artery is utilized in a variety of bypass and aortoiliac surgical interventions, scarred groins are frequently encountered. Further complicating femoral access are the rising rates of obesity that have doubled during the past 35 years, with more than two-thirds (68.6%) of American adults reported as overweight or obese as of 2012. Despite its frequency, a scarred groin presents a unique challenge to the interventionalist, particularly in obese patients. This chapter discusses considerations for managing the scarred groin.",2018,08,crossref,AAGL2016_053
10.1016/j.eats.2016.11.009,Meniscal Allograft Transplantation With Soft Tissue in Bone Socket Fixation: Arthroscopic Technique With Technical Pearls,Roberson T,Wyland D,Roberson T; Wyland D,Arthroscopy Techniques,"Abstract
                  
                    
                    Meniscal allograft transplantation may slow the progression of degenerative changes in the meniscus‐deficient knee. The current literature suggests patients can experience good early to mid‐term satisfaction and patient‐reported outcomes with reasonable expectations of return to work. More ambitious applications in athletes have also shown good results although long‐term data are lacking. Traditionally, meniscal allograft transplantation has been considered an open procedure with incorporation of bone blocks from the allograft source. However, as arthroscopic techniques have advanced, it has become possible to perform this procedure through a predominantly arthroscopic approach while securing the soft tissue graft in bone tunnels. The current demonstration provides this background and technical pearls for success in arthroscopic meniscal allograft transplantation.
                  
                  
                    Technique Video
                    
                      
                        
                          video
                        
                      
                    
                    
                      See video under supplementary data.
                    
                  ",2017,04,crossref,AAGL2016_053
10.5005/jp/books/11886_36,Soft Tissue Sarcoma,Babu R,Babu R,Babu R,Clinical Surgery Pearls,NA,2013,01,crossref,AAGL2016_053
10.1148/rg.2020190089.pres,Pearls and Pitfalls for Soft-Tissue and Bone Biopsies: A Cross-Institutional Review,,,,RadioGraphics,NA,2020,01,crossref,AAGL2016_053
10.5772/intechopen.1001709,Pearls in Biological and Molecular Tissue Repair Pathways,,,,NA,NA,2024,06,crossref,AAGL2016_053
10.37101/ftpgp24.01.006,Stochastic simulation of underground coal extraction schedule,Merzlikin A,Merzlikina Y,Merzlikin A; Zakharova L; Merzlikina Y,Physical and technical problems of mining production,"Purpose. Improvement of the technique of stochastic modeling of the schedule of mining by introducing and taking into account mutual dependencies between elementary operations of the main processes of coal mining.

Methods. The energy complex of Ukraine depends on the supply of gas, oil, nuclear fuel, as well as on the development of its coal industry. Underground coal mining is carried out in exclusively dangerous and specific conditions. Risks posed by uncertainty worsens the coal mining program, which usually leads to chronic failure to maintain the schedule of mining operations. This reduces profitability of coal mining and, as a consequence, affects the economic condition of the industry as a whole. In this paper, for the first time, the mining Gantt chart is considered as a complex of continuous and discrete operations.

Findings. Application of the stochastic modeling method allows you to create many options for the implementation of the mining work schedule and thus cover all potentially possible implementations. As a result of the research, the method of stochastic modeling was improved by introducing and taking into account the interdependencies between the elementary operations of the main mining processes.

Practical implications. For the conditions of uncertain coal mining, it was established that the most promising ways to reduce mining risks are modern information technologies, which are based on monitoring early signals of the stochastic environment in which coal mining takes place.

Keywords: schedule of mining operations, uncertainty, stochastic simulation, elementary operations, risks",2022,01,crossref,AAGL2016_053
10.1017/cbo9781139031141.091,Soft tissue hemangioma,,,,Pearls and Pitfalls in Musculoskeletal Imaging,NA,2013,05,crossref,AAGL2016_053
10.1016/b978-0-12-420031-9.00011-7,BSIM-CMG model parameter extraction,,,,FinFET Modeling for IC Simulation and Design,NA,2015,01,crossref,AAGL2016_053
10.1016/j.bjps.2020.12.025,Free tissue transfer with supermicrosurgical perforator-to-perforator (P-to-P) technique for tissue defect reconstruction around the body: Technical pearls and clinical experience,Scaglioni M,Fritsche E,Scaglioni M; Meroni M; Fritsche E,"Journal of Plastic, Reconstructive &amp; Aesthetic Surgery",NA,2021,08,crossref,AAGL2016_053
10.7759/cureus.13535,Neonatal Hydrops Simulation Model: A Technical Report,Connors J,Rosen O,Connors J; Rosen O,Cureus,NA,2021,02,crossref,AAGL2016_053
10.1111/1754-9485.13313,Ultrasound‐assisted foreign body extraction (U‐SAFE): Review of technique and technical pearls,White R,Sampson M,White R; Rezaian P; Parasuramar A; Sampson M,Journal of Medical Imaging and Radiation Oncology,"AbstractIntroductionSoft tissue foreign bodies are a common presentation to emergency departments and primary care. They have variable presentations and associated morbidity depending on their acuity, location, functional impairment and neurovascular involvement. Traditional removal has utilised blind technique or surgical exploration. Their removal can be difficult secondary to induration, inflammation, granulation and scar tissue. Ultrasonography has emerged as a minimally invasive and inexpensive method of examination and retrieval. This article entails ultrasound‐guided foreign body extraction with associated pearls of experience.MethodsFrom March 2017 to August 2020, a fellowship trained interventional radiologist and a fellowship trained musculoskeletal radiologist performed 52 foreign body extractions under ultrasound guidance at a single institution.Results52 foreign body extractions occurred over 3‐year time period with a 95% success rate. The most common location of foreign body was the finger (62%) and feet/toes (17%). Foreign bodies identified include wood (31%), plant‐based material (29%), metal (17%), glass (17%) and synthetic material (6%). Two unsuccessful cases were secondary to delayed presentation with significant foreign body reaction and the 2nd due to patient psychiatric issues. There were no identified complications.ConclusionUltrasonography‐guided foreign body extraction is a minimally invasive, efficient and targeted technique for foreign body removal.",2022,04,crossref,AAGL2016_053
10.1063/1.5083761,Deviation of H− beam extraction simulation model,Kalvas T,Lettry J,Kalvas T; Lettry J,AIP Conference Proceedings,NA,2018,01,crossref,AAGL2016_053
10.5312/wjo.v12.i1.1,Anterior glenohumeral instability: Current review with technical pearls and pitfalls of arthroscopic soft-tissue stabilization,Apostolakos J,Dines J,Apostolakos J; Wright-Chisem J; Gulotta L; Taylor S; Dines J,World Journal of Orthopedics,NA,2021,01,crossref,AAGL2016_053
10.4271/2021-01-5107,A Statistical Method to Substructure Crash Simulation Model,Liu Z,Liu Z,Liu Z,SAE Technical Paper Series,"&lt;div class=""section abstract""&gt;&lt;div class=""htmlview paragraph""&gt;This work presents a statistical method to use a portion of a full finite element vehicle model on a crash analysis event. The substructure model is linked to the full model by recording the interface boundary history. The lateral moving deformable barrier (MDB) test by the Insurance Institute for Highway Safety (IIHS) is used to demonstrate this substructure method: Substructure portion is identified by energy absorption distribution, and noise elements are filtered out by density-based spatial clustering of applications with noise (DBSCAN), a nonsupervised machine learning method. Crashworthiness simulation is performed in LS-DYNA software, and results between substructure vehicle model, full vehicle model, and physical vehicle test results are compared. It shows the result from the substructure model is more effective without accuracy compromise.&lt;/div&gt;&lt;/div&gt;",2021,12,crossref,AAGL2016_053
10.4271/2014-01-0278,On-Board Model Based Diagnosis Based on an Off-Board Engine Simulation Model,Lindgarde O,Prytz R,Lindgarde O; Prytz R,SAE Technical Paper Series,"&lt;div class=""section abstract""&gt;&lt;div class=""htmlview paragraph""&gt;This paper presents an approach to fault detection and isolation that is based on off-board 1D simulation tools such as GT-power or AVL Boost. The proposed method enables engineers to develop diagnostic functions early on in a development project. The proposed algorithm is evaluated based on measurements from the air path system of the new Volvo FH truck. The results are encouraging. The paper discusses pros and cons of the method and concludes that it has clear potential to be used for on-board diagnostics.&lt;/div&gt;&lt;/div&gt;",2014,04,crossref,AAGL2016_053
10.1145/3795154.3795410,Application of the Pearls Model in Meeting the Simulation Learning Needs of Diverse Nursing Student Sources,Deng Y,Deng Y,Deng Y,Proceedings of the 2025 6th International Conference on Computer Science and Management Technology,NA,2025,12,crossref,AAGL2016_053
10.1016/j.toxicon.2016.11.092,BoNT injections for hyperhidrosis: Technical pearls,Glaser D,Glaser D,Glaser D,Toxicon,NA,2016,12,crossref,AAGL2016_053
10.1016/b978-0-12-813543-3.00018-4,Modeling and Simulation of Versatile Technical Systems Using an Extended System Entity Structure/Model Base Infrastructure,Pawletta T,Schmidt A,Pawletta T; Durak U; Schmidt A,Model Engineering for Simulation,NA,2019,01,crossref,AAGL2016_053
10.4271/2024-01-3480,SIMULATION BASED RELIABILITY GROWTH PLANNING MODEL FOR THE ARMY,Kosinski D,Kosinski D,Kosinski D,SAE Technical Paper Series,"
                &lt;title&gt;ABSTRACT&lt;/title&gt;
                &lt;p&gt;The current reliability growth planning model used by the US Army, the Planning
                    Model for Projection Methodology (PM2), is insufficient for the needs of the
                    Army. This paper will detail the limitations of PM2 that cause Army programs to
                    develop reliability growth plans that incorporate unrealistic assumptions and
                    often demand that infeasible levels of reliability be achieved. In addition to
                    this, another reliability growth planning model being developed to address some
                    of these limitations, the Bayesian Continuous Planning Model (BCPM), will be
                    discussed along with its own limitations. This paper will also cover a third
                    reliability growth planning model that is being developed which incorporates the
                    advantageous features of PM2 and BCPM but replaces the unrealistic assumptions
                    with more realistic and customizable ones. The internal workings of this new
                    TARDEC developed simulation-based model will be delved into with a focus on the
                    advantages this model holds over PM2 and BCPM.&lt;/p&gt;
            ",2014,08,crossref,AAGL2016_053
10.1016/j.jmig.2017.08.088,IS-001: Investigating a Novel Compound for Ureteral Identification during Robotic Hysterectomy; Preliminary Results,Arms R,Farnam R,Arms R; Farnam R,Journal of Minimally Invasive Gynecology,NA,2017,11,crossref,AAGL2017_073
10.1117/12.2291974,IS-001: investigating a novel compound for fluorescent ureteral identification during robotic hysterectomy (Conference Presentation),Farnam R,Farnam R,Farnam R,"Molecular-Guided Surgery: Molecules, Devices, and Applications IV",NA,2018,03,crossref,AAGL2017_073
10.1016/j.jmig.2017.08.519,IS-001: A Novel New Intravenously Administered Ureteral Fluorescence Compound for Robotic Hysterectomy,Farnam R,Farnam R,Farnam R,Journal of Minimally Invasive Gynecology,NA,2017,11,crossref,AAGL2017_073
10.1016/j.jmig.2015.08.059,Retroperitoneal Ureteral and Uterine Artery Identification During Robotic Hysterectomy: Learning Curve and Determinants of Improvement During Fellowship Training,Elkattah R,DePasquale S,Elkattah R; DePasquale S,Journal of Minimally Invasive Gynecology,NA,2015,11,crossref,AAGL2017_073
10.1016/j.jmig.2019.09.261,1307 Ureterolysis: Preventing Ureteral Injury during Robotic Hysterectomy,Clarizio K,Elkattah R,Clarizio K; Elkattah R,Journal of Minimally Invasive Gynecology,NA,2019,11,crossref,AAGL2017_073
10.1016/j.ajog.2019.01.179,43: Ureterolysis: preventing ureteral injury during robotic hysterectomy,Clarizio K,Elkattah R,Clarizio K; Elkattah R,American Journal of Obstetrics and Gynecology,NA,2019,03,crossref,AAGL2017_073
10.1007/s11701-022-01478-7,Robotic ureteral reimplantation and uretero-ureterostomy treating the ureterovesical junction pathologies in children: technical considerations and preliminary results,Mattioli G,Carlucci M,Mattioli G; Lena F; Fiorenza V; Carlucci M,Journal of Robotic Surgery,NA,2022,10,crossref,AAGL2017_073
10.1016/j.jmig.2014.08.237,Incidental Ureteral Injury and Repair During Robotic-Assisted Total Laparoscopic Hysterectomy,Menderes G,Azodi M,Menderes G; Clark L; Azodi M,Journal of Minimally Invasive Gynecology,NA,2014,11,crossref,AAGL2017_073
10.1016/j.jmig.2014.11.006,Incidental Ureteral Injury and Repair during Robotic-assisted Total Laparoscopic Hysterectomy,Menderes G,Azodi M,Menderes G; Clark L; Azodi M,Journal of Minimally Invasive Gynecology,NA,2015,03,crossref,AAGL2017_073
10.53347/rid-57036,Post-hysterectomy ureteral ligation,Hamidi H,Hamidi H,Hamidi H,Radiopaedia.org,NA,2017,12,crossref,AAGL2017_073
10.4236/ss.2022.136036,Intraoperative Ureteral Identification Utilizing StimSite&amp;amp;#8482 Technology during Robotic-Assisted Sacral Colpopexy Procedure: A Case Report,McCoy C,McCoy C,McCoy C,Surgical Science,NA,2022,01,crossref,AAGL2017_073
10.31525/ct1-nct03937505,A Safety and Efficacy Study of IS-001 Injection in Patients Undergoing Robotic Hysterectomy,,, ,Case Medical Research,NA,2019,05,crossref,AAGL2017_073
10.7759/cureus.66096,Ureteral Ligation During Robotic-Assisted Laparoscopic Prostatectomy,Baetzhold D,Rutkowski J,Baetzhold D; Dinerman B; Rutkowski J,Cureus,NA,2024,08,crossref,AAGL2017_073
10.21037/asvide.2023.326,Robotic piver class III hysterectomy with preserving ureteral branch of uterine artery on early-stage invasive cervical cancer.,Xie C,Lin Y,Xie C; Luo J; Lin Y,ASVIDE,NA,2024,01,crossref,AAGL2017_073
10.3390/jcm14196957,Spinal Analgesia Versus Intravenous Low-Dose Oxycodone for Pain Management After Robotic Hysterectomy: Preliminary Results from an ERAS Institution,Peano E,Franzoso B,Peano E; Rosso R; Audisio K; Coletta G; Puppo A; Franzoso B,Journal of Clinical Medicine,"Background: Robotic hysterectomy and Enhanced Recovery After Surgery (ERAS) are two significant improvements in gynecologic surgery, both associated with decreased postoperative pain and faster recovery. Spinal analgesia guarantees excellent pain coverage; however, its appropriateness in robotic procedures is still controversial. The aim of the study was to compare postoperative pain control after robotic hysterectomy in patients receiving spinal analgesia versus intravenous low-dose oxycodone. Methods: Consecutive patients undergoing robotic hysterectomy from January 2022 to July 2023 were included in the analysis. Until August 2022, patients received spinal analgesia, while from September 2022, low-dose oxycodone was administered intraoperatively. All patients were managed following the ERAS protocol. Primary outcomes were the VAS pain score and opioid rescue use, while secondary outcomes included postoperative nausea and vomiting (PONV), mobilization, oral intake, and length of hospital stay (LOS). Results: Of 114 patients, 67 (58.8%) received spinal analgesia and 47 (41.2%) received intravenous low-dose oxycodone. No differences were reported in the VAS pain score at day 0 (1.5 ± 1.6 vs. 1.6 ± 2.2, p = 0.78) and day 1 (2.0 ± 2.1 vs. 1.3 ± 1.8, p = 0.07). At day 2, the VAS pain score was 1.4 ± 1.6 in the spinal analgesia group and 0.7 ± 1.0 in the oxycodone group (p = 0.01). No differences were reported in the need for opioid rescue at days 1 and 2 (p = 1.00). At day 0, 26 patients (38.8%) experienced PONV in the spinal analgesia group versus 8 (17.0%) in the oxycodone group (p = 0.01). Conclusions: Patients receiving intraoperative low-dose oxycodone experienced comparable satisfactory postoperative pain control with a lower incidence of PONV when compared to the spinal analgesia group.",2025,10,crossref,AAGL2017_073
10.1016/j.jmig.2022.09.244,Management for Ureteral Injury during Laparoscopic or Robotic Hysterectomy: Minimally Invasive Strategies,Andou M,Yoshino Y,Andou M; Yanai S; Hada T; Kanno K; Sakate S; Sawada M; Kato K; Shimada K; Yoshino Y,Journal of Minimally Invasive Gynecology,NA,2022,11,crossref,AAGL2017_073
10.1007/s11701-018-0797-2,Two-port robotic hysterectomy: a novel approach,Moawad G,Khalil E,Moawad G; Tyan P; Khalil E,Journal of Robotic Surgery,NA,2018,12,crossref,AAGL2017_073
10.1016/s1569-9056(14)50110-8,PE79: A novel surgical technique for preserving bladder neck during robotic-assisted laparoscopic radical prostatectomy; preliminary results,Tunc L,Bozkirlli I,Tunc L; Gumustas H; Akin Y; Atkin S; Peker T; Erdem O; Bozkirlli I,European Urology Supplements,NA,2014,09,crossref,AAGL2017_073
10.1016/j.jpurol.2015.08.006,Extracorporeal ureteral tailoring during HIDES laparoscopic robotic-assisted ureteral reimplantation for megaureter,Villanueva C,Villanueva C,Villanueva C,Journal of Pediatric Urology,NA,2015,12,crossref,AAGL2017_073
10.1136/ijgc-2022-igcs.568,SF007/#518 The implications of lighted ureteral stent in robotic single-site radical hysterectomy for early cervical cancer,Cho C,Jang T,Cho C; Chung H; Lee S; Jang T,On-Demand Surgical Films,NA,2022,12,crossref,AAGL2017_073
10.1016/j.jmig.2018.09.032,En Bloc Resection of Deep Infiltrating Endometriosis with a Novel Tissue Extraction and Anastomotic Technique,Nee B,Nee B,Nee B,Journal of Minimally Invasive Gynecology,NA,2018,11,crossref,AAGL2018_027
10.1007/s10151-019-01989-w,Totally intracorporeal robotic en bloc resection for deep infiltrating endometriosis of the rectovaginal wall with natural orifice specimen extraction,Bravo R,Pigazzi A,Bravo R; Blaker K; Pigazzi A,Techniques in Coloproctology,NA,2019,06,crossref,AAGL2018_027
10.1016/j.jmig.2026.01.013,En Bloc Hysterectomy with segmental bowel resection by NOSE-procedure: Surgical Management of Ovarian Cancer in context of Deep Infiltrating Endometriosis,Silva-Rengifo C,Heredia Muñoz F,Silva-Rengifo C; Chaul L; Cabrera-Carranco R; Heredia Muñoz F,Journal of Minimally Invasive Gynecology,NA,2026,01,crossref,AAGL2018_027
10.31579/2578-8965/044,Suboptimal Bowel Function after (Recto) Sigmoid Resection in Patients with Deep Infiltrating Endometriosis,Al-Saidi A,Al-Saidi A,Al-Saidi A,Obstetrics Gynecology and Reproductive Sciences,"Purpose: To investigate the postoperative outcomes regarding bowel functions in women and the pattern of symptoms after surgical treatment for deep infiltrating endometriosis in comparison with healthy subjects. Methods: This cross-sectional study was designed as a single tertiary-level academic center. We included 130 female adult patients who had undergone (recto) sigmoid resection for deep infiltrating endometriosis between January 2005 and December 2015. Patients were randomly age-matched to two controls derived from the general population in the Netherlands. We measured the prevalence of constipation, fecal incontinence, Irritable Bowel Syndrome and the Low Anterior Resection Syndrome Score. Results: The prevalence of constipation, fecal incontinence, and irritable bowel syndrome in the patients was significantly higher than in the controls (50.8% versus 26.2% and 15.4% versus 5.4%, and 14.6% versus 5.4%, respectively, P &lt; 0.05 for each). The prevalence of constipation and fecal incontinence was lower in the patients who had undergone surgery longer than 24 months ago, in comparison with those who had undergone surgery less than 24 months ago (46.7% versus 69.9% and 15.0% versus 17.4%), which was still significantly higher in comparison to the control group. The low anterior resection syndrome score was significantly higher in the patients than in the controls. Conclusion: The postoperative outcomes in patients treated for deep infiltrated endometriosis regarding constipation, fecal incontinence, and irritable bowel syndrome are suboptimal and do not come close to outcomes in the general female population in the Netherlands. These patients should be screened postoperatively and if necessary, treated for bowel functions.",2020,08,crossref,AAGL2018_027
10.26226/morressier.5af300af738ab10027aa94c6,Defecation associated (dys)functions after surgical resection of (recto)sigmoid infiltration by deep infiltrating endometriosis,Al-Saidi A,Al-Saidi A,Al-Saidi A,NA,NA,NA,01,crossref,AAGL2018_027
10.32388/5vutgm,"Alleviating Bothersome Symptoms of Umbilical Endometriosis by En Bloc Resection in a Young, Fertile Patient",Jamtani I,Marbun V,Jamtani I; Marbun V,NA,"BACKGROUND: Abdominal wall endometriosis (AWE) is the most common extra-pelvic endometriosis encountered. Between 30% and 40% of AWE cases are umbilical endometriosis (UE), also known as Villar’s nodule. This is a rare form of endometriosis, accounting for only 0.5% to 4% of extragenital seedings. 

METHODS: We present a case of UE in a young, fertile female treated with en-bloc resection of the nodule in accordance with the Surgical Case Report (SCARE) guidelines. 

RESULT: A 35-year-old female presented with a persistent, painful, discolored mass in the umbilical region. An initial physical examination revealed a 2x2x2 cm discolored mass protruding from the umbilicus, accompanied by cyclical bleeding coinciding with her menstrual cycle. The mass was excised along the umbilicus, extending to the _linea alba_ and peritoneum. To ensure the complete removal of all endometrial tissue from the nodule margins, a specimen was sent for a frozen section, confirming the presence of endometrial tissue and clear margins. A vertical two-lateral flap _neoumbilicoplasty_ was performed. The patient exhibited no recurrent lesions, and the _neoumbilicoplasty _resulted in good cosmetic outcomes.

CONCLUSION: En-bloc resection and excision of the underlying peritoneum is the best choice for treating UE. A vertical umbilical reconstruction after excision offers excellent cosmetic results.",NA,01,crossref,AAGL2018_027
10.32388/k8kcsx,"Review of: ""Alleviating Bothersome Symptoms of Umbilical Endometriosis by En Bloc Resection in a Young, Fertile Patient""",Hiratsuka D,Hiratsuka D,Hiratsuka D,NA,NA,2025,06,crossref,AAGL2018_027
10.32388/yalezp,"Review of: ""Alleviating Bothersome Symptoms of Umbilical Endometriosis by En Bloc Resection in a Young, Fertile Patient""",Huda F,Huda F,Huda F,NA,NA,2025,05,crossref,AAGL2018_027
10.32388/nyal2t,"Review of: ""Alleviating Bothersome Symptoms of Umbilical Endometriosis by En Bloc Resection in a Young, Fertile Patient""",Habiba M,Habiba M,Habiba M,NA,NA,2025,06,crossref,AAGL2018_027
10.32388/31nyid,"Review of: ""Alleviating Bothersome Symptoms of Umbilical Endometriosis by En Bloc Resection in a Young, Fertile Patient""",Cabrera R,Cabrera R,Cabrera R,NA,NA,2025,05,crossref,AAGL2018_027
10.1016/j.igie.2023.10.007,"Endoscopic Mucosal Incisional, Closure, ResectiON (E-MICRON): a novel technique for safe and efficient en bloc foregut resection",Malik T,Shah T,Malik T; Shah T,iGIE,NA,2023,12,crossref,AAGL2018_027
10.1016/j.jmig.2019.09.002,Nerve-sparing Surgery for Deep Infiltrating Endometriosis: Laparoscopic Eradication of Deep Infiltrating Endometriosis with Rectal and Parametrial Resection According to the Negrar Method,Ceccaroni M,Roviglione G,Ceccaroni M; Clarizia R; Roviglione G,Journal of Minimally Invasive Gynecology,NA,2020,02,crossref,AAGL2018_027
10.52054/fvvo.2026.300,V-NOSE en bloc laparoscopic hysterectomy with segmental bowel resection for deep infiltrating endometriosis (#ENZIAN C3),Gamez L,Hernandez P,Gamez L; Carranco R; Kondo W; Osaki J; Vigueras Smith A; Eugenio-Colon J; Hernandez P,Facts Views and Vision in ObGyn,NA,2026,03,crossref,AAGL2018_027
10.1089/gyn.2015.0061,The Problem of Anastomotic Stricture After Rectosigmoid Resection in Deep Infiltrating Endometriosis,Anaf V,Noël J,Anaf V; Gocevska S; Lemoine O; El Nakadi I; Buggenhout A; Zalcman M; Noël J,Journal of Gynecologic Surgery,NA,2016,02,crossref,AAGL2018_027
10.1016/j.fertnstert.2020.08.1426,Laparoscopic single-stapler technique in rectosigmoid resection in women with deep infiltrating endometriosis,Hanacek J,Drahonovsky J,Hanacek J; Havluj L; Ayayee N; Urbánková I; Drahonovsky J,Fertility and Sterility,NA,2021,02,crossref,AAGL2018_027
10.29011/25759760.11114,Gastrointestinal Outcomes Following Segmental Colorectal Resection for Treating Deep Infiltrating Endometriosis: A Retrospective Study,,,,Journal of Surgery,NA,2024,08,crossref,AAGL2018_027
10.53347/rid-77328,Deep infiltrating endometriosis - rectovaginal,Hartung M,Hartung M,Hartung M,Radiopaedia.org,NA,2020,05,crossref,AAGL2018_027
10.53347/rid-44470,Atypical deep infiltrating endometriosis,Valkovic L,Valkovic L,Valkovic L,Radiopaedia.org,NA,2016,04,crossref,AAGL2018_027
10.53347/rid-89210,Deep infiltrating endometriosis - peritoneal,Atikeler D,Atikeler D,Atikeler D,Radiopaedia.org,NA,2021,05,crossref,AAGL2018_027
10.1111/codi.14400,Resection of recto‐vaginal deep infiltrating endometriosis nodules: an innovative laparoscopic technique – a video vignette,Fastrez M,Cadière G,Fastrez M; De Neef A; Rozenberg S; Dapri G; Cadière G,Colorectal Disease,NA,2018,11,crossref,AAGL2018_027
10.1016/j.jmig.2018.09.057,Laparoscopic Hysterectomies in Norway 2013–2017,Skroppa S,Bohlin T,Skroppa S; Putz A; Bohlin T,Journal of Minimally Invasive Gynecology,NA,2018,11,crossref,AAGL2018_051
10.5005/jp/books/11931_25,Hysterectomies—Laparoscopic Subtotal Hysterectomy,Bojahr B,Bojahr B,Bojahr B,Practical Manual for Laparoscopic and Hysteroscopic Gynecological Surgery,NA,2013,01,crossref,AAGL2018_051
10.5005/jp/books/12873_6,Anesthetic Implications in Total Laparoscopic Hysterectomies,Manjrekar R,Manjrekar R,Manjrekar R,Textbook and Atlas of Laparoscopic Hysterectomy,NA,2016,01,crossref,AAGL2018_051
10.1016/j.jmig.2013.08.669,Laparoscopic Hysterectomies in Large Uterus: Myth and Realities,Rivero J,Esposito C,Rivero J; Bosque V; Angulo A; Araujo M; Esposito C,Journal of Minimally Invasive Gynecology,NA,2013,11,crossref,AAGL2018_051
10.5005/jp/books/12873_35,Are All Hysterectomies Indicated?,Puri M,Aggarwal R,Puri M; Aggarwal R,Textbook and Atlas of Laparoscopic Hysterectomy,NA,2016,01,crossref,AAGL2018_051
10.5005/jp-journals-10058-0026,Prerequisites for Laparoscopic Hysterectomies,Alkatout I,Mettler L,Alkatout I; Mettler L,International Journal of Gynecological Endoscopy,NA,2018,03,crossref,AAGL2018_051
10.1155/2013/453581,Application of a New Integrated Bipolar and Ultrasonic Energy Device in Laparoscopic Hysterectomies,Lin H,Fong Y,Lin H; Ng Y; Agarwal A; Fong Y,ISRN Minimally Invasive Surgery,"Objective. A retrospective study to evaluate the Thunderbeat, a new vessel sealing device in a small group of patients undergoing laparoscopic hysterectomy to test the safety and effectiveness in achieving hemostasis. Method. The Thunderbeat was used in 12 cases of total laparoscopic hysterectomy. Operative performance involving hemostasis, sealing/coagulation, cutting, dissection, and tissue manipulation was evaluated. Results. No complications were encountered intraoperatively and postoperatively. Intraoperative experience involving hemostasis, sealing/coagulation, and cutting was optimal. Tissue handling was acceptable except for fine dissection. Conclusion. The Thunderbeat is an efficient and safe alternative to standard bipolar in laparoscopic hysterectomy. Larger studies are required to evaluate the cost-effectiveness and significant reduction in operating times as compared to conventional bipolar energy.",2013,02,crossref,AAGL2018_051
10.26226/morressier.5770e29bd462b80290b4ba25,IS LAPAROSCOPIC RADICAL HYSTERECTOMY IN OBESE PATIENTS SAFE AND VIABLE OPTION? EXPERIENCE IN TOTAL LAPAROSCOPIC RADICAL HYSTERECTOMIES IN TERTIARY CANCER CENTRE AT SOUTH EAST WALES,Rzyska E,Rzyska E,Rzyska E,NA,NA,NA,01,crossref,AAGL2018_051
10.3410/f.718468480.793534983,"Faculty Opinions recommendation of Randomized comparison of total laparoscopic, laparoscopically assisted vaginal and vaginal hysterectomies for myomatous uteri.",Simões Abrao M,Simões Abrao M,Simões Abrao M,Faculty Opinions – Post-Publication Peer Review of the Biomedical Literature,NA,2017,07,crossref,AAGL2018_051
10.1007/s10397-013-0781-9,"Abdominal versus laparoscopic hysterectomies for benign diseases: evaluation of morbidity and mortality among 465,798 cases",Wiser A,Abenhaim H,Wiser A; Holcroft C; Tulandi T; Abenhaim H,Gynecological Surgery,NA,2013,05,crossref,AAGL2018_051
10.3410/f.727843309.793534988,Faculty Opinions recommendation of A Randomized Comparison of Laparoendoscopic Single-Site Hysterectomies: Total Laparoscopic Hysterectomy Versus Laparoscopically Assisted Vaginal Hysterectomy.,Simões Abrao M,Simões Abrao M,Simões Abrao M,Faculty Opinions – Post-Publication Peer Review of the Biomedical Literature,NA,2017,07,crossref,AAGL2018_051
10.4103/aer.aer_41_17,Nasogastric tube insertion in anesthetized intubated patients undergoing laparoscopic hysterectomies: A comparative study of three techniques,Siddhartha B,Shankaranarayana P,Siddhartha B; Sharma N; Kamble S; Shankaranarayana P,Anesthesia: Essays and Researches,NA,2017,01,crossref,AAGL2018_051
10.1016/j.jmig.2015.08.341,Common Errors to Avoid in Laparoscopic Hysterectomies,Kung R,Kung R,Kung R,Journal of Minimally Invasive Gynecology,NA,2015,11,crossref,AAGL2018_051
10.1590/s0102-865020170070000009,A prospective randomized study of the inflammatory responses to multiport and singleport laparoscopic hysterectomies,Tormena R,Baracat E,Tormena R; Ribeiro S; Soares Júnior J; Maciel G; Baracat E,Acta Cirurgica Brasileira,NA,2017,07,crossref,AAGL2018_051
10.1007/s00404-017-4599-y,Bipolar vessel-sealing devices in laparoscopic hysterectomies: a multicenter randomized controlled clinical trial,Hasanov M,Klar M,Hasanov M; Denschlag D; Seemann E; Gitsch G; Woll J; Klar M,Archives of Gynecology and Obstetrics,NA,2018,02,crossref,AAGL2018_051
10.1007/s11845-017-1660-6,"Comparison of abdominal, vaginal, and laparoscopic hysterectomies in a tertiary care hospital in Turkey",Inal Z,Inal H,Inal Z; Inal H,Irish Journal of Medical Science (1971 -),NA,2018,05,crossref,AAGL2018_051
10.14744/less.2025.08068,"A retrospective comparison of abdominal, vaginal, and laparoscopic hysterectomies performed in our clinic during the previous decade: A tertiary center experience",Özturk Inal Z,Özturk Inal Z,Özturk Inal Z,Laparoscopic Endoscopic Surgical Science,NA,2025,01,crossref,AAGL2018_051
10.1186/1753-6561-9-s1-a5,Can aggressive postoperative non-narcotic therapy replace narcotics in patients undergoing laparoscopic hysterectomies?,Singh G,Bates S,Singh G; Bates S,BMC Proceedings,NA,2015,01,crossref,AAGL2018_051
10.1007/s13224-014-0665-6,Laparoscopic Hysterectomies: Our 10 Years Experience in a Single Laparoscopic Center,Bettaiah R,Reddy C,Bettaiah R; Reddy C,The Journal of Obstetrics and Gynecology of India,NA,2016,08,crossref,AAGL2018_051
10.1016/j.ijgo.2013.06.036,Learning curve analysis of the first 100 robotic‐assisted laparoscopic hysterectomies performed by a single surgeon,Lin J,Huang J,Lin J; Frey M; Huang J,International Journal of Gynecology &amp; Obstetrics,"AbstractObjectiveTo review the first 100 cases of robotic‐assisted hysterectomy performed by an individual surgeon.MethodsA retrospective cohort study of the first 100 consecutive patients who underwent robotic‐assisted hysterectomy by a newly trained minimally invasive gynecologic surgeon was conducted. Demographic factors and short‐term surgical outcome variables were abstracted from medical records. We examined univariate associations and performed multivariable modeling with linear regression, and modeled the learning curve for total operative time using power‐law function.ResultsMean age was 46 years; mean body mass index was 27.8 kg/m2. Median operative time was 120 minutes; median estimated blood loss was 100 mL. On multivariable analysis, case number (β –0.296; P &lt; 0.005) and uterine weight (β 0.330; P &lt; 0.005) independently predicted operative time, while uterine weight (β 0.387; P &lt; 0.005) independently predicted estimated blood loss. The point at which the slope of the case number–operative time curve crosses –1.0 is at case 28 when uncontrolled and at case 24 when controlled for other factors.ConclusionThere was a significantly decreased operative time for robotic‐assisted hysterectomies performed later in the surgeon's learning curve. Surgical proficiency, as measured by operative time, seemed to be attained after 20–30 cases.",2014,01,crossref,AAGL2018_051
10.1016/j.jmig.2019.09.502,Innovative Robotic System for Transvaginal Surgical Procedures,Zurawin R,Zurawin R,Zurawin R,Journal of Minimally Invasive Gynecology,NA,2019,11,crossref,AAGL2019_057
10.1007/978-3-031-96837-2_27,The Senhance Surgical Robotic System,Chekan E,Chekan E,Chekan E,Atlas of Robotic Reconstructive Procedures in Plastic Surgery,NA,2025,01,crossref,AAGL2019_057
10.1007/s11701-025-02438-7,Comment on “A registry-based modified IDEAL stage 2b evaluation of urological procedures performed using the Versius robotic surgical system”,Sah S,Sah R,Sah S; Sah R,Journal of Robotic Surgery,NA,2025,06,crossref,AAGL2019_057
10.1016/b978-0-12-814245-5.00001-3,"Senhance Surgical System: Robotic-Assisted Digital Laparoscopy for Abdominal, Pelvic, and Thoracoscopic Procedures",Pappas T,Nathan M,Pappas T; Fernando A; Nathan M,Handbook of Robotic and Image-Guided Surgery,NA,2020,01,crossref,AAGL2019_057
10.1007/s11701-025-02593-x,Robotic single port versus robotic multiple port transvaginal orifice transluminal endoscopic surgery hysterectomy: a comparison of surgical outcomes,Yang Q,Guan X,Yang Q; Kohn J; Guan X,Journal of Robotic Surgery,NA,2025,07,crossref,AAGL2019_057
10.1007/s11701-013-0431-2,Evaluation of robotic-assisted platysmaplasty procedures in a cadaveric model using the da Vinci Surgical System,Taghizadeh F,Paul M,Taghizadeh F; Reiley C; Mohr C; Paul M,Journal of Robotic Surgery,NA,2014,03,crossref,AAGL2019_057
10.1111/1744-1633.12024,Innovative surgical procedures,Lai P,Lai P,Lai P,Surgical Practice,NA,2013,08,crossref,AAGL2019_057
10.1007/978-3-319-45060-5_27,Robotic Surgical Procedures for Male Infertility,Parekattil S,Brahmbhatt J,Parekattil S; Brahmbhatt J,Atlas of Robotic Urologic Surgery,NA,2017,01,crossref,AAGL2019_057
10.9734/bjmmr/2014/8357,The Current Robotic da Vinci System has Limitations for Colorectal Surgical Procedures,Sami A,Sami A,Sami A,British Journal of Medicine and Medical Research,NA,2014,01,crossref,AAGL2019_057
10.5772/intechopen.88730,Robotic-Assisted Systems for Spinal Surgery,Kaushal M,Choi H,Kaushal M; Kurpad S; Choi H,Neurosurgical Procedures - Innovative Approaches,NA,2020,04,crossref,AAGL2019_057
10.1136/ijgc-2023-igcs.505,SF017/#575 Surgical procedures of single port robotic paraaortic lymphadenectomy,Kim S,Lee K,Kim S; Lee K,On-Demand Surgical Films,NA,2023,11,crossref,AAGL2019_057
10.1007/s11701-022-01418-5,Robotic and laparoscopic surgical procedures for colorectal cancer,Alekberzade A,Mena N,Alekberzade A; Borisov V; Kirov K; Mena N,Journal of Robotic Surgery,NA,2022,06,crossref,AAGL2019_057
10.1201/b17649-7,- Intraocular Robotic Surgical System,,,,Robotic Surgery,NA,2014,11,crossref,AAGL2019_057
10.1016/j.isurg.2022.06.002,Robotic transvaginal NOTES: A step-by-step approach to surgical technique,Thigpen B,Guan X,Thigpen B; Sun J; Guan X,Intelligent Surgery,NA,2022,09,crossref,AAGL2019_057
10.1007/978-3-031-72305-6_37,Robotic Surgical Procedures for Male Infertility,Ergun O,Parekattil S,Ergun O; Gudeloglu A; Parekattil S,The Comprehensive Atlas of Robotic Urologic Surgery,NA,2025,01,crossref,AAGL2019_057
10.1201/b17649-8,- Deployable Laparoscopic Robotic Surgical System,,,,Robotic Surgery,NA,2014,11,crossref,AAGL2019_057
10.5412/wjsp.v5.i1.99,Surgical management of rectal prolapse: The role of robotic surgery,Moghadamyeghaneh Z,Moghadamyeghaneh Z,Moghadamyeghaneh Z,World Journal of Surgical Procedures,NA,2015,01,crossref,AAGL2019_057
10.1007/978-3-319-43196-3_40,Robotic Surgery,Broeders I,Broeders I,Broeders I,Surgical Principles of Minimally Invasive Procedures,NA,2017,01,crossref,AAGL2019_057
10.1007/s11701-019-00961-y,Evaluation of a new robotic-assisted laparoscopic surgical system for procedures in small cavities,Bergholz R,Gidaro S,Bergholz R; Botden S; Verweij J; Tytgat S; Van Gemert W; Boettcher M; Ehlert H; Reinshagen K; Gidaro S,Journal of Robotic Surgery,NA,2020,02,crossref,AAGL2019_057
10.1016/j.jss.2013.11.849,Do We Need to Teach General Surgery Resident How to Perform Robotic Surgery? Residents’ Perception of Robotic-Assisted Procedures During Surgical Training,Farivar B,Leitman I,Farivar B; Flannagan M; Leitman I,Journal of Surgical Research,NA,2014,02,crossref,AAGL2019_057
10.1016/j.jmig.2019.09.525,Case Report: Ureteral Obstruction at the Time of Hysterectomy after Uterine Artery Embolization,Touchan F,Wahbe C,Touchan F; van der Does L; Haworth L; Wahbe C,Journal of Minimally Invasive Gynecology,NA,2019,11,crossref,AAGL2019_080
10.7759/cureus.20210,Unsuccessful Uterine Artery Embolization Requiring Subtotal Hysterectomy: A Case Report,Kontomanolis E,Souftas V,Kontomanolis E; Stylianou C; Mitropoulou S; Balomenos V; Souftas V,Cureus,NA,2021,12,crossref,AAGL2019_080
10.5772/60473,Artery Embolization of Uterine Fibroids as Alternative to Hysterectomy,Sofoudis C,Sofoudis C,Sofoudis C,Approaches to Hysterectomy,NA,2015,11,crossref,AAGL2019_080
10.5256/f1000research.155563.r325438,Peer Review Report For: Case Report: Uterine artery embolization after dysfunctional uterine bleeding due to incomplete abortion in female [version 1; peer review: 1 not approved],Liao A,Liao A,Liao A,NA,NA,2024,10,crossref,AAGL2019_080
10.12688/f1000research.142066.1,Case Report: Uterine artery embolization after dysfunctional uterine bleeding due to incomplete abortion in female,Jha S,Dhobale A,Jha S; Inamdar S; Dhobale A,F1000Research,"Dysfunctional uterine bleeding (DUB), a serious clinical challenge caused by incomplete abortion in female, calls for efficient and minimally invasive therapies to treat symptoms and protect reproductive health. Uterine artery embolization (UAE) has been discovered as a viable therapeutic strategy to treat DUB following an incomplete abortion. The existing information and clinical experience of UAE for this particular indication were thoroughly reviewed. A female’s quality of life may be negatively affected by incomplete abortion, which is defined as residual fetal tissue inside the uterine cavity. This frequently results in heavy and continuous uterine bleeding. Medical procedures and traditional management techniques such as dilatation and curettage (D&amp;C) do not always produce the desired effects or might have inherent dangers. UAE, a less invasive technique first developed for treating uterine fibroids, has shown promise as a substitute solution for DUB caused by an incomplete abortion.",2024,05,crossref,AAGL2019_080
10.14740/jcgo239w,The Comparison of Ovarian Reserve After Uterine Artery Embolization and Hysterectomy for Uterine Fibroma,Veisi,Veisi,Veisi ,Journal of Clinical Gynecology and Obstetrics,NA,2014,01,crossref,AAGL2019_080
10.22541/au.176170515.51166642/v1,Uterine Artery Embolization Combined with Hysteroscopy for the Treatment of Uterine Arteriovenous Malformation after Vaginal Delivery: A Case Report,Li X,Chen Y,Li X; Wei T; Yang D; Chen Y,NA,NA,NA,01,crossref,AAGL2019_080
10.5772/60845,"Uterine Artery Embolization as an Alternative to Hysterectomy, in Patients with Uterine Myomas",Androutsopoulos G,Decavalas G,Androutsopoulos G; Karnabatidis D; Michail G; Decavalas G,Approaches to Hysterectomy,NA,2015,11,crossref,AAGL2019_080
10.1016/j.radcr.2021.06.088,Endometrial cavity-myoma fistula after uterine artery embolization diagnosed by pelvic MRI: case report,Hajati A,Hajati A,Hajati A,Radiology Case Reports,NA,2021,10,crossref,AAGL2019_080
10.1097/md.0000000000012692,Indocyanine green angiography for preserving the ureteral branch of the uterine artery during radical hysterectomy,Long Y,Yao D,Long Y; Yao Y; Yao D,Medicine,"Abstract
          
            Rationale:
            Conventional radical hysterectomy is frequently associated with postoperative ureteral ischemic necrosis, urinary fistula, stenosis, and kidney seeper. Some have suggested that preserving the ureteral branch during radical hysterectomy may reduce the incidence of ureteral complications. However, the feasibility of such preservation has not been explored using intraoperative imaging techniques.
          
          
            Patient concerns:
            Two cervical cancer patients aged 45 and 53 years were selected to undergo surgery in our hospital in October 2017. Both patients showed normal function of major organs and no special treatment was deemed necessary based on their subjective symptoms and preoperative examination.
          
          
            Diagnoses:
            Both patients were diagnosed with cervical cancer in stage Ib1 according to the staging scheme of the International Federation of Gynecology and Obstetrics (FIGO 2009).
          
          
            Interventions:
            Two patients underwent ureteral branch-sparing radical hysterectomy. During surgery, indocyanine green (ICG) fluorescence angiography was used to identify the ureteral branch and evaluate perfusion of the uterine artery, its ureteral branch and the ureter.
          
          
            Outcomes:
            The uterine artery and ureteral branch were clearly labeled by green fluorescence, as were the distal serous layer of the ureter and tissue supplied by the ureteral branch. During 4-month follow-up, neither patient suffered hydronephrosis, ureteral fistula or stricture.
          
          
            Lessons:
            ICG angiography is a useful intraoperative imaging technique for identifying the ureteral branch and evaluating the branch-sparing surgery. Based on real-time angiography, sparing the ureteral branch can maintain blood supply to the ureter distal serous layer and neighboring tissues.
          ",2018,10,crossref,AAGL2019_080
10.58842/xwui5269,Total hysterectomy in uterine arteriovenous malformation refractory to re-embolization: a case report.,,,,Revista Ocronos,NA,2023,01,crossref,AAGL2019_080
10.7759/cureus.37854,A Case of Placenta Accreta Infection Managed by Hysterectomy After Treatment for Retained Products of Conception With Uterine Artery Embolization and Hysteroscopy,Fukuoka H,Oyama N,Fukuoka H; Sato H; Okabe M; Togashi K; Oyama N,Cureus,NA,2023,04,crossref,AAGL2019_080
10.1016/j.crwh.2020.e00186,Pyomyoma after uterine artery embolization: A case report,Ezzedine D,David A,Ezzedine D; Ndubizu C; Kayani S; David A,Case Reports in Women's Health,NA,2020,04,crossref,AAGL2019_080
10.1016/j.crwh.2023.e00551,Uterine rupture in a term pregnancy after a previous uterine artery embolization to manage a large fibroid. A case report,Saleem H,Ba'Abbad L,Saleem H; Albalwi N; Ba'Abbad L,Case Reports in Women's Health,NA,2023,09,crossref,AAGL2019_080
10.7759/cureus.61081,Symptomatic Calcified Uterine Fibroids Refractory to Repeat Uterine Artery Embolization: A Case Report,Baker C,Jones J,Baker C; Indir P; Handy K; Jones J,Cureus,NA,2024,05,crossref,AAGL2019_080
10.1016/j.xagr.2025.100449,Nongravid incarcerated uterus with leiomyomas treated with uterine artery embolization and hysterectomy: a case report,Kuo K,Embil J,Kuo K; Holmes S; Tomlinson J; Klippenstein P; Trepman E; Embil J,AJOG Global Reports,NA,2025,02,crossref,AAGL2019_080
10.1016/j.jmig.2020.08.225,Uterine Artery Embolization and Hysterectomy: An Interesting Case of Pelvic Congestion Syndrome and Uterine Arteriovenous Malformation,Womack A,Mourad J,Womack A; Mourad J,Journal of Minimally Invasive Gynecology,NA,2020,11,crossref,AAGL2019_080
10.1155/2016/6921280,Buttock Necrosis after Uterine Artery Embolization for Delayed Hysterectomy in Placenta Percreta,Smith D,Tergas A,Smith D; Perez-Delboy A; Burke W; Tergas A,Case Reports in Obstetrics and Gynecology,"Background. Morbidly adherent placenta (MAP) is increasing in incidence and is commonly associated with maternal hemorrhage and cesarean hysterectomy. Uterine artery embolization (UAE) may be utilized in the conservative management of placenta percreta to potentially reduce blood loss. The incidence of complications from UAE in the conservative management of placenta percreta is poorly described. To our knowledge, we present the first reported case of buttock necrosis in this setting. Case. A 39-year-old gravida nine para two with placenta percreta who underwent conservative management with UAE complicated by right buttock necrosis. Conclusion. While UAE may potentially decrease blood loss, it is not without risk. More studies must be performed in order to quantify those risks and determine the clinical utility of UAE.",2016,01,crossref,AAGL2019_080
10.1016/j.ijscr.2015.04.026,Acute rectal ischaemia after bilateral uterine artery embolization and urgent hysterectomy to treat massive bleeding,Didnée A,Michel C,Didnée A; Philippei P; Marc-Henri J; Louisa S; Michel C,International Journal of Surgery Case Reports,"ABSTRACT
                  
                    INTRODUCTION:
                    This is the first case of total rectal and anal canal necrosis following uterine arteries embolization described in the literature.
                  
                  
                    PRESENTATION OF CASE:
                    A 34 year-old woman suffered from massive Post Partum Haemorrhage. A vascular surgeon performed bilateral uterine arteries embolization with absorbable gelatin sponge which did not allowed a sufficient control of the bleeding, leading to hysterectomy.
                    Perineal gangrene was diagnosed on day 10 on CT scan, pelvic MRI, and rectosigmoidoscopy. The etiology was a rectal ischaemia going from the level of the second sacral vertebra to the anal canal. Drainage and a lateral laparoscopic sigmoidostomy were associated to antibiotherapy.
                  
                  
                    DISCUSSION:
                    Ornan et al. described complications of bilateral uterine arteries embolization in a serie of 28 patients with post partum haemorrhage. One of these patients presented a necrotic segment of small bowel 7 days after the embolization, she required a surgery. The hypothesis for these kinds of complications is the migration of the gelatine sponge particles.
                  
                  
                    CONCLUSION:
                    This rare but life-threatening complication has never been reported before and should be known when considering perineal pain after bilateral uterine arteries embolization.
                  
                  
                    Highlights
                  ",2015,01,crossref,AAGL2019_080
10.37766/inplasy2024.2.0021,Uterine artery embolization versus hysterectomy for hysteromyoma: a meta-analysis of ovarian function,Li L,Xia F,Li L; Liu Y; Xia F,NA,NA,2024,02,crossref,AAGL2019_080
10.1016/j.jmig.2019.09.540,Hormonal Support after Adhesiolysis in Women with Asherman's Syndrome: Life Birth and Obstetrical Outcome,Hanstede M,Emanuel M,Hanstede M; Emanuel M,Journal of Minimally Invasive Gynecology,NA,2019,11,crossref,AAGL2019_095
10.1016/j.jmig.2018.09.113,Hormonal Support after Adhesiolysis in Women with Asherman's Syndrome: An RCT and 1 Year Follow Up,Hanstede M,Hanstede M,Hanstede M,Journal of Minimally Invasive Gynecology,NA,2018,11,crossref,AAGL2019_095
10.1016/j.fertnstert.2014.07.1014,Hysteroscopic adhesiolysis for asherman’s syndrome: live-birth rate and factors affecting reproductive outcome after surgery,Han W,Han W,Han W,Fertility and Sterility,NA,2014,09,crossref,AAGL2019_095
10.2147/ijwh.s151283,The effect of endometrial thickness on pregnancy outcome in patients with Asherman&amp;rsquo;s syndrome post-hysteroscopic adhesiolysis,Baradwan S,Al-Jaroudi D,Baradwan S; Shafi D; Baradwan A; Bashir M; Al-Jaroudi D,International Journal of Women's Health,NA,2018,02,crossref,AAGL2019_095
10.1016/j.ejogrb.2019.02.030,A cohort study comparing the severity and outcome of intrauterine adhesiolysis for Asherman syndrome after first- or second-trimester termination of pregnancy,Zhu R,Duan H,Zhu R; Gan L; Wang S; Duan H,European Journal of Obstetrics &amp; Gynecology and Reproductive Biology,NA,2019,07,crossref,AAGL2019_095
10.1002/rmb2.12526,Hormonal support in women with Asherman syndrome does not lead to better outcomes: A randomized trial,Hanstede M,Emanuel M,Hanstede M; van Stralen K; Molkenboer J; Veersema S; Emanuel M,Reproductive Medicine and Biology,"AbstractPurposeThe purpose of the study was to investigate if adjuvant hormones after successful adhesiolysis lead to a reduction in spontaneous recurrence of adhesions and influence reproductive outcomes.MethodsA single‐blind randomized controlled trial comparing administration of oral estrogen (the usual care group) with not giving estrogen (no estrogen) in women after successful adhesiolysis for Asherman syndrome. Women were included between September 2013 and February 2017, with a follow‐up of 3 years to monitor recurrences and reproductive outcomes. Analyses were based on an intention to treat analyses. This study was registered under NL9655.ResultsA total of 114 women were included. At 1 year, virtually all patients (except 3) were either having a recurrence or were pregnant. Women who did not receive estrogen did not have more recurrences of adhesions in the first year prior to pregnancy (66.1% in the usual care group, 52.7% in the no‐estrogen group, p = 0.15). Of the women in usual care, 89.8% got pregnant within 3 years, and 67.8% got a living child; this was 83.6% and 60.0%, respectively, in the no‐estrogen group (p = 0.33 and p = 0.39, respectively).ConclusionUsual care does not lead to better outcomes as compared with not giving exogenous estrogen but is associated with side effects.",2023,01,crossref,AAGL2019_095
10.22541/au.168674223.33930854/v1,History of hysteroscopic adhesiolysis treated intrauterine adhesions and subsequent risk of adverse obstetrical outcome: a matched cohort study of Chinese pregnant women,Li X,Wang B,Li X; Hong W; Wu Z; Li L; Wang B,NA,"Objective: To examine whether women with a history of
hysteroscopic adhesiolysis (HA)-treated intrauterine adhesions (IUAs)
were at higher risk of adverse obstetrical outcomes in subsequent
pregnancies. Design: Retrospective cohort study.
Setting: A tertiary-care hospital in Shanghai, China.
Population: 114,142 pregnant women who were issued an antenatal
card and received routine antenatal care in Shanghai First Maternity and
Infant Hospital between January 2016 and October 2021. Methods:
From the cohort of 114,142 pregnant women, women with history of
HA-treated IUAs before this pregnancy (N=780) were compared with 4 women
with no history of IUAs (N=3010) matched on propensity score, maternal
age and parity, mode of conception, pre-pregnancy BMI and prior history
of abortion. Main outcome measures: Pregnancy complications,
placental abnormalities, postpartum hemorrhage and adverse birth
outcomes. Results: Compared with women with no
history of IUAs, women with a history of HA-treated IUAs were at higher
risks of preeclampsia (RR=1.69, 95% CI, 1.23, 2.33), placenta accreta
spectrum (RR=4.72, 95% CI, 3.9, 5.73) and previa (RR=4.23, 95% CI,
2.85, 6.30), postpartum hemorrhage (RR=2.86, 95% CI, 1.94, 4.23),
preterm premature rupture of membranes (RR=3.02, 95% CI, 1.97, 4.64)
and iatrogenic preterm birth (RR=2.86, 95% CI, 2.14, 3.81) . Those
women were also more likely to receive cervical cerclage (RR=5.63, 95%
CI, 3.95, 8.02) during pregnancy and hemostatic therapies after delivery
(RR=2.17, 95% CI, 1.75, 2.69). Moreover, we observed that the RRs of
those adverse obstetrical outcomes increased with the increasing number
of hysteroscopic surgeries. Conclusion: Our findings suggest
that pregnant women with a history of HA-treated IUAs, especially those
with a history of repeat HAs, are at higher risk of adverse obstetrical
outcomes. Key words: hysteroscopic adhesiolysis, obstetrical
outcomes, propensity score matching, cohort study",NA,01,crossref,AAGL2019_095
10.21276/obgyn.2016.3.1.11,Vault fistula after caesarean hysterectomy may be confused with Asherman syndrome,,,,The New Indian Journal of OBGYN,NA,2016,07,crossref,AAGL2019_095
10.1093/humrep/deac104.070,O-060 Surgical and pregnancy outcomes following hysteroscopic adhesiolysis using bipolar electrosurgery in Asherman syndrome: a cohort study,AlEbrahim Y,Mohiyiddeen L,AlEbrahim Y; Lokman M; Mohiyiddeen L,Human Reproduction,"Abstract
               
                  Study question
                  To compare outcomes of electrosurgical hysteroscopy using bipolar Versapoint in managing Asherman syndrome (AS) to the current evidence on optimal methods
               
               
                  Summary answer
                  The surgical technique using bipolar Versapoint showed similar surgical and pregnancy outcomes to both cold scissor and other electrosurgical methods in patients with AS
               
               
                  What is known already
                  AS, or intrauterine adhesions, is associated with trauma to the uterine cavity although other risk factors have been considered.
                  Hysteroscopic surgery is gold standard. However, various techniques are described within the literature. Notably, there is no consensus on the use of cold scissors (CS) or electrosurgery (ES) in adhesiolysis. A 2021 meta-analysis demonstrated reduced adhesion recurrence with CS but no significant difference in pregnancy outcome between the two modalities.
                  Post-adhesiolysis use of the intrauterine copper device (IUCD) and hyaluronic acid-based gels have demonstrated reduced recurrence of intrauterine adhesions.
               
               
                  Study design, size, duration
                  This cohort study followed 45 patients with AS from 2014 to 2020 at St Mary’s Hospital, a tertiary unit in Manchester, United Kingdom.
               
               
                  Participants/materials, setting, methods
                  Adhesiolysis was performed with Versapoint, bipolar electrode, under general anaesthetic. A barrier device such as the IUCD or Hyalobarrier, a hyaluronic acid gel, was inserted post-adhesiolysis. Oral oestrogen was commenced post-operatively. Uterine cavity assessment was undertaken in the outpatient hysteroscopy clinic. Some of these patients then underwent assisted conception. Retrospective and contemporaneous data collection was undertaken using paper and digital documentation and direct patient communication.
               
               
                  Main results and the role of chance
                  In total, 45 cases were studied. The mean age at time of adhesiolysis was 37 (range 29-46). The IUCD was used in 13/45 (29%) and Hyalobarrier was used in 32/45 (71%) patients.
                  Follow-up was documented in 32/45 patients. 5/32 patients were pregnant prior to appointment within 3 months of procedure. Documented second look hysteroscopy was available for 27 patients. 22/27 (81%) patients had a normal uterine cavity and 5/27 (19%) had persistent adhesions. The total rate of persistent adhesions was 5/32 (16%) which is similar to a recent meta-analysis of CS (8.6%, p = 0.21) and ES (23.4%, p=0.33).
                  Pregnancy outcomes were available in 41/45 patients. 4 patients were lost to follow-up.
                  21/45 (47%) patients achieved a pregnancy within 2 years of surgery. This is a similar pregnancy rate to that in the literature (CS 48%, p=0.93; ES 41%, p=0.57).
                  Of these patients, 18/45 (40%) had a live birth or an ongoing pregnancy over 12 weeks gestation. 7/45 (16%) experienced a miscarriage, of which 3 went on to have live births. 19/45 (42%) patients did not achieve pregnancy and 10 of these patients are pursuing IVF.
               
               
                  Limitations, reasons for caution
                  There was a limited sample size. There were delays in access to operating theatres and follow-up during the COVID-19 pandemic.
               
               
                  Wider implications of the findings
                  This ES technique using bipolar Versapoint is comparable to CS and alternate ES methods in other units. Bipolar Versapoint is safe, cost-effective and simple to use in management of AS. Hence, this supports the future adaptation of this procedure to the outpatient setting.
               
               
                  Trial registration number
                  N/A
               ",2022,06,crossref,AAGL2019_095
10.21037/atm.2020.03.117,Obstetrical outcome in the third trimester after hysteroscopic adhesiolysis,Torres-de la Roche L,De Wilde R,Torres-de la Roche L; Wallwiener M; De Wilde R,Annals of Translational Medicine,NA,2020,06,crossref,AAGL2019_095
10.1097/md.0000000000011797,The birth weight in pregnant women with Asherman syndrome compared to normal intrauterine cavity,Baradwan S,Al-Jaroudi D,Baradwan S; Baradwan A; Bashir M; Al-Jaroudi D,Medicine,NA,2018,08,crossref,AAGL2019_095
10.5180/jsgoe.33.186,A patient with refractory Asherman syndrome who conceived after hysteroscopic adhesiolysis in whom Asherman syndrome recurred,Shimada M,Hayasaka A,Shimada M; Tanabe K; Sasase A; Matsumoto S; Syoji S; Hosiai T; Hayasaka A,JAPANESE JOURNAL OF GYNECOLOGIC AND OBSTETRIC ENDOSCOPY,NA,2017,01,crossref,AAGL2019_095
10.1002/ijgo.13616,Analysis of risk factors for obstetric outcomes after hysteroscopic adhesiolysis for Asherman syndrome: A retrospective cohort study,Zhang Y,Lin X,Zhang Y; Zhu X; Zhang T; Zhang Y; Zhang M; Lin X,International Journal of Gynecology &amp; Obstetrics,"Abstract
                  
                    Objective
                    To investigate the factors influencing placenta accreta in pregnant women who previously underwent hysteroscopic adhesiolysis (HA).
                  
                  
                    Methods
                    This retrospective study enrolled 265 women with intrauterine adhesions (IUAs) at the Sir Run Run Shaw Hospital from January 2014 to December 2018. We followed up their pregnancy outcomes and maternal complications.
                  
                  
                    Results
                    The menstrual pattern and gestational history before operation were significantly different between the live birth and pregnancy loss groups. The age, extent of cavity involved, type of adhesions, times of adhesiolysis performed, and time interval from surgery to pregnancy were not significantly different between these two groups. In the third trimester, 48 of 140 patients had 53 perinatal complications, including placenta accreta (27), gestational diabetes mellitus (10), pregnancy‐induced hypertension (6), postpartum hemorrhage (4), intrahepatic cholestasis of pregnancy (2), placenta previa (1), oligohydramnios (1), and intrauterine growth restriction (1). Logistic regression analysis showed that extent of cavity involved and times of adhesiolysis performed were associated with placenta accreta.
                  
                  
                    Conclusion
                    The extent of cavity involved and times of adhesive separation surgeries were risk factors for placenta accreta in patients. The menstrual model and gestational history may provide the main predictive factors for pregnancy loss.
                  ",2022,01,crossref,AAGL2019_095
10.24198/obgynia.v7i3.603,Amniotic Membrane Graft and Hysteroscopic Adhesiolysis as Treatment for Asherman Syndrome Case,Rusly D,Djuwantono T,Rusly D; Ritonga M; Rachmawati A; Rinaldi A; Djuwantono T,Indonesian Journal of Obstetrics &amp; Gynecology Science,NA,2024,11,crossref,AAGL2019_095
10.53347/rid-175650,Asherman syndrome,Derrick M,Derrick M,Derrick M,Radiopaedia.org,NA,2023,09,crossref,AAGL2019_095
10.53347/rid-31328,Asherman syndrome,Pedrollo I,Pedrollo I,Pedrollo I,Radiopaedia.org,NA,2014,10,crossref,AAGL2019_095
10.1016/j.wombi.2015.07.027,Life after graduation – Professional issues and registration 101,Vogt T,Vogt T,Vogt T,Women and Birth,NA,2015,01,crossref,AAGL2019_095
10.1097/ogx.0b013e318289e3f9,Perinatal Outcome in Women Treated With Progesterone for the Prevention of Preterm Birth,,,,Obstetrical &amp; Gynecological Survey,NA,2013,02,crossref,AAGL2019_095
10.21037/atm.2019.09.123,Obstetrical outcome in the third trimester after hysteroscopic adhesiolysis,Feng Q,Xu D,Feng Q; Gao B; Huang H; Woo J; Zou L; Zhao X; Cheng C; Xu D,Annals of Translational Medicine,NA,2020,02,crossref,AAGL2019_095
10.53347/rid-88432,Asherman syndrome,Khan S,Khan S,Khan S,Radiopaedia.org,NA,2021,04,crossref,AAGL2019_095
10.1016/j.jmig.2020.08.057,Total Transvaginal Vaginal Hysterectomy Using a Novel Robotic Approach,Zurawin R,Zurawin R,Zurawin R,Journal of Minimally Invasive Gynecology,NA,2020,11,crossref,AAGL2020_035
10.29011/2575-9760.001455,Anterograde Transvaginal Total Hysterectomy: A Novel Surgical Approach to Hysterectomy,,,,Journal of Surgery,NA,2021,12,crossref,AAGL2020_035
10.5005/jp/books/12309_18,Hybrid Approach for Difficult Vaginal Hysterectomy,Wong W,Lee T,Wong W; Lee T,Vaginal Hysterectomy,NA,2014,01,crossref,AAGL2020_035
10.3389/fsurg.2023.1189196,Case report: a robotic-vaginal approach for total vaginectomy and hysterectomy with pelvic sentinel lymph node dissection in primary vaginal melanoma: a 10-step technique and literature review,Van Trappen P,Claes N,Van Trappen P; Lebbe I; De Cuypere E; Claes N,Frontiers in Surgery,"IntroductionPrimary vaginal melanoma is extremely rare, has a poor prognosis, and occurs mostly in elderly women. The diagnosis is based on histology and immunohistochemistry of a biopsy. Given the rarity of vaginal melanoma, no standardized treatment guidelines are established; however, surgery is the primary treatment modality in the absence of metastatic disease. Most reports in the literature are retrospective single cases, case series, and population-based studies. The open surgical approach is the main modality reported. Here, we report for the first time a 10-step combined robotic-vaginal technique, with en bloc resection of the uterus and total vagina, for treating clinically early-stage primary vaginal melanoma. In addition, the patient in our case underwent a robotic pelvic bilateral sentinel lymph node dissection. The literature on the surgical approach for vaginal melanoma is reviewed.Case presentationA 73-year-old woman was referred to our tertiary cancer center and was clinically staged according to the 2009 International Federation of Gynaecology and Obstetrics (FIGO) staging for vaginal cancer as FIGO-stage I (cT1bN0M0) and according to the American Joint Committee on Cancer (AJCC) for (cutaneous) Melanoma Staging as clinical stage IB. Preoperative imaging with magnetic resonance imaging, FDG-positron emission tomography-computed tomography, and ultrasound of the groins did not reveal any adenopathy nor metastases. The patient was planned for a combined vaginal and robotic en bloc total vaginectomy and hysterectomy, as well as a pelvic bilateral sentinel lymph node dissection.ResultsThe surgical procedure was performed in 10 steps described in this case report. The pathology revealed free surgical margins and negative test results for all sentinel lymph nodes. The postoperative recovery process was uneventful, and the patient was discharged on day 5.ConclusionThe main surgical approach reported for primary early-stage vaginal melanoma is open surgery. A minimally invasive surgical approach, described here as a combined vaginal-robotic en bloc total vaginectomy and hysterectomy, for the surgical treatment of early-stage vaginal melanoma enables precise dissection, low surgical morbidity, and fast recovery for the patient.",2023,05,crossref,AAGL2020_035
10.1016/j.jmig.2018.09.619,Transvaginal Notes as a Rescue for Total Vaginal Hysterectomy,Guan X,Kho R,Guan X; Bardawil E; Liu J; Kho R,Journal of Minimally Invasive Gynecology,NA,2018,11,crossref,AAGL2020_035
10.21203/rs.2.279/v2,WITHDRAWN: Cost-effectiveness of total laparoscopic hysterectomy and non-descent vaginal hysterectomy versus total abdominal hysterectomy: a multi-centre randomized controlled trial,,,,NA,"Abstract
                The authors have requested that this preprint be withdrawn due to erroneous posting.",NA,01,crossref,AAGL2020_035
10.1016/j.jmig.2024.09.852,11819 Robotic SP Transvaginal Notes Total Laparoscopic Hysterectomy with Bowel Endometriosis Shaving,Guan X,Lovell D,Guan X; Lovell D,Journal of Minimally Invasive Gynecology,NA,2024,11,crossref,AAGL2020_035
10.1016/j.jmig.2015.05.015,Total Vaginal NOTES Hysterectomy: A New Approach to Hysterectomy,Baekelandt J,Baekelandt J,Baekelandt J,Journal of Minimally Invasive Gynecology,NA,2015,09,crossref,AAGL2020_035
10.1016/j.lers.2021.11.002,Transvaginal natural orifice transluminal endoscopic surgery: A novel gasless technique to hysterectomy,Naval S,Rane J,Naval S; Jajoo S; Naval R; Rane J,"Laparoscopic, Endoscopic and Robotic Surgery",NA,2022,03,crossref,AAGL2020_035
10.1016/j.jmig.2013.08.573,"Vaginal Hysterectomy, Abdominal Hysterectomy, Robotic Laparoscopic Hysterectomy &amp; Laparoscopic Assisted Vaginal Hysterectomy, Comparative Study Including the Clinical Outcomes and the Cost",Hanafi M,Hanafi M,Hanafi M,Journal of Minimally Invasive Gynecology,NA,2013,11,crossref,AAGL2020_035
10.26226/morressier.597eedbfd462b80296ca0fa8,TOTAL LAPAROSCOPIC HYSTERECTOMY VERSUS LAPAROSCOPIC-ASSISTED VAGINAL HYSTERECTOMY FOR THE MANAGEMENT OF ENDOMETRIAL CANCER,Arnoldas B,Arnoldas B,Arnoldas B,NA,NA,NA,01,crossref,AAGL2020_035
10.7860/jcdr/2022/53257.15951,Vaginal Cuff Closure by Endosuturing in Total Laparoscopic Hysterectomy as Compared to Transvaginal Route of Suturing,Singh P,Mansuri M,Singh P; Bamniya J; Chakravarti N; Dholakiya S; Mansuri M,JOURNAL OF CLINICAL AND DIAGNOSTIC RESEARCH,"Introduction: In present times, Total Laparoscopic Hysterectomy (TLH) is one of the commonly performed gynaecological procedure. Vaginal vault or cuff closure is crucial and critical in performance of TLH. During TLH, vaginal vault or cuff closure is done using a variety of available sutures. The techniques of suturing and approaches, either endoscopic or transvaginal, can vary. The skill, experience and preference of the surgeon counts in the final outcome of the surgery.  Aim: To compare and study the frequency of minor and major complication rates of intracorporeal (endosuturing) cuff closure technique and routinely used transvaginal route of suturing vaginal vault in TLH.  Materials and Methods: This prospective cohort research was conducted in the tertiary care hospital from May 2018 to December 2019. A total of 102 TLH were studied. In 51 cases (50%), vault was sutured endoscopically and in other 51 cases (50%), vault was sutured transvaginal, using single continuous interlocking suturing of vaginal vault with Vicryl 1-0 in all cases. Statistical analysis was done using Statistical Package for the Social Sciences (SPSS) software version 24.0.  Results: In the follow-up of three months period, there were no cases of Vaginal Cuff Dehiscence (VCD). In present study, 21 cases (20.6%) out of 102 presented with vaginal cuff complications. A 15.7% cases with minor vaginal cuff complications were noted in laparoscopic endosuturing group and 25.5% cases of vaginal suturing group presented with minor vaginal cuff complications.  Conclusion: Both the techniques of suturing the vaginal vault following laparoscopic hysterectomy delivered the desired results. The laparoscopic route of suturing vaginal cuff following TLH had lesser complication rate though not statistically significant over vaginal route and none of the two groups had any major complication (VCD).",2022,01,crossref,AAGL2020_035
10.18556/touchsurgery/2018.s0112,Total Vaginal Hysterectomy with Bilateral Salpingectomy,,Pasic R, ; Pasic R,NA,NA,2017,01,crossref,AAGL2020_035
10.5772/intechopen.101383,Perspective Chapter: Total Vaginal Hysterectomy for Unprolapsed Uterus,Bratila P,Bratila P,Bratila P,"Hysterectomy - Past, Present and Future","Vaginal hysterectomy was the first method to extract the uterus. Vaginal hysterectomy goes back a long way into the history of medicine. Although the first hysterectomy was carried out by Themison of Athens in the year 20 B.C., the idea of extracting the uterus through the vagina was first mentioned in 120 B.C. by Soranus of Ephesos, a distinguished obstetrician. The first elective vaginal hysterectomy was performed by J. Conrad Langenbeck in 1813. The patient was a 50-year-old multipara, who suffered from chronic pelvic pain attributed to a prolapsed uterus with a hard, bleeding tumor. The operation was carried out in challenging conditions, without anesthesia, proper instruments, or surgical assistants. Until the early 1950s, vaginal hysterectomy was the method of choice for removing the uterus. With the widespread introduction of general anesthesia and antibiotic therapy, the site of vaginal hysterectomy was taken over by abdominal hysterectomy. With the introduction of minimally invasive surgery in gynecology, vaginal hysterectomy has regained its place. Harry Reich performed the first total laparoscopic hysterectomy in 1989, being one of the most renowned vaginal surgeons, and he still claims at the beginning of the 21st century that … when the first choice of approach for hysterectomy is possible, is the vaginal route. This chapter presents the relevant anatomy from the point of view of the vaginal surgeon and the standard technique used by the author in over 5,000 vaginal hysterectomies. All intraoperative drawings and photographs are original.",2022,09,crossref,AAGL2020_035
10.18556/touchsurgery/2017.s0112,Total Vaginal Hysterectomy with Bilateral Salpingectomy,,Pasic R, ; Pasic R,NA,NA,2017,01,crossref,AAGL2020_035
10.1007/978-3-319-22497-8_118,Vaginal Total Hysterectomy in Benign Indications: Hysterectomy Techniques with Bipolar Diathermy System,Mehta S,Singla A,Mehta S; Singla A,Hysterectomy,NA,2018,01,crossref,AAGL2020_035
10.1007/978-3-319-22497-8_116,Vaginal Total Hysterectomy in Benign Indications: Hysterectomy Techniques in the Normal-Sized Uterus,Stark M,Belci D,Stark M; Belci D,Hysterectomy,NA,2018,01,crossref,AAGL2020_035
10.1097/dcr.0000000000000707,Robotic Total Abdominal Hysterectomy With Bilateral Salpingo-oophorectomy and Low Anterior Resection with Transvaginal Specimen Extraction and Intracorporeal Colonic J-Pouch Construction: A Multidisciplinary Approach,Lawson E,Francone T,Lawson E; Wright V; Francone T,Diseases of the Colon &amp; Rectum,NA,2017,03,crossref,AAGL2020_035
10.1007/978-3-319-22497-8_65,Robotic-Assisted Total Hysterectomy: Hysterectomy Techniques for the Large Uterus,Silasi D,Silasi D,Silasi D,Hysterectomy,NA,2018,01,crossref,AAGL2020_035
10.5505/abantmedj.2013.41636,"The Evaluation of the Perioperative and Postoperative Outcomes of the Laparoscopy Assisted Vaginal Hysterectomy, Total Vaginal Hysterectomy and Total Abdominal Hysterectomy",Afsar S,Guzin K,Afsar S; Karaalp E; Yigit A; Eroglu M; Guzin K,Abant Medical Journal,NA,2013,01,crossref,AAGL2020_035
10.1016/j.jmig.2021.09.005,Go Wide before Closing in: A Safe Approach to Minimally Invasive Hysterectomy for a Large Broad Ligament Leiomyoma,Kashi K,Kashi K,Kashi K,Journal of Minimally Invasive Gynecology,NA,2021,11,crossref,AAGL2021_004
10.1016/j.jmig.2023.08.252,9625 Laparoscopic Retrograde Hysterectomy for a Large Broad Ligament Fibroid,Sakate S,Andou M,Sakate S; Ochi Y; Andou M,Journal of Minimally Invasive Gynecology,NA,2023,11,crossref,AAGL2021_004
10.1016/j.jmig.2025.09.448,"14244 Subtotal Hysterectomy with Large Paracervical Broad Ligament Fibroid Using the ""Terraces Rice Fields Technique.""",Nash R,Lam A,Nash R; Lam A,Journal of Minimally Invasive Gynecology,NA,2025,11,crossref,AAGL2021_004
10.1016/j.jmig.2022.09.344,7911 Laparoscopic Intraligamentous Broad Ligament Leiomyoma Myomectomy and Closure,Hsu R,Kliethermes C,Hsu R; Rausch J; Kliethermes C,Journal of Minimally Invasive Gynecology,NA,2022,11,crossref,AAGL2021_004
10.1016/j.jmig.2012.08.390,Management of Broad Ligament Leiomyoma in Preoperative Diagnosis and Laparoscopic Myomectomy,Kobori H,Fujioka S,Kobori H; Watari A; Fujioka S,Journal of Minimally Invasive Gynecology,NA,2012,11,crossref,AAGL2021_004
10.1016/j.jmig.2024.09.846,11797 vNOTES Hysterectomy Technique in a Case With Big Broad Ligament Fibroid,Naval S,Naval S,Naval S,Journal of Minimally Invasive Gynecology,NA,2024,11,crossref,AAGL2021_004
10.53347/rid-49751,Large broad ligament leiomyoma,Malti M,Malti M,Malti M,Radiopaedia.org,NA,2016,12,crossref,AAGL2021_004
10.1016/j.jmig.2012.08.458,Minimally Invasive Approach to an 18cm Broad Ligament Myoma,Mama S,Davis S,Mama S; Davis S,Journal of Minimally Invasive Gynecology,NA,2012,11,crossref,AAGL2021_004
10.1016/j.jmig.2013.08.205,Laparoscopic Resection of the Large Broad Ligament Fibroid,Song J,Song J,Song J,Journal of Minimally Invasive Gynecology,NA,2013,11,crossref,AAGL2021_004
10.1016/j.jmig.2024.09.911,12176 Laparoscopic Hysterectomy With Broad Ligament Fibroid: Tips &amp; Tricks,Sendukas E,Chohan L,Sendukas E; Eleazu R; Nijjar J; Chohan L,Journal of Minimally Invasive Gynecology,NA,2024,11,crossref,AAGL2021_004
10.4103/jmu.jmu_2_18,Huge broad ligament fibroid with paracervical extension: A safe approach by same setting myomectomy before hysterectomy,El-Agwany A,El-Agwany A,El-Agwany A,Journal of Medical Ultrasound,NA,2018,01,crossref,AAGL2021_004
10.1016/j.jmig.2022.09.211,Laparoscopic Myomectomy of Large Broad Ligament Fibroid,King N,Lee T,King N; Lee T,Journal of Minimally Invasive Gynecology,NA,2022,11,crossref,AAGL2021_004
10.1016/j.jmig.2014.10.003,"Laparoscopic Resection of a Rare, Large Broad Ligament Myoma",Song J,Song J,Song J,Journal of Minimally Invasive Gynecology,NA,2015,05,crossref,AAGL2021_004
10.1016/j.jmig.2019.09.011,The Retroperitoneal Approach to a Broad Ligament Fibroid,Newcomb L,Mansuria S,Newcomb L; Mansuria S,Journal of Minimally Invasive Gynecology,NA,2019,11,crossref,AAGL2021_004
10.1016/j.jmig.2020.08.113,A Stepwise Approach to Broad Ligament Fibroids,Carbaugh E,Mansuria S,Carbaugh E; Miles S; Mansuria S,Journal of Minimally Invasive Gynecology,NA,2020,11,crossref,AAGL2021_004
10.1016/j.jmig.2018.09.639,Laparoscopic Ureteric Dissection in Case of Difficult Broad Ligament Fibroid with Total Laparoscopic Hysterectomy,Bakre T,Chitale M,Bakre T; Puntambekar S; Puntambekar S; Desai R; Chitale M,Journal of Minimally Invasive Gynecology,NA,2018,11,crossref,AAGL2021_004
10.1016/j.jmig.2012.08.037,Overcoming the Large Uterus: Retroperiotneal Approach to Robotic Hysterectomy,Orady M,Orady M,Orady M,Journal of Minimally Invasive Gynecology,NA,2012,11,crossref,AAGL2021_004
10.1016/j.jmig.2025.09.346,13029 Safe Surgical Resection of a Large Pararectal / Paravaginal Leiomyoma,Heredia F,Escalona J,Heredia F; Donetch G; Heredia F; Arévalo M; Arévalo I; Escalona J,Journal of Minimally Invasive Gynecology,NA,2025,11,crossref,AAGL2021_004
10.1016/j.jmig.2020.08.109,Minimally Invasive Surgical Approaches for Broad Ligament Fibroids,Tamhane N,Mikhail E,Tamhane N; Mikhail E,Journal of Minimally Invasive Gynecology,NA,2020,11,crossref,AAGL2021_004
10.1016/j.jmig.2013.08.635,Broad Ligament Myomectomy,Holloran-Schwartz M,Holloran-Schwartz M,Holloran-Schwartz M,Journal of Minimally Invasive Gynecology,NA,2013,11,crossref,AAGL2021_004
10.1016/j.jmig.2021.09.022,Robotic Trachelectomy for Cervical Myoma after Partial Hysterectomy,Corinti M,Barison G,Corinti M; Cutrim P; Pessoa P; Alvarenga-Bezerra V; Vieira Gomes M; Barison G,Journal of Minimally Invasive Gynecology,NA,2021,11,crossref,AAGL2021_021
10.1007/978-3-319-22497-8_121,Trachelectomy: Removal of Cervical Stump Following Supracervical Hysterectomy,Mueller M,Kenton K,Mueller M; Kenton K,Hysterectomy,NA,2018,01,crossref,AAGL2021_021
10.1136/ijgc-2022-igcs.591,SF031/#895 Single-port robotic hysterectomy after the previous trachelectomy,Choi B,Jung G,Choi B; Lee K; Jung G,On-Demand Surgical Films,NA,2022,12,crossref,AAGL2021_021
10.26226/morressier.5770e29bd462b80290b4baa2,Combined robotic and vaginal radical trachelectomy in patients with early cervical cancer – more precise and oncologically safer than total robotic trachelectomy,Kim D,Kim D,Kim D,NA,NA,NA,01,crossref,AAGL2021_021
10.1016/j.jmig.2022.09.242,Single Port Robotic Hysterectomy after the Previous Robotic Radical Trachelectomy,Choi B,Jung G,Choi B; Lee K; Jung G,Journal of Minimally Invasive Gynecology,NA,2022,11,crossref,AAGL2021_021
10.1007/978-3-030-53594-0_124,Robotic-Assisted Radical Hysterectomy and Trachelectomy,Nezhat F,Lakhi N,Nezhat F; Corbo A; Lakhi N,Robotic Surgery,NA,2021,01,crossref,AAGL2021_021
10.1016/j.ygyno.2026.01.198,Evaluating birth outcomes in early cervical cancer after trachelectomy versus hysterectomy: A cost-effective analysis,Barger A,Huepenbecker S,Barger A; Walker A; Huepenbecker S,Gynecologic Oncology,NA,2026,02,crossref,AAGL2021_021
10.26226/morressier.5770e29dd462b80290b4c4bf,EARLY EXPERIENCE WITH SAME-DAY DISCHARGE AFTER RADICAL HYSTERECTOMY OR RADICAL TRACHELECTOMY,Casanova J,Casanova J,Casanova J,NA,NA,NA,01,crossref,AAGL2021_021
10.1007/s11701-025-02540-w,Robotic radical trachelectomy in early stage cervical cancer,Heras M,Coronado P,Heras M; Gracia M; Coronado P,Journal of Robotic Surgery,NA,2025,07,crossref,AAGL2021_021
10.1016/j.ygyno.2017.03.440,Local cervical recurrence after radical trachelectomy for early-stage cervical cancer: Is completion hysterectomy necessary?,Shindo M,Sonoda Y,Shindo M; Leitao M; Gardner G; Jewell E; Chi D; Abu-Rustum N; Sonoda Y,Gynecologic Oncology,NA,2017,06,crossref,AAGL2021_021
10.1093/jscr/rjac557,Abdominal trachelectomy in a case of cervical myoma as a fertility sparing surgery,Gari A,Alrajhi B,Gari A; Alrajhi B,Journal of Surgical Case Reports,"Abstract
               Cervical leiomyoma is considered a rare pathology with limited treatment options especially if preserving fertility is a concern. Traditional fertility-preserving surgery such as myomectomy has been the mainstay of management if it is possible (Ferrari F, Forte S, Valenti G, Ardighieri L, Barra F, Esposito V, et al. Current treatment options for cervical leiomyomas: a systematic review of literature. Medicina (Kaunas) 2021;57:1–15). Trachelectomy was described as fertility-preserving surgery in patients with early-stage cervical cancer. However, recent studies manage patients with trachelectomy for benign pathology and suggest that; it as an alternative option that otherwise will be treated as hysterectomy (Ferrari F, Forte S, Valenti G, Ardighieri L, Barra F, Esposito V, et al. Current treatment options for cervical leiomyomas: a systematic review of literature. Medicina (Kaunas) 2021;57:1–15). A 33-year-old female, Para 3, referred to a gynecology clinic with a history of heavy menstrual flow, pelvic pain and pressure symptoms. She is known case of fibroid uterus however after having done pelvic MRI with contrast it confirmed the diagnosis of cervical myoma, measured 10 cm × 10 cm, which is intraoperatively managed by trachelectomy as a fertility preservation surgery. The surgery was complicated by ureterovaginal fistula, which was managed with a DJ stent conservatively. Cervical myoma is a rare pathology, and trachelectomy should be considered as an option for a woman who wants to preserve her fertility. Complication and obstetrical outcome should be discussed with the patient; hence, more studies are needed to address the management of cervical myoma, surgical complications and outcome of this procedure, especially in a benign condition.",2022,12,crossref,AAGL2021_021
10.20944/preprints202411.0801.v1,Robotic Radical Trachelectomy in Early-Stage Cervical Cancer,Heras M,Coronado P,Heras M; Gracia M; Coronado P,NA,"Background/Aim: Radical trachelectomy represents an alternative for early-stage cervical cancer in patients who want to preserve fertility. This procedure can be performed by vaginal, open or minimal invasive approach. The robotic approach may offer some advantages, especially for the surgeon&amp;acute;s ergonomics. Since the evidence is still scarce, larger studies are needed. Our objective is to present a retrospective review of our experience with robotic radical trachelectomy. Methods: Descriptive study carried out in Clinico San Carlos University Hospital, Madrid, Spain. We included all our patients with early- stage cervical cancer that wished to preserve fertility, from 2023 to 2022. The surgery included bilateral pelvic lymphadenectomy followed by radical trachelectomy and cervical cerclage after confirmation of absence of nodal metastasis. Demographic data of the study population, perioperative and oncological outcomes were analyzed. Results: 7 patients who underwent radical robotic trachelectomy were studied. Median patient age was 30 (range 23-35) years old. Median body mass index was 24 (range 19-28). Tumor histology was squamous cell carcinoma in 57% (4) and adenocarcinoma in 43% (3) of the patients. Median surgical time was 285 (range 247-315) minutes. The median of pelvic nodes obtained was 15 (range 12-40). Two postoperative complications were observed. One patient tried to conceived and had preterm labor. One patient died of the disease. Conclusions: In selected cases robotic radical trachelectomy is a safe option for patients that wish to preserve their fertility with similar rates of oncological safety and complications than open procedures and a shorter recovery time.",NA,01,crossref,AAGL2021_021
10.26226/morressier.599bdc7ad462b80296ca0d54,"BOWEL-, BLADDER- AND SEXUAL FUNCTION AFTER ROBOTIC ASSISTED RADICAL HYSTERECTOMY FOR EARLY STAGE CERVICAL CANCER- A ONE YEAR PROSPECTIVE STUDY",Wallin E,Wallin E,Wallin E,NA,NA,NA,01,crossref,AAGL2021_021
10.1016/j.ijgc.2024.100502,"Surgical Technique Of A Robotic Hysterectomy 16 Years After Radical Trachelectomy, A Rare Indication",Bhagat N,Shylasree T,Bhagat N; Barbara C; Yule K; Shylasree T,International Journal of Gynecological Cancer,NA,2025,02,crossref,AAGL2021_021
10.4236/ojog.2022.127056,Vaginal Trachelectomy for Retained Cervical Stump after Supracervical Hysterectomy: Technical Tips and Outcomes,Ayaty M,Wahab H,Ayaty M; Khalifa H; Abohleka S; Wahab H,Open Journal of Obstetrics and Gynecology,NA,2022,01,crossref,AAGL2021_021
10.4293/jsls.2016.00027,Robotic Trachelectomy After Supracervical Hysterectomy for Benign Gynecologic Disease,Tsafrir Z,Eisenstein D,Tsafrir Z; Aoun J; Hanna R; Papalekas E; Schiff L; Theoharis E; Eisenstein D,JSLS : Journal of the Society of Laparoendoscopic Surgeons,NA,2016,01,crossref,AAGL2021_021
10.2139/ssrn.4869607,Oncological Outcomes after Vaginal and Robotic-Assisted Radical Trachelectomy in Patients with Cervical Cancer- a Single-Center Prospective Cohort Study,Soltanizadeh S,Høgdall C,Soltanizadeh S; Bjørn S; Frøding L; Mosgaard B; Høgdall C,NA,NA,NA,01,crossref,AAGL2021_021
10.1016/j.jmig.2018.09.374,Complicated Laparoscopic Hysterectomy following Trachelectomy for Cervical Malignancy,Harrington P,Harrington P,Harrington P,Journal of Minimally Invasive Gynecology,NA,2018,11,crossref,AAGL2021_021
10.26226/morressier.5770e29bd462b80290b4ba66,Outcomes of oncology and fertility in patients with cervical cancer after undergoing Trachelectomy,Yamaguchi N,Yamaguchi N,Yamaguchi N,NA,NA,NA,01,crossref,AAGL2021_021
10.1007/978-3-319-22497-8_63,Cervical Stump Extirpation with Regard to Robotic-Assisted Laparoscopic Hysterectomy,Lai H,Wang Y,Lai H; Wang Y,Hysterectomy,NA,2018,01,crossref,AAGL2021_021
10.1016/j.jmig.2021.09.033,Tips and Tricks for Diaphragmatic Endometriosis Resection and Management of Iatrogenic Pneumothorax,Dejenie M,Stuparich M,Dejenie M; Singh M; Behbehani S; Nahas S; Stuparich M,Journal of Minimally Invasive Gynecology,NA,2021,11,crossref,AAGL2021_032
10.4103/gmit.gmit_125_22,Treatment of Iatrogenic Pneumothorax during Resection of Diaphragmatic Endometriosis using a Laparoscopic Suction Irrigator: A Simple Approach,Singh M,Stuparich M,Singh M; Dejenie M; Behbehani S; Nahas S; Handler S; Stuparich M,Gynecology and Minimally Invasive Therapy,NA,2023,10,crossref,AAGL2021_032
10.62830/mmj2-03-15c,Endometriosis Presenting as Pneumothorax: Rare Entity of Thoracic Endometriosis Syndrome — A Case Report and Review of Literature,Bansal S,Bansal S,Bansal S,Endometriosis Presenting as Pneumothorax: Rare Entity of Thoracic Endometriosis Syndrome — A Case Report and Review of Literature,"Endometriosis affects roughly 10% (190 million) of women and girls of reproductive age globally, having significant social, public health and economic implications. It can decrease quality of life due to severe pain, fatigue, depression, anxiety and infertility. It can present as varied symptoms but presentation as pneumothorax is not only rare but difficult to diagnose. We report a case of a 45-year-old female presenting with recurrent right-sided pneumothorax coinciding with her menstrual cycle. Surgical exploration confirmed the diagnosis. The patient underwent a right-sided video-assisted thoracoscopic surgery (VATS) with repair of diaphragmatic fenestrations and pleurodesis. There was no recurrence of symptoms on follow-up. This case highlights the importance of a high index of suspicion in reproductive-aged women with recurrent pneumothorax. This entity is also termed as catamenial pneumothorax (CP).",2025,09,crossref,AAGL2021_032
10.1007/978-1-4471-7355-7_34,Diaphragmatic Eventration,Parikh D,Parikh D,Parikh D,Tips and Tricks in Thoracic Surgery,NA,2018,01,crossref,AAGL2021_032
10.1007/978-1-4471-7355-7_35,Spontaneous Pneumothorax,Kalkat M,Kalkat M,Kalkat M,Tips and Tricks in Thoracic Surgery,NA,2018,01,crossref,AAGL2021_032
10.1007/978-1-4471-7355-7_33,Congenital Diaphragmatic Hernia,Jester I,Jester I,Jester I,Tips and Tricks in Thoracic Surgery,NA,2018,01,crossref,AAGL2021_032
10.1302/3114-221012,Strategic Tips and Tricks for Frozen Shoulder Arthroscopic Management,,,,OrthoMedia,NA,2022,02,crossref,AAGL2021_032
10.1201/9781003567080-6b,Tips &amp; Tricks in the Percutaneous Treatment of Iatrogenic Femoral Pseudoaneurysms,Solimeno G,Solimeno G,Solimeno G,Tips and Tricks in Endovascular Surgery,NA,2025,10,crossref,AAGL2021_032
10.5005/jp/books/12426_28,Surgery for Endometriosis,Saxena R,Saxena R,Saxena R,Tips and Tricks in Operative Obstetrics and Gynecology,NA,2015,01,crossref,AAGL2021_032
10.1302/3114-221011,Surgical Management of Scapular Osteochondroma Anatomical Considerations: Tips And Tricks,,,,OrthoMedia,NA,2022,02,crossref,AAGL2021_032
10.1017/9781108149877.009,Sonographic Assessment of Pelvic Endometriosis,Holland T,Holland T,Holland T,Gynaecological Ultrasound Scanning,NA,2020,02,crossref,AAGL2021_032
10.7759/cureus.63853,"A Rare Case of Iatrogenic Urinary Bladder Injury During Inguinal Hernia Repair: Management Tips, Tricks and Pitfalls",Kepertis C,Mouravas V,Kepertis C; Tsopozidi M; Lambropoulos V; Manti S; Mouravas V,Cureus,NA,2024,07,crossref,AAGL2021_032
10.1093/jscr/rjaf1033,"Management of strangulated, perforated gastrothorax with resultant tension pneumothorax secondary to an iatrogenic diaphragmatic hernia: a case report",Naim A,Sarkar A,Naim A; Sarkar A,Journal of Surgical Case Reports,"Abstract
                  Diaphragmatic hernias arise when a defect in the diaphragmatic musculotendinous framework allows the abnormal protrusion of abdominal contents into the thoracic cavity, which can be further complicated by visceral incarceration, strangulation, and perforation. Whilst the vast majority occur congenitally or are acquired through trauma, diaphragmatic hernias arising from iatrogenic insults represent an exceedingly rare but important clinical entity. Diagnostic challenges arise in large part due to their tendency towards delayed presentation, often with varied, nonspecific and subacute clinical manifestations, as well as equivocal or indeterminate radiographic findings. The report herein represents the inaugural account of an iatrogenic diaphragmatic hernia arising following thoracoscopic pleural endometriosis removal, which was subsequently complicated by gastric strangulation and perforation, culminating in a life-threatening tension pneumothorax. We describe a safe, effective approach to managing this surgical emergency using an entirely laparoscopic technique and relate our findings to the broader literature pertaining to complicated diaphragmatic hernias.",2025,12,crossref,AAGL2021_032
10.1007/978-3-030-11181-6_37,Re-look After Laparoscopic Resection,Ross H,Ross H,Ross H,Colorectal Surgery Consultation,NA,2019,01,crossref,AAGL2021_032
10.1016/j.jmig.2016.08.307,"Tips and Tricks for Laparoscopic Complete Resection of Deep Infiltrated Endometriosis of Bowel, Bladder and Upper Vagina",Guan X,Gisseman J,Guan X; Wang Y; Gisseman J,Journal of Minimally Invasive Gynecology,NA,2016,11,crossref,AAGL2021_032
10.1302/3114-230452,Tips and Tricks,,,,OrthoMedia,NA,2023,12,crossref,AAGL2021_032
10.1302/3114-221296,Tips and Tricks,,,,OrthoMedia,NA,2022,05,crossref,AAGL2021_032
10.1007/978-3-030-11181-6_53,Difficult Anterior Perineal Dissection During Abdominoperineal Resection,Lee S,Lee S,Lee S,Colorectal Surgery Consultation,NA,2019,01,crossref,AAGL2021_032
10.1302/3114-210632,10 Practical Tips and Tricks in the Management of Posterior Cruciate Ligament Injuries,,,,OrthoMedia,NA,2021,11,crossref,AAGL2021_032
10.1378/chest.1992093,Near Fatal Presentation of Bilateral Catamenial Massive Pneumothorax Caused by Diaphragmatic Endometriosis,Hajjar W,Hajjar W,Hajjar W,Chest,NA,2014,10,crossref,AAGL2021_032
10.1016/j.jmig.2021.09.345,Complicated Laparoscopic Trachelectomy Following Supracervical Hysterectomy,Sutaria T,Marfori C,Sutaria T; Barnes W; Marfori C,Journal of Minimally Invasive Gynecology,NA,2021,11,crossref,AAGL2021_074
10.1097/spv.0b013e3182a09a57,Vaginal Trachelectomy Following Laparoscopic Supracervical Hysterectomy and Sacrocervicopexy,Minaglia S,Minaglia S,Minaglia S,Female Pelvic Medicine &amp; Reconstructive Surgery,NA,2014,03,crossref,AAGL2021_074
10.1007/978-3-319-22497-8_121,Trachelectomy: Removal of Cervical Stump Following Supracervical Hysterectomy,Mueller M,Kenton K,Mueller M; Kenton K,Hysterectomy,NA,2018,01,crossref,AAGL2021_074
10.1016/j.jmig.2023.08.363,10310 Stepwise Approach to Laparoscopic Trachelectomy Following Supracervical Hysterectomy,Lin E,Chao L,Lin E; Sendukas E; Young R; Chao L,Journal of Minimally Invasive Gynecology,NA,2023,11,crossref,AAGL2021_074
10.1016/j.jmig.2018.09.374,Complicated Laparoscopic Hysterectomy following Trachelectomy for Cervical Malignancy,Harrington P,Harrington P,Harrington P,Journal of Minimally Invasive Gynecology,NA,2018,11,crossref,AAGL2021_074
10.5468/ogs.22094,Surgical outcomes of laparoscopic trachelectomy following supracervical hysterectomy: a multicenter study,Dawood A,Soliman A,Dawood A; Harras H; Moussa H; Soliman A,Obstetrics &amp; Gynecology Science,"ObjectiveTo evaluate the feasibility, safety, and surgical outcomes of laparoscopic trachelectomy after supracervical hysterectomy.MethodsThis multicenter study was conducted at Tanta University, Benha University, and Aminah Laparoscopy Center (Benha, Egypt) from June 1, 2018 to October 31, 2021. Forty patients were recruited for this study and counseled on laparoscopic trachelectomy to treat their symptoms after supracervical hysterectomy. Furthermore, cervical biopsy was performed to detect and exclude any malignancy. Histopathological examination of cervical specimens was performed after surgery. Operative details and outcomes were recorded.ResultsThe median age of the patients was 42 years (range, 38-47). The median body mass index was 25 years (range, 22- 28). The median interval between hysterectomy and the clinical presentation was 4.40 years (range, 3.58-5.25). Most patients presented with abnormal vaginal discharge (40%) and bleeding (25%). Moreover, a cervical biopsy result revealed stump carcinoma in three cases (7.5%) that were excluded. The median operative time was 210 minutes (range, 170-220). The median blood loss was 270 mL (range, 220-320). Additionally, histopathological examinations revealed that chronic non-specific cervicitis was present in 54.05% of trachelectomy specimens. There were no significant differences between symptomatic and asymptomatic patients regarding operative outcomes, except adhesions, which were more significantly increased in symptomatic patients (P=0.015). Minimal complications, both operative and postoperative, were related to the procedure.ConclusionAlthough the operative time was long and adhesions were common during laparoscopic trachelectomy, the procedure was feasible and safe, with minimal complications.",2022,11,crossref,AAGL2021_074
10.1016/j.jmig.2014.08.771,Techniques for Robotic Trachelectomy Following Supracervical Hysterectomy,Schiff L,Eisenstein D,Schiff L; Tsafrir Z; Eisenstein D,Journal of Minimally Invasive Gynecology,NA,2014,11,crossref,AAGL2021_074
10.1007/978-3-319-22497-8_33,Laparoscopic Supracervical Hysterectomy for Large Uteri,Odejinmi F,Oliver R,Odejinmi F; Oliver R,Hysterectomy,NA,2018,01,crossref,AAGL2021_074
10.1007/978-3-319-22497-8_44,Laparoscopic Radical Hysterectomy for Malignant Indications: Laparoscopic Trachelectomy,Chiantera V,Petrillo M,Chiantera V; Lucidi A; Petrillo M,Hysterectomy,NA,2018,01,crossref,AAGL2021_074
10.1097/ogx.0000000000000456,Risk Factors for Trachelectomy Following Supracervical Hysterectomy,Tsafrir Z,Eisenstein D,Tsafrir Z; Aoun J; Papalekas E; Taylor A; Schiff L; Theoharis E; Eisenstein D,Obstetrical &amp; Gynecological Survey,"(Abstracted from Acta Obstet Gynecol Scand 2017;96:421–425)
          Advocates of supracervical hysterectomy (SCH) hypothesized that removing the entire cervix may diminish sexual response, urinary function, and pelvic support, as well as increase operative time and complications. Several studies, however, have failed to find benefit from retention of the cervical stump at hysterectomy.",2017,07,crossref,AAGL2021_074
10.1016/j.jmig.2013.08.294,"A Comparison of Long Term Outcomes Following Total Laparoscopic Hysterectomy and Laparoscopic Supracervical Hysterectomy, a Prospective Randomized Trial",Berner E,Lieng M,Berner E; Qvigstad E; Lieng M,Journal of Minimally Invasive Gynecology,NA,2013,11,crossref,AAGL2021_074
10.21608/ejhm.2023.318792,The Interval between a Supracervical Hysterectomy and Trachelectomy. What Led to an Early or Late Trachelectomy?,,,,The Egyptian Journal of Hospital Medicine,NA,2023,07,crossref,AAGL2021_074
10.1016/j.ygyno.2015.01.125,Incidental uterine malignancy following laparoscopic supracervical hysterectomy in a national cohort,Washington C,Ko E,Washington C; Latif N; Ko E,Gynecologic Oncology,NA,2015,04,crossref,AAGL2021_074
10.1111/aogs.13099,Risk factors for trachelectomy following supracervical hysterectomy,Tsafrir Z,Eisenstein D,Tsafrir Z; Aoun J; Papalekas E; Taylor A; Schiff L; Theoharis E; Eisenstein D,Acta Obstetricia et Gynecologica Scandinavica,"AbstractIntroductionWe identified risk factors for trachelectomy after supracervical hysterectomy (SCH) due to persistence of symptoms.Material and methodsA retrospective case–control study in a university‐affiliated hospital. Seventeen women who underwent a trachelectomy following SCH for nonmalignant indications between June 2002 and October 2014 were compared with 68 randomly selected women (controls) who underwent a SCH within the same time period. Demographics and clinical characteristics were compared between the study and control groups. Univariate analysis identified potential risk factors for trachelectomy following SCH. Univariate logistic regression models predicted which patients would have a trachelectomy following SCH.ResultsThe occurrence of trachelectomy following SCH during the study period was 0.9% (17/1892). The study group was younger than the control group (mean age 38 ± 6 years vs. 44 ± 5 years; p &lt; 0.001). Patients who had a history of endometriosis [odds ratio (OR) 6.23, 95% CI 1.11–40.5, p = 0.038] had increased risk for trachelectomy. Pathology diagnosed endometriosis only among women in the study group. Preoperative diagnosis of abnormal uterine bleeding (OR 0.22, 95% CI 0.06–0.075, p = 0.016), anemia (OR 0.12, 95% CI 0.01–0.53; p = 0.003), and fibroid uterus (OR 0.24, 95% CI 0.07–0.82, p = 0.024) reduced the risk for future trachelectomy.ConclusionYoung age and endometriosis are significant risk factors for trachelectomy following SCH.",2017,04,crossref,AAGL2021_074
10.1016/j.jmig.2015.08.222,Risk factors for Trachelectomy Following Supracervical Hysterectomy,Tsafrir Z,Eisenstein D,Tsafrir Z; Aoun J; Papalekas E; Schiff L; Theoharis E; Hanna R; Sangha R; Eisenstein D,Journal of Minimally Invasive Gynecology,NA,2015,11,crossref,AAGL2021_074
10.1016/j.jmig.2014.08.544,"Patient Satisfaction, Vaginal Bleeding, and Sexual Function Following Laparoscopic Supracervical Hysterectomy",Jin K,Jin K,Jin K,Journal of Minimally Invasive Gynecology,NA,2014,11,crossref,AAGL2021_074
10.1017/9781009128377.011,Total and Supracervical Laparoscopic Hysterectomy at Sacrocolpopexy: Procedure Steps and Evidence,,,,Laparoscopic Urogynecology,NA,2022,09,crossref,AAGL2021_074
10.1007/978-3-319-22497-8_71,Robot Assisted Laparoscopic Fertility Sparing Radical Trachelectomy,Persson J,Persson J,Persson J,Hysterectomy,NA,2018,01,crossref,AAGL2021_074
10.52054/fvvo.14.1.006,Total surgical time in laparoscopic supracervical hysterectomy with laparoscopic in-bag-morcellation compared to laparoscopic supracervical hysterectomy with uncontained morcellation,Krentel H,De Wilde R,Krentel H; Tchartchian G; Torres de la Roche L; De Wilde R,"Facts, Views and Vision in ObGyn","Background: A possible solution to the problem of cell dissemination through laparoscopic uncontained morcellation during laparoscopic supracervical hysterectomy (LASH) is the use of laparoscopic in-bag morcellation. One criticism regarding the use of in-bag morcellation is the additional surgical time associated with this procedure.

Objectives: In this retrospective study we compared the total surgical time in LASH with laparoscopic in-bag morcellation (107 cases from 2016-2018) and LASH with uncontained morcellation (47 cases from 2015-2017).

Materials and Methods: All surgeries were performed in the same department of minimally invasive gynaecological surgery by a total of three experienced surgeons for the indication of bleeding disorder and / or dysmenorrhea.

Main outcome measures: We measured and compared total surgical time, surgical outcome, blood loss and complications in LASH with in-bag morcellation and with uncontained morcellation.

Results: Total surgical time in both procedures do not show a significant difference. Considering the learning curve in laparoscopic bag use, the total surgical time in LASH with laparoscopic in-bag morcellation is shorter than total surgical time in LASH with uncontained morcellation. Laparoscopic in-bag morcellation consumes time for bag use and handling, but saves time as it eliminates the need for meticulous sampling of lost tissue fragments and the complex lavage of the peritoneal cavity after morcellation. There is no difference between both groups in terms of blood loss, complications and surgical results.

Conclusion / What is new? We conclude that LASH with in-bag morcellation is not related to additional surgical time when compared to LASH with uncontained morcellation.",2022,03,crossref,AAGL2021_074
10.1097/01.aog.0000447077.34492.65,Single-Incision Robotic Supracervical Hysterectomy With a Single Multichannel Port as a Lower Cost Alternative to Laparoscopic Supracervical Hysterectomy,Baxi R,Fisher J,Baxi R; Williford B; Fisher J,Obstetrics &amp; Gynecology,NA,2014,05,crossref,AAGL2021_074
10.1016/j.jmig.2021.09.369,Complicated Hysteroscopic Removal of Retained IUD Fragment,Palacios-Helgeson L,Mohling S,Palacios-Helgeson L; Mohling S,Journal of Minimally Invasive Gynecology,NA,2021,11,crossref,AAGL2021_098
10.1016/j.jmig.2017.08.247,Hysteroscopic Removal of Embedded IUD Fragment Using Fluoroscopic Needle Localization,Tam J,Levie M,Tam J; Levie M,Journal of Minimally Invasive Gynecology,NA,2017,11,crossref,AAGL2021_098
10.1016/j.jmig.2025.09.122,Surgical Techniques for Hysteroscopic Removal of an Embedded IUD Fragment,Spielman S,Oshinowo A,Spielman S; Crifase C; Dadrat A; Oshinowo A,Journal of Minimally Invasive Gynecology,NA,2025,11,crossref,AAGL2021_098
10.1055/b-0034-91292,"Surgical Techniques: Endoscopic 5.3.3.1 Diagnostic Hysteroscopy, Hysteroscopic Biopsy, Hysteroscopic Removal of a Lost IUP/IUD",,,,Atlas of Gynecologic Surgery,NA,2014,01,crossref,AAGL2021_098
10.1016/j.ajog.2022.12.286,“Push-pull”: a technique for hysteroscopic removal of a deeply embedded iud fragment,Mann P,Nguyen B,Mann P; myo m; Nguyen B,American Journal of Obstetrics and Gynecology,NA,2023,03,crossref,AAGL2021_098
10.1016/j.jmig.2022.09.224,Hysteroscopic Removal of Deeply Embedded IUD,Voigt P,Wagner E,Voigt P; McEntee K; Wagner E,Journal of Minimally Invasive Gynecology,NA,2022,11,crossref,AAGL2021_098
10.1016/j.jmig.2015.08.486,Hysteroscopic Removal of Malpositioned Mirena IUD Embedded in Cesarean Scar Niche,Sangha R,Talukdar S,Sangha R; Talukdar S,Journal of Minimally Invasive Gynecology,NA,2015,11,crossref,AAGL2021_098
10.1016/j.jmig.2014.08.189,Hysteroscopic Removal of Retained Placental Remnants,Douglass L,Kasper K,Douglass L; Kasper K,Journal of Minimally Invasive Gynecology,NA,2014,11,crossref,AAGL2021_098
10.1016/j.jmig.2025.04.005,Office Hysteroscopic Removal of Embedded IUD in Early Pregnancy,Youssef Y,Chudnoff S,Youssef Y; To J; Chudnoff S,Journal of Minimally Invasive Gynecology,NA,2026,02,crossref,AAGL2021_098
10.7759/cureus.93930,Successful Hysteroscopic Removal of a Retained Karman Cannula Tip: A Case Report,Saha P,Saraf A,Saha P; Singh A; Chaudhary M; Bagga R; Saraf A,Cureus,NA,2025,10,crossref,AAGL2021_098
10.1016/j.fertnstert.2021.07.1177,THE LAPAROSCOPIC REMOVAL OF AN EMBEDDED COPPER IUD FRAGMENT,Hur C,Goldberg J,Hur C; Goldberg J,Fertility and Sterility,NA,2021,09,crossref,AAGL2021_098
10.1016/j.jmig.2015.08.027,Hysteroscopic Removal of Retained Placental Tissue Allieviates Postpartum Hypertension,Rajakumar C,Lortie K,Rajakumar C; Lortie K,Journal of Minimally Invasive Gynecology,NA,2015,11,crossref,AAGL2021_098
10.4293/crsls.2013.00062,Ultrasound-Guided Hysteroscopic Removal of IUD with Missing Tails in a 15-Weeks' Pregnant Woman,Albayrak M,Keskin F,Albayrak M; Karatas A; Biyik I; Keskin F,CRSLS: MIS Case Reports from SLS,NA,2015,03,crossref,AAGL2021_098
10.19080/jaicm.2018.05.555660,Surgical Management of the Retained Epidural Catheter Fragment Complicated by Postoperative Phlegmon,Manuel S,Manuel S,Manuel S,Journal of Anesthesia &amp; Intensive Care Medicine,NA,2018,02,crossref,AAGL2021_098
10.1111/jog.70129,Hysteroscopic Removal of <scp>IUD</scp> During First Trimester Pregnancy: A Minimally Invasive Option,Seker E,Çolak H,Seker E; Çolak H,Journal of Obstetrics and Gynaecology Research,"ABSTRACT
                  İntrauterine device (IUD) failure leading to conception is a rare occurrence. When pregnancy is desired to continue in such cases, and the IUD strings are not visible, the risks to the gestation significantly increase. We report a case involving a patient who conceived with an IUD in situ and elected to continue the pregnancy. In this instance, a hysteroscopic IUD removal was performed. This case highlights that for pregnancies resulting from IUD failure, timely hysteroscopic removal of the device can be a critical intervention that may positively impact the pregnancy prognosis and outcomes.",2025,11,crossref,AAGL2021_098
10.1016/j.jmig.2015.08.489,Removal of Retained Products of Conception Using a Hysteroscopic Morcellator: A Safer Alternative,Petrozza J,Petrozza J,Petrozza J,Journal of Minimally Invasive Gynecology,NA,2015,11,crossref,AAGL2021_098
10.4103/gmit.gmit_105_19,Hysteroscopic Removal of Intrauterine-retained Suture Material Causing Pelvic Inflammatory Disease,Kaya C,Aslan O,Kaya C; Alay I; Yildiz S; Aslan O,Gynecology and Minimally Invasive Therapy,"
            
            Retained intrauterine objects are rare causes of persistent vaginal discharge and pelvic inflammatory disease. Hysteroscopy is a minimally invasive technique used for removing these materials. A 47-year-old female who had recurrent vaginal discharge was admitted to our emergency department with pelvic pain. Retained nonabsorbable suture material was observed during her vaginal examination. After treating with intravenous antibiotics, operative hysteroscopy was performed, and the material was removed from the lower segment of the uterus.
          ",2021,04,crossref,AAGL2021_098
10.4103/njss.njss_24_13,Hysteroscopic removal of retained intrauterine fetal bone causing chronic pelvic pain,Ikechebelu J,Eke N,Ikechebelu J; Eleje G; Eke N,Nigerian Journal of Surgical Sciences,NA,2017,01,crossref,AAGL2021_098
10.1016/j.jmig.2018.09.239,Hysteroscopic Approach to Removal of Retained Intrauterine Device in Setting of Intrauterine Pregnancy,Young L,Kasper K,Young L; Kasper K,Journal of Minimally Invasive Gynecology,NA,2018,11,crossref,AAGL2021_098
10.21037/atm-2020-119,Hysteroscopic removal of retained products of conception: historic approach or new iteration?,Verma U,Crespo F,Verma U; Crespo F,Annals of Translational Medicine,NA,2020,10,crossref,AAGL2021_098
10.1016/j.jmig.2022.09.026,AI-Derived Threshold Score of Intraabdominal Myoelectrical Activity Predicts Presence and Stage of Endometriosis with 100% Accuracy,Noar M,Noar M,Noar M,Journal of Minimally Invasive Gynecology,NA,2022,11,crossref,AAGL2022_010
10.1007/s00464-022-09642-8,Gastric myoelectrical activity based AI-derived threshold predicts resolution of gastroparesis post-pyloric balloon dilation,Noar M,Khan S,Noar M; Khan S,Surgical Endoscopy,NA,2023,03,crossref,AAGL2022_010
10.20944/preprints202404.0527.v1,Gastrointestinal Myoelectrical Activity (GIMA) Biomarker for Noninvasive Diagnosis of Endometriosis,Noar M,Kolatkar A,Noar M; Mathias J; Kolatkar A,NA,"Background/Objectives: Endometriosis represents substantial direct and indirect healthcare costs impacted by absent accurate, non-invasive uniformly diagnostic tools. We endeavored to demonstrate gastrointestinal myoelectrical activity (GIMA) biomarkers unique to endometriosis allow noninvasive, uniformly accurate diagnosis or exclusion of endometriosis. Methods: Prospective open-label comparative study of 154 patients, age &amp;amp;gt;18, with or without diagnosed endometriosis. Population included 62 non-endometriosis controls (Cohort 1), 43 subjects with surgically histologically-confirmed endometriosis (Cohort 2), and 49 subjects with abdominal pain and negative imaging (Cohort 3). Electroviscerography (EVG) recorded GIMA biomarkers from three abdominal electrodes before and 30-minutes post water-load protocol. Cohort 2 had postoperative EVG and Cohort 3 had preoperative EVG. Calculated specificity, sensitivity, NPV, PPV and predictive probability or C-Statistic used univariate, multivariate, linear and logistical regression analyses of the area under the curve (AUC) at all frequency and time points, including age and pain covariants. Results: Non-endometriosis cohort differed significantly from endometriosis cohorts (p&amp;amp;lt;0.001) for median (IQR), and AUC percent frequency distribution of power at baseline, 10-minute, 20-minute, and 30-minute post water-load at all frequency ranges 15-20cpm, 30-40cpm and 40-50cpm. Endometriosis cohorts were statistically similar (p&amp;amp;gt;0.05). GIMA biomarker threshold scoring demonstrated 95%/91% sensitivity and PPV, 96%/95% specificity and NPV and C-statistic of &amp;amp;gt;99%/98% respectively for age subsets. GIMA biomarkers in Cohort 3 predicted 47/49 subjects positive and 2/49 negative for endometriosis, confirmed surgically. Hormonal therapy, surgical stage, nor pain score affected diagnostic accuracy. Conclusions: Non-invasive electroviscerography with GIMA biomarker detection distinguished participants with and without endometriosis based upon endometriosis specific GIMA biomarkers threshold scoring.",NA,01,crossref,AAGL2022_010
10.3390/jcm13102866,Gastrointestinal Myoelectrical Activity (GIMA) Biomarker for Noninvasive Diagnosis of Endometriosis,Noar M,Kolatkar A,Noar M; Mathias J; Kolatkar A,Journal of Clinical Medicine,"Background/Objectives: Endometriosis represents substantial direct and indirect healthcare costs impacted by an absence of uniformly accurate, non-invasive diagnostic tools. We endeavored to demonstrate gastrointestinal myoelectrical activity (GIMA) biomarkers, unique to endometriosis, will allow non-invasive, uniformly accurate diagnosis or exclusion of endometriosis. Methods: Prospective open-label comparative study of 154 patients, age ≥ 18, with or without diagnosed endometriosis. Population included 62 non-endometriosis controls (Cohort 1), 43 subjects with surgically/histologically confirmed endometriosis (Cohort 2), and 49 subjects with abdominal pain and negative imaging (Cohort 3). Non-invasive electroviscerography (EVG) recorded GIMA biomarkers from three abdominal electrodes before and 30 min post water load protocol. Cohort 2 had postoperative EVG and Cohort 3 had preoperative EVG. Calculated specificity, sensitivity, negative predictive value (NPV), positive predictive value (PPV), and predictive probability or C-statistic used univariate, multivariate, linear, and logistical regression analyses of the area under the curve (AUC) at all frequency and time points, including age and pain covariants. Results: The non-endometriosis cohort differed significantly from the endometriosis cohorts (p &lt; 0.001) for median (IQR) and AUC percent frequency distribution of power at baseline, 10 min, 20 min, and 30 min post water load at all frequency ranges: 15–20 cpm, 30–40 cpm, and 40–50 cpm. The endometriosis cohorts were statistically similar (p &gt; 0.05). GIMA biomarker threshold scoring demonstrated 95%/91% sensitivity and PPV, 96%/95% specificity and NPV, and a C-statistic of &gt;99%/98%, respectively, for age subsets. GIMA biomarkers in Cohort 3 predicted 47/49 subjects positive and 2/49 negative for endometriosis, confirmed surgically. Hormonal therapy, surgical stage, nor pain score affected diagnostic accuracy. Conclusions: EVG with GIMA biomarker detection distinguished participants with and without endometriosis based upon endometriosis-specific GIMA biomarkers threshold scoring.",2024,05,crossref,AAGL2022_010
10.26226/morressier.59a6b34cd462b80290b55ba2,Glasgow-Blachford score accurately predicts the need of transfusion in Acute Lower Gastrointestinal Bleeding. A Diagnostic Accuracy Evaluation Study.,Machlab S,Machlab S,Machlab S,NA,NA,NA,01,crossref,AAGL2022_010
10.1016/j.jmig.2025.09.027,Defining the Role of the Gastrointestinal Myoelectrical Activity (GIMA) Biomarker in the Diagnosis of Endometriosis.,Tanos P,Karampelas S,Tanos P; Donders F; Massaro A; Philippe S; Karampelas S,Journal of Minimally Invasive Gynecology,NA,2025,11,crossref,AAGL2022_010
10.2139/ssrn.6293524,Defending Freedom of Expression through Mandatory Human Presence at the AI Input Stage,Remonato V,Remonato V,Remonato V,NA,"Artificial intelligence can serve as a powerful ally of humanity in the evolution of society, provided that the human person remains at its centre. In Western societies, constitutional law, together with the values recognized by international law, offers a framework to regard AI not as a threat but as an opportunity. This paper examines the possibility of formulating a legal principle that supports the public duty to remove economic and social barriers limiting human freedom and equality, thereby eliminating conditions that hinder the full development of the individual and the effective participation of all in political, economic, and social life. AI may be employed to achieve this aim, but this requires the mandatory involvement of humans at the input stage of AI processes, not merely from the perspective of risk control but as an opportunity to advance human values. Such a system should aim to expand and strengthen freedom of expression. This paper advances a broad legal principle that goes beyond the existing notion of ""human-in-the-loop"", by grounding its rationale in the exercise of constitutional values and human rights within AI processes, particularly at the input stage.",NA,01,crossref,AAGL2022_010
10.7287/peerj.12572v0.1/reviews/2,"Peer Review #2 of ""A novel machine learning derived RNA-binding protein gene–based score system predicts prognosis of hepatocellular carcinoma patients (v0.1)""",,,,NA,NA,2021,12,crossref,AAGL2022_010
10.7287/peerj.12572v0.2/reviews/2,"Peer Review #2 of ""A novel machine learning derived RNA-binding protein gene–based score system predicts prognosis of hepatocellular carcinoma patients (v0.2)""",,,,NA,NA,2021,12,crossref,AAGL2022_010
10.1016/j.jcmg.2026.01.004,AI-Derived Ischemia Score From Coronary CT Angiography Predicts Myocardial Infarctions,Hijazi W,Dey D,Hijazi W; Lenell J; Grodecki K; Kwiecinski J; Miller R; Berman D; Newby D; Williams M; Slomka P; Dey D,JACC: Cardiovascular Imaging,NA,2026,02,crossref,AAGL2022_010
10.7287/peerj.12572v0.1/reviews/1,"Peer Review #1 of ""A novel machine learning derived RNA-binding protein gene–based score system predicts prognosis of hepatocellular carcinoma patients (v0.1)""",Rajasundaram D,Rajasundaram D,Rajasundaram D,NA,NA,2021,12,crossref,AAGL2022_010
10.2337/db25-1645-p,1645-P: A Metabolome-Derived Score Predicts Metabolic Dysfunction–Associated Steatohepatitis and Mortality from Liver and Metabolic Diseases,XIA M,XIA M,XIA M,Diabetes,"Introduction and Objective: Metabolic dysfunction-associated steatohepatitis (MASH) increases mortality from in MASLD and diabetes. However, biomarkers predicting both MASH and mortality are missing. We developed a metabolome-derived prediction score for MASH and examined whether it predicts mortality in Chinese and European cohorts.
               Methods: The MASH prediction score was developed using a multi-step machine learning strategy, based on 44 clinical parameters and 250 plasma metabolites in 311 Chinese adults undergoing a liver biopsy. External validation was conducted in a Finnish liver biopsy cohort (n=305). We investigated association of the score with all-cause and cause-specific mortality in the population-based Shanghai Changfeng Study (n=5893) and the UK Biobank (n=111673).
               Results: A total of 24 clinical parameters and 194 1H-NMR metabolites were significantly associated with MASH in the Chinese liver biopsy cohort. We established a MASH prediction score based on four lead candidate variables using a machine learning strategy: MASH prediction score = 0.137 × BMI (kg/m2) + 0.054 × AST (U/L) + 0.033 × Tyrosine (&amp;#120583;;;;;mol/L) - 0.421 × V0PLp (%) - 0.243. The score identified patients with MASH with AUROCs of 0.87 (95% CI, 0.83-0.91) and 0.81 (95% CI, 0.75-0.88) in the Chinese and Finnish cohorts. Participants with a high or intermediate risk of MASH based on the score had a markedly higher risk of mortality from MASLD (HR, 20.15; 95%CI,10.95-37.11), diabetes (HR, 6.30; 95%CI, 3.63-10.93), and cardiovascular disease (HR, 2.08; 95%CI, 1.79-2.42) than those with a low risk in Europeans after 12.6 years of follow-up, and a higher risk of MASLD-related mortality (HR, 23.19; 95%CI, 4.80-111.97) in Chinese after 7.4 years of follow-up. The MASH prediction score was superior to the FIB-4 index and the NAFLD Fibrosis Score in predicting MASLD-related mortality.
               Conclusion: The metabolome-derived MASH prediction score accurately predicts risk of MASH and mortality from MASLD and related metabolic diseases.
               
                  Disclosure
                  M. Xia: None.
               
               
                  Funding
                  National Key Research and Development Program of China (2021YFC2700403, 2022YFC3400700, 2022YFA0806400), the Shanghai Municipal Science and Technology Major Project (2023SHZDZX02)
               ",2025,06,crossref,AAGL2022_010
10.7707/hmj.488,Periodic oscillatory myoelectrical activity in the gut,Rafea A,Miftahof R,Rafea A; Miftahof R,HAMDAN MEDICAL JOURNAL,NA,2015,01,crossref,AAGL2022_010
10.1016/j.jacc.2026.02.2181,26-A-8376-ACC AI-DERIVED LEFT ATRIAL VOLUME INDEX FROM CALCIUM SCORE CT PREDICTS INCIDENT ATRIAL FIBRILLATION,Alkhaleefah M,Al-Kindi S,Alkhaleefah M; Bose B; Gullapelli R; Rockers E; Madabhushi A; Wilson D; Balakrishnan G; Li S; Nasir K; Al-Kindi S,JACC,NA,2026,04,crossref,AAGL2022_010
10.26226/morressier.59a3eda9d462b8028d8956da,Disease Activity as Assessed by the MAGNIMS Score Predicts Long-Term Clinical Disease Activity Free Status and Disability Progression in Patients Treated with Subcutaneous Interferon Beta-1a,Pia Sormani M,Pia Sormani M,Pia Sormani M,NA,NA,NA,01,crossref,AAGL2022_010
10.1016/j.visj.2021.101234,A relapsing bowel obstruction from intraabdominal endometriosis.,Austin Lee J,Austin Lee J,Austin Lee J,Visual Journal of Emergency Medicine,NA,2022,01,crossref,AAGL2022_010
10.2196/64593,Understanding AI’s Role in Endometriosis Patient Education and Evaluating Its Information and Accuracy: Systematic Review,Oliveira J,Filho A,Oliveira J; Eskandar K; Kar E; de Oliveira F; Filho A,JMIR AI,"
                    Background
                    Endometriosis is a chronic gynecological condition that affects a significant portion of women of reproductive age, leading to debilitating symptoms such as chronic pelvic pain and infertility. Despite advancements in diagnosis and management, patient education remains a critical challenge. With the rapid growth of digital platforms, artificial intelligence (AI) has emerged as a potential tool to enhance patient education and access to information.
                  
                  
                    Objective
                    This systematic review aims to explore the role of AI in facilitating education and improving information accessibility for individuals with endometriosis.
                  
                  
                    Methods
                    This review followed the Preferred Reporting Items for Systematic reviews and Meta-Analyses (PRISMA) guidelines to ensure rigorous and transparent reporting. We conducted a comprehensive search of PubMed; Embase; the Regional Online Information System for Scientific Journals of Latin America, the Caribbean, Spain and Portugal (LATINDEX); Latin American and Caribbean Literature in Health Sciences (LILACS); Institute of Electrical and Electronics Engineers (IEEE) Xplore, and the Cochrane Central Register of Controlled Trials using the terms “endometriosis” and “artificial intelligence.” Studies were selected based on their focus on AI applications in patient education or information dissemination regarding endometriosis. We included studies that evaluated AI-driven tools for assessing patient knowledge and addressed frequently asked questions related to endometriosis. Data extraction and quality assessment were conducted independently by 2 authors, with discrepancies resolved through consensus.
                  
                  
                    Results
                    Out of 400 initial search results, 11 studies met the inclusion criteria and were fully reviewed. We ultimately included 3 studies, 1 of which was an abstract. The studies examined the use of AI models, such as ChatGPT (OpenAI), machine learning, and natural language processing, in providing educational resources and answering common questions about endometriosis. The findings indicated that AI tools, particularly large language models, offer accurate responses to frequently asked questions with varying degrees of sufficiency across different categories. AI’s integration with social media platforms also highlights its potential to identify patients’ needs and enhance information dissemination.
                  
                  
                    Conclusions
                    AI holds promise in advancing patient education and information access for endometriosis, providing accurate and comprehensive answers to common queries, and facilitating a better understanding of the condition. However, challenges remain in ensuring ethical use, equitable access, and maintaining accuracy across diverse patient populations. Future research should focus on developing standardized approaches for evaluating AI’s impact on patient education and exploring its integration into clinical practice to enhance support for individuals with endometriosis.
                  ",2024,10,crossref,AAGL2022_010
10.20944/preprints202602.1200.v1,"Where Are the AI Governance Roles? An Early-Stage Empirical Mapping of Presence, Absence, and Structure in Organisational AI Oversight",Frimpong V,Botchey O,Frimpong V; Botchey O,NA,"As AI technologies increasingly play a crucial role in organisational decision-making, ethical frameworks and governance guidelines have been developed to ensure accountability, transparency, and responsible use. However, these governance structures primarily assume that organisations have the formal capacity to oversee AI, without examining whether such capacity is actually present. Empirical evidence on how organisations truly govern AI—and where responsibility is fundamentally lacking—remains scarce. This paper offers an initial empirical delineation of formal AI governance responsibilities across diverse sectors and regions. It employs survey data from 351 organisations to investigate the existence of positions such as Chief Artificial Intelligence Officer (CAIO), AI Ethics Officer, Responsible AI Lead, Algorithmic Auditor, and AI Governance Committees. Furthermore, it analyses variations in these jobs across industries and geographies, as well as their structural characteristics, such as seniority, reporting relationships, authority, and available resources. The research reveals prevalent profiles of governance maturity. The findings indicate that formal roles for AI governance are not consistently implemented and, when they do exist, often lack the necessary authority, resources, and integration at a senior institutional level. Executive-level leadership roles and specialised audit functions are rare, and many organisations operate without any formal AI governance roles despite using AI technologies. The study outlines four profiles of governance maturity: Governance Absence, Symbolic Governance, Operational Governance, and Institutionalised Governance, highlighting that mature governance is often more the exception than the norm. By empirically assessing the presence or absence of AI governance, this research presents an absence-based viewpoint on AI ethics. It indicates that ethical concerns often arise from inadequacies in governance design rather than from flaws in existing frameworks. These results establish a foundational empirical baseline for subsequent studies on how various AI governance models influence compliance, trust, and ethical risks.",NA,01,crossref,AAGL2022_010
10.26226/morressier.5f5f8e69aa777f8ba5bd6131,HPC+AI: pushing molecular dynamics with ab initio accuracy to 100 million atoms on the Summit supercomputer,Lin L,Lin L,Lin L,NA,NA,NA,01,crossref,AAGL2022_010
10.1097/01.ccm.0000508997.14068.9c,318: SCORE DERIVED FROM CLINICAL DATA AT HOSPITAL ADMISSION PREDICTS RAPID RESPONSE SYSTEM ACTIVATION,Chhaya V,Gazmuri R,Chhaya V; Gazmuri R,Critical Care Medicine,NA,2016,12,crossref,AAGL2022_010
10.1016/j.jmig.2022.09.031,The Role of Endometriosis-Specific MRI Protocol in the Diagnosis and Management of Patients with Endometriosis-Related Pain,Luna-Russo M,Kho R,Luna-Russo M; Markwei M; Fan C; Yao M; Kho R,Journal of Minimally Invasive Gynecology,NA,2022,11,crossref,AAGL2022_015
10.1007/978-3-031-50662-8_10,"Role of Ultrasonography in the Diagnosis of Endometriosis in Infertile Women: Ovarian Endometrioma, Deep Endometriosis, and Superficial Endometriosis",Manieri Rocha R,Condous G,Manieri Rocha R; Leonardi M; Condous G,Endometriosis-related Infertility,NA,2024,01,crossref,AAGL2022_015
10.1177/22840265261427196,Corrigendum to “Endometriosis related pelvic pain following laparoscopic surgical treatment.”,,,,Journal of Endometriosis and Pelvic Pain Disorders,NA,2026,03,crossref,AAGL2022_015
10.5005/jp/books/11879_11,Pain Management in Endometriosis,Gopinath P,Gopinath P,Gopinath P,Manual of Endometriosis,NA,2013,01,crossref,AAGL2022_015
10.1007/978-3-030-52984-0_7,Optimal Management of Endometriosis and Pain,Nezhat C,Nezhat C,Nezhat C; Vang N; Tanaka P; Nezhat C,Endometriosis in Adolescents,NA,2020,01,crossref,AAGL2022_015
10.1177/22840265231170912,Diagnosis and management of thoracic endometriosis syndrome: Case report,Murphy Shaw A,Spitzer T,Murphy Shaw A; Demarco K; Belovs L; Strange R; Spitzer T,Journal of Endometriosis and Pelvic Pain Disorders,"Introduction: While the diagnosis of endometriosis is relatively common, thoracic endometriosis is a rare manifestation. Thoracic Endometriosis Syndrome (TES) most commonly presents with pneumothorax, 3% which are bilateral, making this case unique in the already limited breadth of TES with catamenial hemopneumothorax. Additionally, this patient had laboratory values constant with ovarian suppression yet continued menses and recurrent hemopneumothorax, necessitating surgical intervention. We propose that with this severity of disease a combination of surgical intervention and hormonal therapy is the ideal approach, providing the lowest rate of recurrence. Case description: A 33 year old woman with 2-day history of chest pain and shortness of breath with heavy menstrual cycles and significant dysmenorrhea. A chest radiograph and computed tomography scan revealed right-sided pneumothorax and bilateral hemothoraces with left-sided diaphragmatic hernia. Video-assisted thoracoscopic surgery confirmed sanguinous pleural effusions and biopsy proven endometriotic lesions. The patient was started on a gonadotropin-releasing hormone agonist and experienced short-interval recurrence of her symptoms. An aromatase inhibitor was added to her regimen and she underwent a left diaphragmatic hernia repair. Conclusions: The recurrence of symptoms despite complete hypothalamic-pituitary-ovarian axis suppression, in addition to the surgical requirements and findings make this case unique in the already limited breadth of thoracic endometriosis syndrome with catamenial hemopneumothorax. ",2023,06,crossref,AAGL2022_015
10.1201/9780429488115-6,Pain Management Strategies and Alternative Therapies,Wartan S,Wartan S,Wartan S,Endometriosis,NA,2022,06,crossref,AAGL2022_015
10.1148/rg.240102.q1,Bowel Endometriosis: Systematic Approach to Diagnosis with US and MRI,,,,RadioGraphics,NA,2025,03,crossref,AAGL2022_015
10.1148/rg.240102.quiz,Bowel Endometriosis: Systematic Approach to Diagnosis with US and MRI,,,,RadioGraphics,NA,2025,03,crossref,AAGL2022_015
10.1148/rg.240102.q2,Bowel Endometriosis: Systematic Approach to Diagnosis with US and MRI,,,,RadioGraphics,NA,2025,03,crossref,AAGL2022_015
10.5301/je.5000271,How to Understand the Complexity of Endometriosis-Related Pain,Chiantera V,Mechsner S,Chiantera V; Abesadze E; Mechsner S,Journal of Endometriosis and Pelvic Pain Disorders," Pain is the most important symptom in patients with endometriosis, and its management is truly challenging. Due to the different localization of the endometriotic lesions in the pelvis, patients suffer from visceral and somatic pain or both at the same time. There are specific and unspecific symptoms characterized by endometriosis. Specific symptoms include dysmenorrhea, cyclic and acyclic pelvic pain, dyschezia, dysuria and dyspareunia. There is also a wide range of unspecific symptoms, such as unspecific bowel and bladder complaints, the emission of pain in the legs, vegetative concomitants like vomiting, emesis, gastric disorders, headaches, dizziness, painful ovulation, irregular pelvic pain, lower back pain, chronic fatigue. These symptoms can be both cyclic and acyclic, and in most cases, they are permanent.  Visceral and somatic pain are completely different pain subtypes and can therefore be an explanation for the wide variety of symptoms. The close interaction between visceral sensory nerve fibers and the autonomic ganglia explain the high rate of concomitant vegetative reactions, such as vomiting and orthostatic dysregulation. In general, pain generation is a complex interplay of peripheral and central sensitization mechanisms. Accordingly, the pain produced in endometriotic lesions is the result of mediating substances, nerve fibers, cytokine-releasing immune cells and macrophages synthesis. These interactions seem to stimulate the neurogenic inflammatory process and sensitization of the peripheral nerves.  Furthermore, the disruption of the input on the level of the spinal cord and the recognition of the pain in the brain may lead to exaggerated responses known as central hyperalgesia. Hormones and psychological factors influence the pain sensation and make the status of each patient very individual. Consequently, the involvement of professional pain management along with an implementation of pain-coping strategies in the patient's everyday life are obligatory in chronic pain situations. An additional osteopathic treatment with a manual resolve of muscle blockades to avoid secondary “pain intensifying” changes of the pelvic floor (tension) or malposition through relieving posture, is also recommended.  Pain management in patients with endometriosis is very complex and requires an individual treatment strategy for each patient to avoid unnecessary surgical procedures. This information proves that it is hard to break the cycle of pain when chronic pain syndrome is already apparent. ",2017,01,crossref,AAGL2022_015
10.5301/je.5000225,Diagnosis and Management of Genitourinary Stone in Vesicovaginal Fistula Tract,Lee T,Jurnalov C,Lee T; Jurnalov C,Journal of Endometriosis and Pelvic Pain Disorders," We present a case of a stone discovered in a vesicovaginal fistula after a total abdominal hysterectomy. Case A 53-year-old woman presented with complaints of severe urinary incontinence, dyspareunia, and post-coital bleeding after hysterectomy. Her partner reported pain with intercourse as well. Physical examination revealed urinary stone wrapped around permanent suture within the vesicovaginal fistula tract. Patient was taken to the operating room for repair of the vesicovaginal fistula, anterior colporrhaphy and cystoscopy. ",2015,12,crossref,AAGL2022_015
10.1007/978-3-030-52984-0_4,Defining Endometriosis for Doctors and Patients,Carvalho S,Setúbal A,Carvalho S; Setúbal A,Endometriosis in Adolescents,NA,2020,01,crossref,AAGL2022_015
10.1201/9780429488115-10,Ovarian Endometriosis,Saridogan E,Saridogan E,Saridogan E; Saridogan E,Endometriosis,NA,2022,06,crossref,AAGL2022_015
10.1201/9780429488115-2,Endometriosis:,Ali O,Amso N,Ali O; Amso N,Endometriosis,NA,2022,06,crossref,AAGL2022_015
10.1201/9780429488115-1,The Origins of Endometriosis,Wright J,Wright J,Wright J,Endometriosis,NA,2022,06,crossref,AAGL2022_015
10.1007/978-3-030-52984-0_15,Current Classifications Addressing Endometriosis in Adolescents Related to Symptoms,Ananth P,Nezhat C,Ananth P; Nezhat C,Endometriosis in Adolescents,NA,2020,01,crossref,AAGL2022_015
10.1017/cbo9781139135054.033,Pelvic pain and endometriosis,,,,Problem-Based Pain Management,NA,2013,10,crossref,AAGL2022_015
10.1177/2284026520903214,Path to diagnosis and women’s perspectives on the impact of endometriosis pain,Lamvu G,Schneider B,Lamvu G; Antunez-Flores O; Orady M; Schneider B,Journal of Endometriosis and Pelvic Pain Disorders,"Introduction: Endometriosis is a burdensome chronic disease that can be difficult to diagnose, yet few studies examine experiences along the continuum of disease state. We sought to explore women’s journeys to an endometriosis diagnosis, experience with endometriosis pain, and interactions with healthcare practitioners. Methods: An anonymous 23-question online survey was distributed to women (aged &gt;19 years) who self-identified as having a surgical or nonsurgical diagnosis of endometriosis and living in seven English-speaking countries through the social media network MyEndometriosisTeam.com . Results: From January through April 2018, 317 women in the United States and 134 women outside the United States completed the survey. More than 50% of the women waited 6 or more years for a diagnosis of endometriosis. Overall, 54.3% experienced endometriosis-related pain daily. Respondents (US/non-US) reported a significant impairment in quality of life that interfered with their family (45.7%/45.5%) and social life (40.1%/44.0%), education/career (42.9%/46.3%), and sexual function (68.1%/70.1%). Women reported their disease led to other conditions, including fatigue (93.6%), gastrointestinal issues (91.8%), and difficulty sleeping (87.4%). Many women were not satisfied with their practitioner’s ability to listen to concerns and felt that their practitioner’s treatment recommendations lacked consistency with their own goals/needs. Conclusion: Women still experience long delays and difficult journeys to an endometriosis diagnosis. Disease-associated pain is pervasive and has direct and indirect impacts on quality of life. Women are frequently not satisfied with disease-management options presented to them by their practitioners. These results suggest a need for improved medical education on disease state for both patients and practitioners. ",2020,03,crossref,AAGL2022_015
10.1007/978-3-030-50446-5_17,Fertility and Infertility in Patients with Bowel Endometriosis,Ferrero S,Grudzinskas G,Ferrero S; Watrelot A; Grudzinskas G,Clinical Management of Bowel Endometriosis,NA,2020,01,crossref,AAGL2022_015
10.1016/j.jmig.2022.09.048,Differences in Route of Benign Hysterectomy in Black Patients for Abnormal Uterine Bleeding with Exclusion of Fibroid Diagnosis,Palacios-Helgeson L,Gould C,Palacios-Helgeson L; Osmundsen B; Gould C,Journal of Minimally Invasive Gynecology,NA,2022,11,crossref,AAGL2022_030
10.1017/9781009003674.079,A 40-Year-Old G4P4 Woman with 16-Week-Size Fibroid Uterus and Abnormal Uterine Bleeding Desiring Hysterectomy,Webb C,Webb C,Webb C,Surgical Gynecology,NA,2021,12,crossref,AAGL2022_030
10.4103/asl.asl_72_22,Ayurvedic Management of Abnormal Uterine Bleeding in Uterine Fibroid,Rajoria K,Singh S,Rajoria K; Singh S,Ancient Science of Life,"Summary
          Abnormal uterine bleeding (AUB) is the most common gynecological problem and is often accompanied with uterine fibroid. Very limited options are available in biomedicine for the AUB. In this reported case, AUB associated with stasis dermatitis was managed on the line of treatment of Vataja Yonivyapada with satisfactory results. This is a case of AUB in uterine fibroid associated with stasis dermatitis in the left lower limb of a 39-year-old female. Gokshuradi Guggulu 750 mg, Shatavari Churna - 2 g, Gairika - 500 mg, and Mukta Shukti Pishti - 500 mg were given twice a day for 18 months, Pushyanuga Churna - 2 g, Chandraprabha Vati - 250 mg, and Arsha Kuthara Rasa 250 mg twice a day for 8 months, and Gokshura churna - 2 g twice a day for 14 months were given to her as oral medication. Jatyadi taila was applied locally twice a day on affected area for 17 months. Four sets of Anuvasana Basti (medicated oil enema), one set of Raktamokshana (therapeutic bloodletting) with Alabu, and three sets of Raktamokshana with Shringa were also adopted in 14 months of treatment duration. After 14 months of treatment, the size of the bulky uterus was reduced from 108 mm × 76 mm × 70 mm in May 2018 to 102 mm × 64 mm × 55 mm in May 2019 and from 7.0 to 6.6 mm in endometrium thickness. The fibroid was resolved, and abnormal bleeding was arrested. This case demonstrates that Ayurveda oral medication and Panchakarma based on the management of Vataja Yonivyapada may be useful in AUB associated with stasis dermatitis.",2024,01,crossref,AAGL2022_030
10.47310/iajapn.2020.v01i01.005,Sonographic and Histopathological Correlation of Hysterectomy Specimens Among Perimenopausal Women with Abnormal Uterine Bleeding,Jeffrey Lucero A,Jeffrey Lucero A,Jeffrey Lucero A,International Academic Journal of Advanced Practices in Nursing,"The research paper was conducted from 2015 to 2016 in selected hospitals in the province of Cavite, Philippines. It generally aimed to determine the correlation of sonographic and histopathological findings of hysterectomy specimens among perimenopausal women with abnormal uterine bleeding. Following a retrospective study using descriptive research design, 48 patients participated in the study. Results revealed that ultrasonography and histopathological examination moderately correlate in diagnosing fibroid and adenomyoma. Pertinent tests and procedures have to be carried out to validate the ultrasonography findings.",2020,10,crossref,AAGL2022_030
10.1891/9780826144676.0054,Abnormal Uterine Bleeding,,,,Formulating a Differential Diagnosis for the Advanced Practice Provider,NA,2022,04,crossref,AAGL2022_030
10.7759/cureus.30163,Spontaneous Expulsion of a Huge Cervical Fibroid After Uterine Artery Embolization Done as a Lifesaving Procedure for Acute Severe Abnormal Uterine Bleeding,Memon S,Potdar J,Memon S; Acharya N; Potdar J,Cureus,NA,2022,10,crossref,AAGL2022_030
10.2139/ssrn.4925453,Uterine Necrosis Requiring Hysterectomy after Transcervical Uterine Fibroid Radiofrequency Ablation,Cline B,Doytcheva K,Cline B; Eastman L; Doytcheva K,NA,NA,NA,01,crossref,AAGL2022_030
10.53350/pjmhs2023174232,Histopathological Diagnosis of Hysterectomy Specimens in Abnormal Uterine Bleeding,Tahseen H,Maqsud M,Tahseen H; Khokhar S; Atif N; Qurban S; Khurshid H; Maqsud M,Pakistan Journal of Medical and Health Sciences,"Background: Abnormal uterine bleeding (AUB) is a common and distressing condition effecting predominantly perimenopausal women. Heavy menstrual bleeding (HMB) is the most common presentation of AUB. There are many structural and non structural causes of AUB. Histopathology of endometrial curettings is well studies before but the histopathological patterns of hysterectomy specimens are not well studied.  Objective: The objective of this study is to: Find out histopathological diagnosis of hysterectomy specimens in patients of AUB.  Study Design: Retrospective Cohort study. Place and Duration of Study: Gynecology and Pathology departments of Azra Naheed and Rashid Latif medical colleges from January 2022 to January 2023. Methods: Histopathology reports of all hysterectomies done for AUB in both medical colleges allied hospitals were retrieved retrospectively and evaluated in detail. Four age groups were defined 30-40 years, 41-50, 51-60 and 61-70 years. Various patterns were recorded overall and separately for each group and results established. Results: A total of 221 abdominal hysterectomy histopathology reports were retrieved and evaluated. All hysterectomies were performed for AUB during one year period between January 2022 to January 2023. 40(18.09%) women were between 30-40 years of age, 134(60.6%) were between 41-50 years of age, 39(17.6%) were between 51-60 years of age and 08(3.61%) patients were between 61-70 years of age. Distorted proliferative phase endometrium was seen in 28(12.6%) of cases, Adenomyosis was seen in 76(34.38%), endometrial polyps in 19(8.55%), fibroids in 92(41.6%), metaplasia 07(3.1%), hyperplasia 10(4.5%), and endometrial carcinoma was seen 09 (4.07%) of cases. Conclusion: AUB is most common in perimenopausal women. Fibroids, Adenomyosis, and disordered proliferative endometrium were most common in perimenopausal women while carcinoma endometrium was most common cause of AUB in postmenopausal women. This study will help Gynecologists to better find out the cause of AUB and treat accordingly. Keywords: Abnormal uterine bleeding (AUB), Heavy menstrual bleeding (HMB), Perimenopausal, Hysterectomy. Histopathology, Endometrium",2023,05,crossref,AAGL2022_030
10.31525/ct1-nct04237558,Laparoscopic Versus Vaginal Hysterectomy in Women With Abnormal Uterine Bleeding Using Bipolar Vessel Sealer,,, ,Case Medical Research,NA,2020,01,crossref,AAGL2022_030
10.18535/jmscr/v5i1.125,Clinico-Pathological Correlation of Hysterectomy Specimens for Abnormal Uterine Bleeding in Peri Menopausal Women,,MD D, ; MD D,Journal of Medical Science And clinical Research,NA,2017,01,crossref,AAGL2022_030
10.21276/obgyn.2022.8.2.19,"A study to analyze and correlate histopathology of hysterectomy specimen, ultrasonography and clinical presentation in perimenopausal women with abnormal uterine bleeding",Sharma R,Sahai A,Sharma R; Sahai A,The New Indian Journal of OBGYN,NA,2022,02,crossref,AAGL2022_030
10.33029/9704-7046-6-aub-2022-192,Abnormal uterine bleeding,Damirov M,Damirov M,Damirov M,Abnormal uterine bleeding,NA,2022,01,crossref,AAGL2022_030
10.17656/jsmc.10205,DIAGNOSTIC ACCURACY OF ENDOMETRIAL CURETTAGE IN COMPARISON TO HYSTERECTOMY SPECIMENS IN PATIENTS WITH ABNORMAL UTERINE BLEEDING,Fattah C,Ahmed S,Fattah C; Ahmed S,JOURNAL OF SULAIMANI MEDICAL COLLEGE,"Background 
Endometrial biopsy is an important technique used in the assessment of the Abnormal Uterine Bleeding (AUB) in women &gt;40 years and post-menopausal women to exclude endometrial pathological abnormalities (endometrial hyperplasia and carcinoma) and confirm benign nature of the problem. Patients will be offered conservative or medical treatment and unnecessary radical surgery can be avoided.
Objectives 
To compare the diagnostic accuracy of endometrial curetting and the subsequent hysterectomy specimen histology in AUB in women &gt; 40 years old and postmenopsal women. Also to evaluate causes of per and post-menopausal bleeding.
Patients and Methods
Endometrial sampling was obtained by dilatation and curetting (D&amp;C) on 80 patients in premenopausal and post-menopausal women. Most of those patients were already planned for hysterectomy for abnormal uterine bleeding. Verbal consent was taken from all patients. Both samples were numbered and sent to a different histolopathologist. The histology report of both D&amp;C and hysterectomy specimens were compared. Hysterectomy report was considered as the gold standard. 
Results
Mean duration between the curetting and hysterectomy was 5 weeks. The histology of 80 samples obtained by D&amp;C show normal endometrium in 25 cases, endometrial hyperplasia without atypia in 36 specimens and with atypia in 4 specimens, endometrial polyps in 10, atrophic endometrium in one specimen, and endometrial carcinoma in 3 specimens. 98.8% of the samples obtained by D&amp;C were adequate for histological examination. Our results show 77.5% of the cases concordance between the D&amp;C and hysterectomy specimen. Accuracy for complex hyperplasia with or without atypical was 100% sensitivity, 100% specificity, followed by simple hyperplasia and benign endometrial causes of AUB condition. 
Conclusion
Abnormal Uterine Bleeding AUB increases with age, with a profound increase in incidence in premenopausal women. Endometrial hyperplasia was the most common cause of AUB. D&amp;C is an accurate, minimally invasive procedure for detecting endometrial pathology especially for complex hyperplasia, and it has high sensitivity and specificity than those of simple hyperplasia.",2019,09,crossref,AAGL2022_030
10.18203/2349-3259.ijct20242672,Histopathological spectrum of uterine lesions in hysterectomy specimens of patients with abnormal uterine bleeding,Shrivastava K,Dhakar J,Shrivastava K; Mishra R; Tiwari P; Totade S; Dhakar J,International Journal of Clinical Trials,"Background: Abnormal uterine bleeding (AUB) is an overarching term that reflects any departure from normal menstruation or regular menstrual cycle patterns. Treatment depends upon the cause. Hysterectomy being a definite treatment for structural uterine pathology.
Methods: This cross-sectional observational study was conducted in department of pathology, Netaji Subhash Chandra Bose medical college Jabalpur (M.P.). The study comprised of 140 hysterectomy specimens with or without salpingo-oophorectomy obtained from AUB patients and submitted for histopathological examination in our department during study period of 18 months. The relevant data of the patients was collected and analyzed as per designed proforma.
Results: Out of 140 cases, majority of the patients were in 41-50 years age group 63 cases (45%), followed by 31-40 years age group 59 cases (42.14%). Most common clinical presentation was heavy menstrual bleeding in 83 cases (59.28%), followed by intermenstrual bleeding and pain in abdomen in 66 cases (47.14%) each. Commonest lesion found was leiomyoma, 83 cases (59.28%), second being dual pathology of adenomyosis with leiomyoma 23 cases (16.42%) followed by adenomyosis, 19 cases (13.57%). Four cases (2.85%) of benign endometrial polyp and endometrial carcinoma each and 1 case of adenomyoma, simple endometrial hyperplasia and endometrial stromal sarcoma, each, were reported.
Conclusions: A wide spectrum of histopathological findings, ranging from normal cyclic endometrium to benign pathology and malignancy were seen. In some patients, dual pathologies, incidental findings and occult malignant lesions, which were missed clinically or radiologically, was diagnosed on histopathological examination, thus making it a gold standard for definite diagnosis.",2024,09,crossref,AAGL2022_030
10.18535/jmscr/v7i4.86,Endometrial Pathologies in Patients of Abnormal Uterine Bleeding (AUB),,Sinha D, ; Sinha D,journal of Medical Science And clinical Research,NA,2019,04,crossref,AAGL2022_030
10.31579/2642-9756/037,Minilaparotomy hysterectomy Versus laparoscopic hysterectomy for benign uterine lesions A Comparative study,El-Dorf A,El-Dorf A,El-Dorf A,Women Health Care and Issues,"Background:  Hysterectomy is world wide's second most commonly done gynecological surgery, second only to the caesarean section. There is no general consensus, however, about the optimal hysterectomy process. Hysterectomy may be achieved through different techniques such as stomach, vaginal and laparoscopic.  The goal of the study is to explore whether the hysterectomy of minilaparotomy for benign uterine lesions may be a viable option to laparoscopic hysterectomy in terms of short-term operational and postoperative performance.  Methods:  105 patients who were due to undergo complete hysterectomy for a benign uterine lesion were split into 3 categories according to their preference of therapeutic therapy method: group A (35 patients) minilaparotomy hysterectomy utilizing traditional sutures. Group B (35 patients) minilaparotomy hysterectomy utilizing bipolar vessel sealing procedure (Ligasure). Group C (35patients) laparoscopic hysterectomy using Ligasure.  Result (s): The operating time in Group A (84.71 ±  9.91 minutes), group B (55.31 ±  7.81 minutes), while group C (94.81 ±  16.1 minutes).The duration until resumption of intestinal sounds in group C (12.31 ±  2.51 hours) in comparison to group A (17.41 ± 1.91 hours) and group B (16.51 ±  1.761 hours).  Blood loss in group B (99.11 ± 30.81 ml), group A (130.31 ± 54.41 ml) and group C (136.61 ± 6.61 ml). The longest hospital stay occurred in group A (31.8 1± 5.71 hours) versus groups B (20.71 ± 2.51 hours) and C (19.31 ± 6.1 hours). The highest pain score was observed in group A (5.21 ± 1.11) versus groups B (3.81 ± 1.61) and C (3.71 ± 1.21). There was no significant difference in the incidence of intraoperative or postoperative complications.  Conclusion (s): Less operational time and intraoperative blood loss were correlated with the usage of ligasure bipolar vessel sealing device in minilaparotomy hysterectomy, whereas it was comparable to laparoscopic hysterectomy in hospital stay and low morbidity postoperative pain scoring and a limited hospital stay. It can be an acceptable alternative to laparoscopic hysterectomy, suitable in areas without laparoscopic experience or facilities.",2020,12,crossref,AAGL2022_030
10.1016/j.jval.2021.04.557,PIH39 Treatment Patterns in Uterine Fibroid Patients Without a Claims Diagnosis of Heavy Menstrual Bleeding (HMB),McKain L,Lickert C,McKain L; Edsall K; Dufour R; Lickert C,Value in Health,NA,2021,06,crossref,AAGL2022_030
10.26442/20795696.2019.2.190383,Optimization of treatment tactics in patients with abnormal uterine bleeding on the background of benign hyperplastic processes in the uterus,Khodjaeva A,Khodjaeva A,Khodjaeva A,Gynecology,"Aim. Optimization of management tactics for patients with abnormal uterine bleeding on the background of benign endometrial and myometrial hyperplastic processes (BEMH) using systemic enzyme therapy. Materials and methods. 90 female patients with BEMH were included. They were divided into three groups: group 1 - women with endometrial hyperplasia, group 2 - women with uterine myoma of small size (6-8 weeks) in combination with endometrial hyperplasia and group 3 - women with endometrial hyperplasia in combination with endometriosis. Systemic enzyme therapy drug was used. Results and conclusions. BEMH are accompanied by inhibition of cellular immunity (pronounced suppression of T-lymphocytes) and excessive activation of humoral immunity. Therefore, an immunomodulatory effect of systemic enzyme therapy at hyperplastic processes is the basis for its prescription for comprehensive treatment of patients with combined endometrial and myometrial hyperplastic processes.",2019,04,crossref,AAGL2022_030
10.21276/aimdr.2017.3.5.og2,Clinico-Pathological Variations in Patients of Abnormal Uterine Bleeding: A Prospective Study,Guliani M,Kaur A,Guliani M; Kaur A,Annals of International medical and Dental Research,NA,2017,09,crossref,AAGL2022_030
10.15537/smj.2017.5.19368,Agreement of histopathological findings of uterine curettage and hysterectomy specimens in women with abnormal uterine bleeding,Moradan S,Lotfi A,Moradan S; Ghorbani R; Lotfi A,Saudi Medical Journal,NA,2017,05,crossref,AAGL2022_030
10.1016/j.jmig.2022.09.057,Laparoscopic Modified McCall Culdoplasty,Foxx A,Till S,Foxx A; Whitmore G; Till S,Journal of Minimally Invasive Gynecology,NA,2022,11,crossref,AAGL2022_038
10.1016/j.jmig.2014.08.069,Prophylactic Modified McCall Culdoplasty during Total Laparoscopic Hysterectomy,Hobbs K,Siedhoff M,Hobbs K; Till S; Moulder J; Steege J; Siedhoff M,Journal of Minimally Invasive Gynecology,NA,2014,11,crossref,AAGL2022_038
10.1155/2019/8047924,Prophylactic McCall Culdoplasty by a Vaginal Approach during Mini-Laparoscopic Hysterectomy,Gencdal S,Kelekci S,Gencdal S; Demirel E; Soyman Z; Kelekci S,BioMed Research International,"Background. In gynecological surgery, one particular area of concern after hysterectomy is the risk of developing an enterocele or vaginal apical prolapse. The aims of this study were to evaluate the safety and efficacy of prophylactic McCall culdoplasty (MC) performed during mini-total laparoscopic hysterectomy (mini-TLH), as well as to compare the differences in apical support, total vaginal length (TVL), and sexual function at one and two years postoperatively. Methods. Data were retrospectively reviewed for all women who underwent mini-TLH and mini-TLH + MC at a tertiary care center between August 2012 and January 2016 were from the hospital database. There were 18 women who underwent mini-TLH + MC and were considered as the study group, while 20 women who were treated with mini-TLH were considered as the control group. The primary outcome measures were the differences in apical support and TVL and impact on sexual function. Results. After mini-TLH + MC, the apical vaginal support difference was improved by 2.2 cm. The mean difference in C point was 1.03 cm in the mini-TLH group, which was not significant at two years after the operation. The vaginal vault descent at two years after operation was more prominent in the mini-TLH group than the mini-TLH + MC groups. Apical support changes at two years after the operation were more prominent in the mini-TLH group (0.5 ± 0.6 cm) than the mini-TLH + MC group (1.9 ± 1.2 cm). Conclusion. Prophylactic MC by a vaginal approach during mini-TLH is safe, satisfactory, and efficient for apical support without severe morbidity.",2019,05,crossref,AAGL2022_038
10.1186/s10397-017-1006-4,Vaginal McCall culdoplasty versus laparoscopic uterosacral plication to prophylactically address vaginal vault prolapse,Niblock K,Johnston K,Niblock K; Bailie E; McCracken G; Johnston K,Gynecological Surgery,"Abstract
                Background
                Studies have shown that vaginal vault prolapse can affect up to 43% of women following hysterectomy for pelvic organ prolapse. Many techniques have been described to prevent and treat vaginal vault prolapse. The primary objective of our study was to compare McCall’s culdoplasty (when performed along side vaginal hysterectomy) with laparoscopic uterosacral plication (when performed along side total laparoscopic hysterectomy) for prevention of vaginal vault prolapse. Secondary outcomes included inpatient stay and perioperative complications.
                A retrospective comparison study comparing 73 patients who underwent ‘laparoscopic hysterectomy and uterosacral plication’ against 70 patients who underwent ‘vaginal hysterectomy and McCall culdoplasty’.  All operations were carried out by two trained surgeons.
              
                Results
                There was no significant difference between BMI or parity. There were statistically significantly more patients presenting with post hysterectomy vault prolapse (PHVP) in the group of patients who had undergone uterosacral plication (12 out of 73) compared with McCalls culdoplasty (0 out of 70) P = 0.000394. Inpatient stay in the uterosacral plication group was significantly shorter mean 1.8 compared to 3.6 for McCall group (P-Value is &lt;0.00001). There was no significance in the perioperative complications between both groups (P = 0.41).
              
                Conclusions
                McCalls is a superior operation to prevent PHVP compared to uterosacral plication with no difference in terms of perioperative complications.
              ",2017,12,crossref,AAGL2022_038
10.5005/jp/books/12388_11,Reich Modification of the McCall Culdoplasty to Prevent and/or Repair Prolapse during Total Laparoscopic Hysterectomy,Reich H,Mathews S,Reich H; Orbuch I; Seckin T; Orbuch L; Mathews S,State-of-the-Art Atlas and Textbook of Laparoscopic Suturing in Gynecology,NA,2015,01,crossref,AAGL2022_038
10.1007/s00192-020-04403-4,Traditional McCall culdoplasty compared to a modified McCall technique with double ligament suspension: anatomical and clinical outcomes,Parisi S,Puppo A,Parisi S; Novelli A; Olearo E; Basile A; Puppo A,International Urogynecology Journal,NA,2020,10,crossref,AAGL2022_038
10.1007/s00192-024-05886-1,A Modified McCall Culdoplasty in Pelvic Organ Prolapse Surgery: Anatomical and Functional Outcomes,Ettore G,Ettore C,Ettore G; Torrisi G; Grimaldi R; Ettore C,International Urogynecology Journal,NA,2024,12,crossref,AAGL2022_038
10.1016/j.jmig.2017.10.036,McCall Culdoplasty during Total Laparoscopic Hysterectomy: A Pilot Randomized Controlled Trial,Till S,Siedhoff M,Till S; Hobbs K; Moulder J; Steege J; Siedhoff M,Journal of Minimally Invasive Gynecology,NA,2018,05,crossref,AAGL2022_038
10.1016/j.jmig.2012.08.699,McCall Culdoplasty Robotically Revisited,Mackenzie M,Mackenzie M,Mackenzie M,Journal of Minimally Invasive Gynecology,NA,2012,11,crossref,AAGL2022_038
10.24296/jomi/272,"Laparoscopic Suture Rectopexy with Culdoplasty, Vaginal Wall Repair, and Perineorrhaphy for Rectal Prolapse",Ortega M,Ortega M,Ortega M,NA,NA,NA,01,crossref,AAGL2022_038
10.1016/j.jogc.2021.04.012,Long-Term Experience with Modified McCall Culdoplasty in Women Undergoing Vaginal Hysterectomy for Pelvic Organ Prolapse,Bushra M,Alarab M,Bushra M; Anglim B; Al-Janabi A; Lovatsis D; Alarab M,Journal of Obstetrics and Gynaecology Canada,NA,2021,10,crossref,AAGL2022_038
10.1016/j.tjog.2022.11.013,McCall culdoplasty vs. vaginally assisted laparoscopic sacrocolpopexy in the treatment of advanced uterine prolapse: A randomized controlled study,Karadag B,Tatar S,Karadag B; Mulayim B; Karadag C; Akdaş B; Karataş S; Yüksel B; Tatar S,Taiwanese Journal of Obstetrics and Gynecology,NA,2023,03,crossref,AAGL2022_038
10.1016/j.jogc.2019.01.012,Ureteric Obstruction Following McCall Culdoplasty,Wojcik S,Pascali D,Wojcik S; Singh S; Pascali D,Journal of Obstetrics and Gynaecology Canada,NA,2020,07,crossref,AAGL2022_038
10.1007/s00192-016-3016-6,Modified McCall culdoplasty versus Shull suspension in pelvic prolapse primary repair: a retrospective study,Spelzini F,Milani R,Spelzini F; Frigerio M; Manodoro S; Interdonato M; Cesana M; Verri D; Fumagalli C; Sicuri M; Nicoli E; Polizzi S; Milani R,International Urogynecology Journal,NA,2017,01,crossref,AAGL2022_038
10.1016/j.ejogrb.2022.01.012,Fixation of uterosacral ligaments to anterior vaginal wall during modified McCall culdoplasty after vaginal hysterectomy,Mancarella M,Sgro L,Mancarella M; Testa F; Chiadò Piat F; Novara L; Biglia N; Sgro L,European Journal of Obstetrics &amp; Gynecology and Reproductive Biology,NA,2022,03,crossref,AAGL2022_038
10.3329/bjog.v37i2.68795,Complications during Vaginal Sacrospinous Fixation along with McCall Culdoplasty in Stage III and IV POP,Begum B,Begum R,Begum B; Begum B; Begum R,Bangladesh Journal of Obstetrics &amp; Gynaecology,"In Bangladesh, about half a million women are suffering from stage III or IV pelvic organ prolapse (POP). With traditional surgical methods, there is a chance of recurrence, especially of apical prolapse. Sacrospinous fixation (SSF) along with MacCall Culdoplasty during vaginal hysterectomy can reduce this recurrence rate enormously. This study was designed to identify, manage as well as to prevent per-/post-operative complications during SSF. The study period was from August 2017 to December 2021 at Kumudini Women’s Medical College and Hospital, Bangladesh. Total 335 stage III and IV utero-vaginal prolapse cases were included in this study. The surgeries performed were vaginal hysterectomy followed by modified McCall Culdoplasty and right-sided vaginal sacrospinous ligament fixation (SSF) along with anterior and posterior fascial closure and perineorrhaphy. A standard data collection sheet was used to record the information. Per-operatively, main complications were hemorrhage (3.57%) due to vessel injury and rectal injury (0.90%). The immediate early postoperative complication was buttock pain (24%). Of these, in 97.53% cases, pain subsided within 6 weeks with analgesic and counselling. Only one patient had recurrence of apical prolapse within 1st week of operation. It should be concluded that with proper knowledge of anatomy and careful surgical technique, most of the complications can be avoided.
Bangladesh J Obstet Gynaecol, 2022; Vol. 37(2): 90-97",2023,11,crossref,AAGL2022_038
10.1007/s00192-021-04890-z,The effectiveness of McCall culdoplasty following vaginal hysterectomy in advanced stages of uterine prolapse,Barber E,Ginath S,Barber E; Kleiner I; Tairy D; Bar J; Ginath S,International Urogynecology Journal,NA,2021,08,crossref,AAGL2022_038
10.1016/j.jogc.2024.102531,An Approach to Apical Support: Laparoscopic McCall's Culdoplasty,Shishkina A,Simpon A,Shishkina A; Miazga E; Shivji A; Shore E; Simpon A,Journal of Obstetrics and Gynaecology Canada,NA,2024,05,crossref,AAGL2022_038
10.31083/j.ceog.2021.02.2315,Comparison of vaginal hysterectomy with McCall culdoplasty and transvaginal mesh surgery in the management of female pelvic organ prolapse,Choi H,Kim C,Choi H; Cho M; Kim C,Clinical and Experimental Obstetrics &amp; Gynecology,"Background: The aim of this study was to compare the outcomes of vaginal hysterectomy with McCall culdoplasty and transvaginal mesh surgery in the management of female pelvic organ prolapse. Methods: We compared anatomical and functional outcomes who underwent vaginal hysterectomy with McCall culdoplasty or transvaginal mesh surgery for anterior and apical vaginal prolapse at a single tertiary center from January 2009 to December 2016. Anatomical outcome was measured by POP-Q stage and functional outcomes were measured using three questionnaires: the Pelvic Floor Distress Inventory (PFDI-20), the Pelvic Floor Impact Questionnaire (PFIQ-7), and the Pelvic Organ Prolapse/Urinary Incontinence Sexual Questionnaire (PISQ-12). Surgical treatment was done with POP-Q stage &gt; III and anterior or apical compartment prolased patients. Total follow up legnth is two years for each surgical groups. Results: We compared anatomical and functional outcomes in 154 women who underwent vaginal hysterectomy with McCall culdoplasty (n = 80) or transvaginal mesh surgery (n = 74) for anterior and apical vaginal prolapse at a single tertiary center from January 2009 to December 2016. In this retrospective cohort study, no significant differences in anatomical and functional outcomes were observed at 1- and 2-year follow-up between women who underwent McCall culdoplasty or transvaginal mesh surgery, except for total vaginal length. There were no statistical differences between the two groups for postoperative complications like POSUI (transvaginal mesh operation vs hysterectomy with McCall culdoplasty, 17.5% vs 22.5%, respectively, P = 0.651), urinary urgency incontinence (9.4% vs 8.7%, P = 0.48), overactive bladder (4.0% vs 10.0%, P = 0.147), urinary tract infection (0% vs 2.5%, P = 0.21) or recurrence rate (12.3% vs 2.5%, P = 0.155). Conclusion: There were no anatomical or functional differences in outcome between vaginal hysterectomy with McCall culdoplasy and transvaginal mesh surgery.",2021,04,crossref,AAGL2022_038
10.1016/j.jmig.2023.08.382,10399 An Approach to Apical Support: Laparoscopic McCall's Culdoplasty,Shishkina A,Shore E,Shishkina A; Shivji A; Miazga E; Simpson A; Shore E,Journal of Minimally Invasive Gynecology,NA,2023,11,crossref,AAGL2022_038
10.1016/j.jmig.2022.09.062,The Role of Minimally Invasive Intrauterine Surgery in Improving the Results of IVF Programs,Kozachenko I,Stepanian A,Kozachenko I; Smolnikova V; Adamyan L; Stepanian A,Journal of Minimally Invasive Gynecology,NA,2022,11,crossref,AAGL2022_040
10.1016/j.jmig.2015.08.750,Impact of Minimally Invasive Gynecologic Surgery Fellowship Training on Concomitant Levonorgestrel-Releasing Intrauterine Device Placement at the Time of Laparoscopic Surgery,Vu C,Swan K,Vu C; Hernly E; Carey E; Swan K,Journal of Minimally Invasive Gynecology,NA,2015,11,crossref,AAGL2022_040
10.1016/j.jmig.2025.09.331,14898 Practice Pattern Characteristics of Graduates of Minimally Invasive Gynecologic Surgery Fellowship Programs,Dawodu O,Lauer J,Dawodu O; Lauer J,Journal of Minimally Invasive Gynecology,NA,2025,11,crossref,AAGL2022_040
10.1016/j.jmig.2016.08.281,Clinical Pregnancy Rates After Correction Unsuspected Intrauterine Pathologies via Office Hysteroscopy in Patients Who Had One or More Failed IVF Cycles,Oktem M,Erdem M,Oktem M; Isik G; Utkan Z; Erdem A; Erdem M,Journal of Minimally Invasive Gynecology,NA,2016,11,crossref,AAGL2022_040
10.1155/2018/4185840,The Role of Minimally Invasive Techniques in Scoliosis Correction Surgery,Cloney M,Dahdaleh N,Cloney M; Goergen J; Bohnen A; Smith Z; Koski T; Dahdaleh N,Minimally Invasive Surgery,"Objective. Recently, minimally invasive surgery (MIS) has been included among the treatment modalities for scoliosis. However, literature comparing MIS to open surgery for scoliosis correction is limited. The objective of this study was to compare outcomes for scoliosis correction patients undergoing MIS versus open approach. Methods. We retrospectively collected data on demographics, procedure characteristics, and outcomes for 207 consecutive scoliosis correction surgeries at our institution between 2009 and 2015. Results. MIS patients had lower number of levels fused (p&lt;0.0001), shorter surgeries (p=0.0023), and shorter overall lengths of stay (p&lt;0.0001), were less likely to be admitted to the ICU (p&lt;0.0001), and had shorter ICU stays (p=0.0015). On multivariable regression, number of levels fused predicted selection for MIS procedure (p=0.004), and multiple other variables showed trends toward significance. Age predicted ICU admission and VTE. BMI predicted any VTE, and DVT specifically. Comorbid disease burden predicted readmission, need for transfusion, and ICU admission. Number of levels fused predicted prolonged surgery, need for transfusion, and ICU admission. Conclusions. Patients undergoing MIS correction had shorter surgeries, shorter lengths of stay, and shorter and fewer ICU stays, but there was a significant selection effect. Accounting for other variables, MIS did not independently predict any of the outcomes.",2018,01,crossref,AAGL2022_040
10.1016/j.jmig.2015.06.024,Hysteroscopic Resection in Fertility-Sparing Surgery for Atypical Hyperplasia and Endometrial Cancer: How Important Are Intrauterine Adhesions?,Shokeir T,Shokeir T,Shokeir T,Journal of Minimally Invasive Gynecology,NA,2015,11,crossref,AAGL2022_040
10.1016/j.jmig.2017.08.407,"Role of Hysteroscopy as an Indispensable Tool in Diagnosis of Structural Intrauterine Pathologies, Missed on Ultrasound",Mishra J,Sharma P,Mishra J; Sharma P,Journal of Minimally Invasive Gynecology,NA,2017,11,crossref,AAGL2022_040
10.18565/aig.2020.9.97-104,The role of minimally invasive intrauterine interventions in increasing the effectiveness 0of IVF programs,Kozachenko K,,Kozachenko K; Arakelyan A; Smolnikova S; Adamyan L A;  ,Akusherstvo i ginekologiia,NA,2020,09,crossref,AAGL2022_040
10.20517/2574-1225.2021.55,What role does hand-assistance have in minimally invasive pancreatic surgery?,Donisi G,Zerbi A,Donisi G; Zerbi A,Mini-invasive Surgery,NA,2021,01,crossref,AAGL2022_040
10.1016/j.jmig.2018.09.239,Hysteroscopic Approach to Removal of Retained Intrauterine Device in Setting of Intrauterine Pregnancy,Young L,Kasper K,Young L; Kasper K,Journal of Minimally Invasive Gynecology,NA,2018,11,crossref,AAGL2022_040
10.1201/9781315367484-6,▪ OVERVIEW OF MINIMALLY INVASIVE SURGERY OVERVIEW OF MINIMALLY INVASIVE SURGERY TRAINING,,,,Visual Tracking in Conventional Minimally Invasive Surgery,NA,2016,11,crossref,AAGL2022_040
10.1055/b-0042-188736,55 The Role of Biologics in Minimally Invasive Spine Surgery,,,,Essential Step-by-Step Techniques for Minimally Invasive Spinal Surgery,NA,2022,01,crossref,AAGL2022_040
10.20517/2574-1225.2020.47,Minimally invasive pancreaticoduodenectomy with venous resection: results of a systematic review,Addeo P,Addeo P,Addeo P,Mini-invasive Surgery,"Aim : Growing experience with minimally invasive pancreaticoduodenectomy (PD) has led surgeons to expand the indications for this approach. We systematically reviewed the literature on minimally invasive PD with venous resection. 
          Methods : The EMBASE, MEDLINE, and Cochrane central databases were systematically searched for articles from January 2010 to January 2020 describing cases of PD with venous resection. The search was conducted in accordance with the Preferred Reporting Items for Systematic Reviews and Meta-Analyses guidelines. The primary outcomes were feasibility and conversion rate. Secondary outcomes were morbidity, mortality, blood loss and 1-year survival. 
          Results : The literature search found 9 studies reporting 140 patients undergoing PD with venous resection. Sixty-six PDs were performed robotically (47.1%). The conversion rate ranged from 0% to 55%, blood loss ranged from 200 to 842 mL, and operative time ranged from 397 to 518 min. There were 82 lateral (58.5%) and 18 segmental (12.8%) PDs with venous resection. One patient had an associated arterial resection (0.7%). A graft was used for venous reconstruction in 28 patients (20%). Eight deaths (5.7%) were reported postoperatively. 
          Conclusion : Minimally invasive pancreatectomies with synchronous lateral venous resections are increasingly reported by highly experienced surgeons in high-volume institutions. Further experience is needed to validate this approach and prove its advantages over open surgery. ",2020,10,crossref,AAGL2022_040
10.1155/2015/938430,The Role of VATS in Lung Cancer Surgery: Current Status and Prospects for Development,Dziedzic D,Orlowski T,Dziedzic D; Orlowski T,Minimally Invasive Surgery,"Since the introduction of anatomic lung resection by video-assisted thoracoscopic surgery (VATS) 20 years ago, VATS has experienced major advances in both equipment and technique, introducing a technical challenge in the surgical treatment of both benign and malignant lung disease. The demonstrated safety, decreased morbidity, and equivalent efficacy of this minimally invasive technique have led to the acceptance of VATS as a standard surgical modality for early-stage lung cancer and increasing application to more advanced disease. Formerly there was much debate about the feasibility of the technique in cancer surgery and proper lymph node handling. Although there is a lack of proper randomized studies, it is now generally accepted that the outcome of a VATS procedure is at least not inferior to a resection via a traditional thoracotomy.",2015,01,crossref,AAGL2022_040
10.13172/2054-2666-1-1,,,,,OA Minimally Invasive Surgery,NA,2013,01,crossref,AAGL2022_040
10.1016/j.jmig.2014.08.193,Hysteroscopic Myomectomy with Intrauterine Device Preservation,Hahn T,Hahn T,Hahn T,Journal of Minimally Invasive Gynecology,NA,2014,11,crossref,AAGL2022_040
10.1201/9780429198595-16,Hysteroscopic Removal of Intrauterine Adhesions and Intrauterine Septum,Sinha P,Rizk B,Sinha P; Basha S; Gottlieb I; Holliday C; Kovanci E; Rizk B,Advances in Minimally Invasive Gynecologic Reproductive Surgery,NA,2021,07,crossref,AAGL2022_040
10.1016/j.jmig.2016.08.314,The Wayward Intrauterine Device,DeStephano C,Chen A,DeStephano C; Chen A,Journal of Minimally Invasive Gynecology,NA,2016,11,crossref,AAGL2022_040
10.1016/j.jmig.2025.09.084,Successful Pregnancy after Extensive Robotic Adenomyosis Surgery Using the Double-Flap Technique and Intrauterine Indocyanine Green,Oliveira M,Faria B,Oliveira M; Pereira T; Alves J; Faria B,Journal of Minimally Invasive Gynecology,NA,2025,11,crossref,AAGL2022_040
10.1016/j.jmig.2024.09.887,12063 Early Clinical Experience With a Peg-Based Hydrogel Spacer for the Prevention of Intrauterine Adhesions Following Hysteroscopic Surgery,Garza Leal J,Garza Leal J,Garza Leal J,Journal of Minimally Invasive Gynecology,NA,2024,11,crossref,AAGL2022_040
10.31525/ct1-nct04232683,Preoperative Tamsulosin to Prevent Postoperative Urinary Retention After Surgery For Pelvic Floor Disorders,,, ,Case Medical Research,NA,2020,01,crossref,AAGL2022_044
10.1016/j.jmig.2022.09.066,Preoperative Tamsulosin to Prevent Postoperative Urinary Retention after Pelvic Floor Repair Surgery,Garcia-Ruiz N,Hurtado E,Garcia-Ruiz N; Malekzadeh M; Hurtado E,Journal of Minimally Invasive Gynecology,NA,2022,11,crossref,AAGL2022_044
10.1097/spv.0000000000000650,Tamsulosin to Prevent Postoperative Urinary Retention After Female Pelvic Reconstructive Surgery,Chapman G,Mangel J,Chapman G; Sheyn D; Petrikovets A; Mahajan S; El-Nashar S; Pollard R; Mangel J,Female Pelvic Medicine &amp; Reconstructive Surgery,"
            Objective
            This study aimed to determine the effect of tamsulosin on postoperative urinary retention in female patients after pelvic reconstructive surgery.
          
          
            Methods
            Data were obtained from a retrospective, matched cohort of female patients who were admitted after pelvic reconstructive surgery at a single academic institution. Patients who received tamsulosin were compared with those who did not at a 1:4 ratio, matched by surgical procedure. Patients were excluded if they were discharged on the day of surgery or if an intraoperative complication necessitated prolonged postoperative bladder drainage. Information on demographics, preoperative diagnoses, prolapse stage, preoperative voiding dysfunction, urodynamic findings, intraoperative details, postoperative complications, and voiding outcomes up to 6 weeks after surgery was gathered. The primary outcome was postoperative urinary retention, defined by failure of an active voiding trial.
          
          
            Results
            Patients underwent surgery between January 2016 and March 2018. We identified 35 patients who received tamsulosin and matched to 140 controls. Patients in the tamsulosin group were younger; groups were otherwise similar. Patients who received tamsulosin after surgery were less likely to develop postoperative urinary retention (2.9% vs 24.3%, P = 0.004). After controlling for confounders, multivariable logistic regression identified tamsulosin use as the only independent predictor of postoperative urinary retention with a significant protective effect (odds ratio, 0.09; 95% confidence interval, 0.01–0.67; P = 0.03).
          
          
            Conclusions
            Prophylactic tamsulosin use may be effective in preventing postoperative urinary retention in female patients undergoing pelvic reconstructive surgery.
          ",2020,11,crossref,AAGL2022_044
10.4103/sjl.sjl_2024_a17,SJLA_2024_A17: Use of Perioperative Tamsulosin to Prevent Postoperative Urinary Retention Following Day Case Laparoscopic Inguinal Hernia Repair,AlGhazal T,AlGhazal T,AlGhazal T,Saudi Journal of Laparoscopy,"Postoperative urinary retention is one of the more common complications following laparoscopic inguinal hernia repair (LIHR). We hypothesized that the oral one adrenergic blocker Tamsulosin, (Flomax, Boehringer Ingelheim) could be used to decrease the incidence of urinary retention after LIHR. Data from all patients undergoing laparoscopic total extraperitoneal (TEP) inguinal hernia repair by a single surgeon from June 2012 through June 2017 were collected prospectively. Patients received Tamsulosin (Flomax) 0.4 mg/day orally for a total of 5 days beginning 2 days before surgery. All TEP procedures were done under general anesthesia without a urinary catheter in place. Patients were discharged home after voiding in the recovery area. Data are expressed as mean ± standard deviation; flomax was administered to 30 of 32 consecutive patients undergoing outpatient TEP inguinal hernia repair. The mean patient age was 51.3 ± 10.5 years (28–72 years). Ten (32.2%) patients were operated on for recurrent inguinal hernias, 14 (45.1%) had bilateral hernias repaired, and 4 (12.9%) had concomitant umbilical hernia repair. The average operative time was 60 ± 24 min. The mean amount of intraoperative fluids given was 998 ± 297 ml. Two patients were excluded from the study because they required a urinary catheter in the operating room for other reasons (one requiring concomitant cystoscopy and one with anticipated complicated repair in patients who had three prior open inguinal hernia repairs and did not take Flomax). None of the patients given Flomax perioperatively developed urinary retention and all were discharged home the same day of surgery. In contrast, the two patients undergoing TEP repairs who did not receive Flomax perioperatively both developed urinary retention that required catheter placement.",2023,01,crossref,AAGL2022_044
10.1016/j.ajog.2024.02.136,Tamsulosin for prevention of postoperative urinary retention after vaginal pelvic organ prolapse surgery: a retrospective review,Song J,Alas A,Song J; Alas A,American Journal of Obstetrics and Gynecology,NA,2024,04,crossref,AAGL2022_044
10.1016/j.jss.2020.12.055,Preoperative Tamsulosin to Prevent Postoperative Urinary Retention: A Randomized Controlled Trial,Papageorge C,Carchman E,Papageorge C; Howington B; Leverson G; Kennedy G; Carchman E,Journal of Surgical Research,NA,2021,06,crossref,AAGL2022_044
10.1097/spv.0000000000000970,The Association of Preoperative Medication Administration and Preoperative and Intraoperative Factors With Postoperative Urinary Retention After Urogynecologic Surgery,Schmidt P,Berger M,Schmidt P; Kobernik E; Fairchild P; Anderson A; Lanham M; Berger M,Female Pelvic Medicine &amp; Reconstructive Surgery,"
            Objectives
            The aim of this study was to determine if preoperative medication administration is associated with postoperative urinary retention (PUR) after urogynecologic procedures and identify preoperative and intraoperative factors that are predictive of PUR.
          
          
            Methods
            A retrospective review of patients who underwent prolapse and/or incontinence surgery was performed. The primary outcome was PUR, defined as postoperative retrograde void trial with postvoid residuals of greater than 100 mL. Bivariate analysis was performed to compare demographics and preoperative and intraoperative characteristics of women with and without PUR, and multivariable logistic regression modeling was used to identify independent predictors of PUR.
          
          
            Results
            Of women in this cohort, 44.8% (364/813) had PUR. There were no significant differences in preoperative medication administration in women with and without PUR. Age older than 60 years (adjusted odds ratio [aOR], 1.48; 95% confidence interval [CI], 1.09–2.02), combined prolapse and incontinence surgery (aOR, 1.84; 95% CI, 1.29–2.62), vaginal hysterectomy (aOR, 1.66; 95% CI, 1.66–2.38), and procedure time (aOR, 1.01; 95% CI, 1.00–1.01) were associated with increased odds of PUR, whereas laparoscopic sacrocolpopexy was associated with lower odds (aOR, 0.22; 95% CI, 0.10–0.46).
          
          
            Discussion
            Although preoperative medication administration was not associated with PUR, other clinically important variables were age older than 60 years, vaginal hysterectomy, incontinence and prolapse surgery, or longer procedure time. Sacrocolpopexy reduced the odds of PUR by approximately 80%. These factors may be useful in preoperative and postoperative counseling regarding PUR after urogynecologic surgery.
          ",2021,09,crossref,AAGL2022_044
10.1177/0003134820952428,Tamsulosin in the Prevention of Postoperative Urinary Retention After Laparoscopic Inguinal Hernia Repair,Wei W,Fanous M,Wei W; Fanous M,The American Surgeon,NA,2023,01,crossref,AAGL2022_044
10.1007/s00192-025-06218-7,Commentary on “Effect of Preoperative Tamsulosin on Postoperative Urinary Retention Prevention after Sling Placement: A Randomized Controlled Trial”,Fornari A,Fornari A,Fornari A,International Urogynecology Journal,NA,2026,04,crossref,AAGL2022_044
10.1097/spv.0000000000001632,Tamsulosin to Prevent Urinary Retention After Vaginal Urogynecologic Surgery,Song J,Alas A,Song J; Carrillo L; Tibon J; Botros-Brey S; Evans E; Alas A,Urogynecology,"
            Importance
            Postoperative urinary retention (POUR) affects up to 51% of women undergoing surgery for pelvic organ prolapse (POP). Effective prevention strategies remain elusive, although alpha receptor antagonists show promise in recent literature.
          
          
            Objectives
            This study sought to evaluate the effect of preoperative tamsulosin on POUR after vaginal surgery for POP.
          
          
            Study Design
            We conducted a retrospective cohort study of female patients undergoing vaginal surgery for POP, with or without concomitant midurethral sling. Patients who received preoperative tamsulosin were compared with controls. All patients were discharged on the day of surgery after undergoing a standardized voiding trial. The primary outcome was the rate of POUR, defined by a failed voiding trial. Secondary outcomes included complication rates and risk factors for POUR.
          
          
            Results
            A total of 195 patients were included for analysis, with 60 patients (30.8%) receiving tamsulosin and 135 (69.2%) not. Baseline demographics were similar between groups, except the tamsulosin group had lower parity and were less likely to splint to void. The tamsulosin group had similar rates of POUR compared with control (31.7% vs 34.8%, P = 0.67). Multivariate logistic regression controlling for confounders showed no significant effect of tamsulosin on POUR rates (odds ratio, 0.65; 95% confidence interval, 0.31–1.35; P = 0.24). Concomitant sling placement was identified as the only independent risk factor for POUR (odds ratio, 3.00; 95% confidence interval, 1.55–5.81; P = 0.001).
          
          
            Conclusions
            Preoperative tamsulosin does not appear to be effective in preventing postoperative urinary retention in women undergoing vaginal surgery for POP, whereas concomitant sling placement appears to increase its risk.
          ",2025,04,crossref,AAGL2022_044
10.1016/j.amjsurg.2025.116455,Prophylactic effect of Tamsulosin on postoperative urinary retention in Inguinal hernia repair under spinal anesthesia,Seyedinnavadeh S,Pazhooha M,Seyedinnavadeh S; Neisanghalb M; Pazhooha M,The American Journal of Surgery,NA,2025,09,crossref,AAGL2022_044
10.1016/j.yuro.2014.03.011,Influence of Preoperative and Postoperative Pelvic Floor Muscle Training (PFMT) Compared with Postoperative PFMT on Urinary Incontinence After Radical Prostatectomy: A Randomized Controlled Trial,Rovner E,Rovner E,Rovner E,Yearbook of Urology,NA,2014,01,crossref,AAGL2022_044
10.3410/f.717974749.793471288,Faculty Opinions recommendation of Influence of preoperative and postoperative pelvic floor muscle training (PFMT) compared with postoperative PFMT on urinary incontinence after radical prostatectomy: a randomized controlled trial.,Mangera A,Mangera A,Mangera A,Faculty Opinions – Post-Publication Peer Review of the Biomedical Literature,NA,2013,02,crossref,AAGL2022_044
10.3410/f.717974749.793472230,Faculty Opinions recommendation of Influence of preoperative and postoperative pelvic floor muscle training (PFMT) compared with postoperative PFMT on urinary incontinence after radical prostatectomy: a randomized controlled trial.,Smith A,Smith A,Smith A,Faculty Opinions – Post-Publication Peer Review of the Biomedical Literature,NA,2013,03,crossref,AAGL2022_044
10.3410/f.717974749.793472208,Faculty Opinions recommendation of Influence of preoperative and postoperative pelvic floor muscle training (PFMT) compared with postoperative PFMT on urinary incontinence after radical prostatectomy: a randomized controlled trial.,Cruz F,Cruz F,Cruz F,Faculty Opinions – Post-Publication Peer Review of the Biomedical Literature,NA,2013,03,crossref,AAGL2022_044
10.1016/j.ijso.2023.100715,Preoperative tamsulosin effect on postoperative urinary retention following spinal surgery: A randomized controlled trial,Haddadi K,Ehteshami S,Haddadi K; Ahmadi M; Kerigh B; Moosazadeh M; Godazandeh F; Shafizad M; Kargar-Soleimanabad S; Gharanjik B; Ehteshami S,International Journal of Surgery Open,"
                           Abstract
                        
          
            Background
            Current study aims to investigate pre-surgical medical intervention on the reduction of POUR incidence in patients undergoing spine surgery.
          
          
            Method
            The study was a single center double-blind randomized placebo clinical trial. Participants were individuals over 18 years old who underwent spinal surgery at the Educational and Therapeutic Hospital between 2020 and 2023. Inclusion criteria included the ability to provide informed consent and follow the study schedule, while exclusion criteria included certain medical conditions, current medication use, and inability to take oral medication after surgery.
          
          
            Results
            The study enrolled 100 patients. There was no significant difference in age or gender distribution between the tamsulosin and placebo groups, but the tamsulosin group had a lower prevalence of diabetes. The duration of surgery was shorter in the tamsulosin group, and there was no significant difference in the surgical site. The tamsulosin group had significantly less post-void residual volume on the eighth day of the study, but there were no significant differences in urine output volume during surgery or residual urine volume before or after surgery.
          
          
            Conclusion
            Tamsulosin may be effective in preventing postoperative urinary retention (POUR), but its effectiveness in treating established POUR is uncertain. The Tamsulosin group had significantly lower post-void residual volume after spine surgery. Considering the low risk of adverse effects, Tamsulosin could be considered for high-risk patients. However, patients should be aware of potential risks and seek medical attention if they experience adverse effects. Further research is needed to determine the best dosage and duration of treatment.
          
          
            Highlights
          ",2023,12,crossref,AAGL2022_044
10.21203/rs.3.rs-2581419/v1,Predictors of postoperative urinary retention after severe pelvic organ prolapse,Qu Y,Xia Z,Qu Y; Zhang P; Xia Z,NA,"Abstract
        Objective: To investigate the rate of postoperative urinary retention (POUR) and to identify factors associated with POUR of severe pelvic organ prolapse (POP).
Methods: A retrospective chart review was conducted for 194 patients who were diagnosed with severe POP. Among them, 152 patients underwent total pelvic floor reconstruction and 42 patients underwent traditional vaginal hysterectomy and vaginal wall repair. POUR was defined as a need for the post-void residual urine volume was＞150mL who should be catheterization subsequent to the removal of the indwelling urethral catheter.
Results: POUR was reported in 51 women (26.3%). The incidence of POUR was 28.3% of patients who underwent the total pelvic floor reconstruction. And was 19.0% after traditional vaginal hysterectomy and vaginal wall repair. Crude analysis revealed a significant association between the following variables and the risk of POUR: Aa, Ba, C by POP-Q exam, POP-Q staging, diabetes mellitus, Preoperative post-void residual volume (PVR) , bladder neck mobility, preoperative incontinence (P &lt; 0.05) . POP-Q Staging (odds ratio, 4.79; 95% confidence interval, 1.025-22.383; P=0.046), PVR (odds ratio,1.054; 95% confidence interval, 1.03-1.079; P＜0.01), bladder neck mobility (odds ratio, 1.078; 95% confidence interval,1.021-1.138; P = 0.007) and complaint of incontinence (odds ratio, 2.686; 95% confidence interval,1.101-6.553; P = 0.03) were identified as the significant predictor of POUR In the logistic regression analysis.
Conclusion: POP-Q staging, Preoperative post-void residual volume (PVR), bladder neck mobility and complaint of incontinence were significant predictors for POUR after severe pelvic organ prolapse surgery.",NA,01,crossref,AAGL2022_044
10.1097/aog.0000000000003655,Antibiotic Prophylaxis During Catheter-Managed Postoperative Urinary Retention After Pelvic Reconstructive Surgery: A Randomized Controlled Trial: Correction,,,,Obstetrics &amp; Gynecology,NA,2020,01,crossref,AAGL2022_044
10.1007/s00464-020-08050-0,The use of tamsulosin to prevent postoperative urinary retention in laparoscopic inguinal hernia repair: a randomized double-blind placebo-controlled study,Caparelli M,Hobler S,Caparelli M; Shikhman A; Runyan B; Allamaneni S; Hobler S,Surgical Endoscopy,NA,2021,10,crossref,AAGL2022_044
10.3410/f.717974749.793470290,Faculty Opinions recommendation of Influence of preoperative and postoperative pelvic floor muscle training (PFMT) compared with postoperative PFMT on urinary incontinence after radical prostatectomy: a randomized controlled trial.,Radziszewski P,Poletajew S,Radziszewski P; Poletajew S,Faculty Opinions – Post-Publication Peer Review of the Biomedical Literature,NA,2013,02,crossref,AAGL2022_044
10.1016/j.jmig.2022.09.081,Post-Operative Voiding Function after Total Laparoscopic Hysterectomy with Transvaginal Versus Transabdominal Morcellation,Marguerie M,Marguerie M,Marguerie M,Journal of Minimally Invasive Gynecology,NA,2022,11,crossref,AAGL2022_057
10.1089/gyn.2023.0132,Postoperative Voiding Function After Total Laparoscopic Hysterectomy with Transvaginal Versus Transabdominal Morcellation,Marguerie M,Sanders A,Marguerie M; Carrigan R; Lo K; Belland L; Secter M; Sanders A,Journal of Gynecologic Surgery,"
                    Objective:
                    This study examined postoperative urinary retention (POUR) rates in patients who had transvaginal or transabdominal morcellation for large fibroids or adenomyotic uteri.
                  
                  
                    Materials and Methods:
                    This retrospective, observational cohort study was conducted, from January 2015 to April 2021, in a multicenter health care system, in Calgary and Southern Alberta, Canada. The patients were women, ≥18 years, who had total laparoscopic hysterectomy with morcellation. Women with preexisting urinary retention were excluded. POUR was urinary retention needing an indwelling or in-and-out catheter postoperatively before discharge.
                  
                  
                    Results:
                    There were no differences in POUR for transvaginal (29/139; 20.9%) and transabdominal (12/56; 21.4%) morcellation. There were also no differences in time to first postoperative void (5.5 hours [range: 3.5–8] versus 5.75 hours [range: 4–7.125]); length of stay (23 hours [range: 20.875–25.625] versus 22 hours [range:18.5–24.5]); postoperative urinary tract infections (5.1% versus 3.6%); or visits to the emergency department for POUR postdischarge (1.4% versus 1.8%) for transvaginal and transabdominal morcellation, respectively. The vaginal-morcellation group trended toward increased complication rates during morcellation (7% versus 0%) and urinary complaints at postoperative follow-ups (9.4% versus 0%).
                  
                  
                    Conclusions:
                    Either morcellation type produces similar rates of POUR. Surgeon and patient preferences guide decisions on preferred morcellation routes. Larger prospective trials are needed to further assess POUR, potential for increased complications, and postoperative urinary complaints induced by transvaginal morcellation. (J GYNECOL SURG 20XX:000)
                  ",2024,10,crossref,AAGL2022_057
10.1016/j.jmig.2014.08.383,Enclosed Transvaginal Uterus Morcellation of an 18 Week-Sized Uterus after Total Laparoscopic Hysterectomy and Bilateral Salpingo-Oophorectomy,Dun E,Nezhat C,Dun E; Lakhi N; Nezhat C,Journal of Minimally Invasive Gynecology,NA,2014,11,crossref,AAGL2022_057
10.1016/j.jmig.2017.08.097,Comparison of Transvaginal and Laparoscopic Routes of Morcellation Following Total Laparoscopic Hysterectomy (TLH) of Large Uterus,Mishra J,Lakhanpal S,Mishra J; Lakhanpal S,Journal of Minimally Invasive Gynecology,NA,2017,11,crossref,AAGL2022_057
10.26226/morressier.5b6d513c5aff74007b2b483d,Recurrence after total laparoscopic hysterectomy without morcellation for smooth muscle tumors of uncertain malignant potential: A rare case report,SATOHISA S,Abe S,SATOHISA S; Abe S,NA,NA,NA,01,crossref,AAGL2022_057
10.1590/1414-431x20199058,Sexual function after total laparoscopic hysterectomy or transabdominal hysterectomy for benign uterine disorders: a retrospective cohort,Wang Y,Ying X,Wang Y; Ying X,Brazilian Journal of Medical and Biological Research,NA,2020,01,crossref,AAGL2022_057
10.31525/ct1-nct03965156,Bilateral Ultrasound Guided ESP Block Versus TAP Block on Post-operative Analgesia After Total Abdominal Hysterectomy,,, ,Case Medical Research,NA,2019,05,crossref,AAGL2022_057
10.3410/f.736301742.793586261,"Faculty Opinions recommendation of Laparoscopic hysterectomy route, resource use, and outcomes: change after power morcellation warning.",Tsaltas J,Tsaltas J,Tsaltas J,Faculty Opinions – Post-Publication Peer Review of the Biomedical Literature,NA,2021,06,crossref,AAGL2022_057
10.26226/morressier.597eedbfd462b80296ca0fa8,TOTAL LAPAROSCOPIC HYSTERECTOMY VERSUS LAPAROSCOPIC-ASSISTED VAGINAL HYSTERECTOMY FOR THE MANAGEMENT OF ENDOMETRIAL CANCER,Arnoldas B,Arnoldas B,Arnoldas B,NA,NA,NA,01,crossref,AAGL2022_057
10.31083/j.ejgo.2021.01.2293,"The impact of post-operative voiding trial on length of stay following laparoscopic hysterectomy: a prospective, randomized control trial",,,,European Journal of Gynaecological Oncology,NA,2021,01,crossref,AAGL2022_057
10.52054/fvvo.14.1.006,Total surgical time in laparoscopic supracervical hysterectomy with laparoscopic in-bag-morcellation compared to laparoscopic supracervical hysterectomy with uncontained morcellation,Krentel H,De Wilde R,Krentel H; Tchartchian G; Torres de la Roche L; De Wilde R,"Facts, Views and Vision in ObGyn","Background: A possible solution to the problem of cell dissemination through laparoscopic uncontained morcellation during laparoscopic supracervical hysterectomy (LASH) is the use of laparoscopic in-bag morcellation. One criticism regarding the use of in-bag morcellation is the additional surgical time associated with this procedure.

Objectives: In this retrospective study we compared the total surgical time in LASH with laparoscopic in-bag morcellation (107 cases from 2016-2018) and LASH with uncontained morcellation (47 cases from 2015-2017).

Materials and Methods: All surgeries were performed in the same department of minimally invasive gynaecological surgery by a total of three experienced surgeons for the indication of bleeding disorder and / or dysmenorrhea.

Main outcome measures: We measured and compared total surgical time, surgical outcome, blood loss and complications in LASH with in-bag morcellation and with uncontained morcellation.

Results: Total surgical time in both procedures do not show a significant difference. Considering the learning curve in laparoscopic bag use, the total surgical time in LASH with laparoscopic in-bag morcellation is shorter than total surgical time in LASH with uncontained morcellation. Laparoscopic in-bag morcellation consumes time for bag use and handling, but saves time as it eliminates the need for meticulous sampling of lost tissue fragments and the complex lavage of the peritoneal cavity after morcellation. There is no difference between both groups in terms of blood loss, complications and surgical results.

Conclusion / What is new? We conclude that LASH with in-bag morcellation is not related to additional surgical time when compared to LASH with uncontained morcellation.",2022,03,crossref,AAGL2022_057
10.1016/j.jmig.2018.09.716,Comparison of the Transumbilical and Transvaginal Morcellation for Large Uterus at the Time of Single Port Access Total Laparoscopic Hysterectomy,Lee S,Chung D,Lee S; Park J; Chung D,Journal of Minimally Invasive Gynecology,NA,2018,11,crossref,AAGL2022_057
10.7759/cureus.86305,Spontaneous Transvaginal Evisceration of the Small Bowel Two Years Post Laparoscopic Total Hysterectomy: A Case Report,Houmaid H,Soummani A,Houmaid H; Sali M; Harou K; Asmouki H; Soummani A,Cureus,NA,2025,06,crossref,AAGL2022_057
10.1016/j.jmig.2015.08.248,Perioperative Outcomes of Total Laparoscopic Hysterectomy With Uncontained Versus Contained Power Morcellation,Winner B,Biest S,Winner B; Porter A; Biest S,Journal of Minimally Invasive Gynecology,NA,2015,11,crossref,AAGL2022_057
10.1016/j.jmig.2018.09.372,Post-Operative Urinary Retention Rates after Autofill versus Backfill Void Trial Following Total Laparoscopic Hysterectomy: A Randomized Controlled Trial,Farag S,Sprague M,Farag S; Frazzini Padilla P; Smith K; Zimberg S; Sprague M,Journal of Minimally Invasive Gynecology,NA,2018,11,crossref,AAGL2022_057
10.1093/med/9780190947088.003.0041,Pelvic Organ Function After Total Versus Subtotal Abdominal Hysterectomy,Tsai S,Milad M,Tsai S; Traylor J; Milad M,50 Studies Every Obstetrician-Gynecologist Should Know,"This study is a randomized, double-blind trial comparing total and subtotal abdominal hysterectomy in 279 women who underwent hysterectomy for benign disease. The authors aimed to evaluate measures of bladder, bowel, and sexual function at 12 months as well as postoperative complications. This study demonstrated no difference in pelvic floor function at 12 months. Subtotal hysterectomy did have fewer complications and more rapid recovery but did have a higher incidence of subsequent prolapse or cyclical bleeding.",2021,02,crossref,AAGL2022_057
10.21203/rs.2.279/v2,WITHDRAWN: Cost-effectiveness of total laparoscopic hysterectomy and non-descent vaginal hysterectomy versus total abdominal hysterectomy: a multi-centre randomized controlled trial,,,,NA,"Abstract
                The authors have requested that this preprint be withdrawn due to erroneous posting.",NA,01,crossref,AAGL2022_057
10.1155/2016/8784601,Total Laparoscopic Hysterectomy in Patients with Large Uteri: Comparison of Uterine Removal by Transvaginal and Uterine Morcellation Approaches,Wang H,Zhou A,Wang H; Li P; Li X; Gao L; Lu C; Zhao J; Zhou A,BioMed Research International,"The aim of this study was to compare the clinical results of total laparoscopic hysterectomy (TLH) for large uterus with uterus size of 12 gestational weeks (g.w.) or greater through transvaginal or uterine morcellation approaches. We retrospectively collected the clinical data of those undergoing total laparoscopic hysterectomies between January 2004 and June 2012. Intraoperative and postoperative outcomes were compared between patients whose large uterus was removed through transvaginal or morcellation approaches. The morcellation group has significantly shorter mean operation time and uterus removal time and smaller incidence of intraoperative complications than the transvaginal group (allP&lt;0.05). No statistical significant difference regarding the mean blood loss, uterine weight, and length of hospital stay was noted in the morcellation and transvaginal groups (allP&gt;0.05). In two groups, there was one patient in each group who underwent conversion to laparotomy due to huge uterus size. With regard to postoperative complications, there was no statistical significant difference regarding the frequencies of pelvic hematoma, vaginal stump infection, and lower limb venous thrombosis in two groups (allP&gt;0.05). TLH through uterine morcellation can reduce the operation time, uterus removal time, and the intraoperative complications and provide comparable postoperative outcomes compared to that through the transvaginal approaches.",2016,01,crossref,AAGL2022_057
10.1097/aog.0000000000001282,Uncontained Compared With Contained Power Morcellation in Total Laparoscopic Hysterectomy,Lakhi N,Serur E,Lakhi N; Serur E,Obstetrics &amp; Gynecology,NA,2016,02,crossref,AAGL2022_057
10.12998/wjcc.v9.i20.5655,Novel technique of extracorporeal intrauterine morcellation after total laparoscopic hysterectomy: Three emblematic case reports,Macciò A,Madeddu C,Macciò A; Sanna E; Lavra F; Calò P; Madeddu C,World Journal of Clinical Cases,NA,2021,07,crossref,AAGL2022_057
10.1016/j.jmig.2022.09.082,Surgical Practice Patterns in the Management of Ovarian Torsion,Brah T,Wang K,Brah T; Le Neveu M; Snow M; Krishnamoorthi M; Wu H; Simpson K; Patzkowsky K; Frost A; Wang K,Journal of Minimally Invasive Gynecology,NA,2022,11,crossref,AAGL2022_058
10.21275/mr24922003541,Laparoscopic Surgical Management of Ovarian Fibroma with Torsion in Young Female: A Case Report,Meena N,Meena N,Meena N,International Journal of Science and Research (IJSR),NA,2024,09,crossref,AAGL2022_058
10.1016/j.repbio.2025.101054,"Surgical management of ovarian torsion in children: Detorsion, cyst/mass excision, and ovarian fixation",Sancar S,Dayı S,Sancar S; Anayurt M; Dayı S,Reproductive Biology,NA,2025,09,crossref,AAGL2022_058
10.1016/b978-0-443-33833-5.00039-8,Ovarian–adnexal torsion,Spanos C,Spanos C,Spanos C,Non-Traumatic Acute Surgical Problems,NA,2025,01,crossref,AAGL2022_058
10.7759/cureus.95643,A Rare Case of Ovarian Dermoid Torsion in the Third Trimester: Clinical Challenges and Surgical Management,Saleem R,Mo R,Saleem R; Sathyendran P; Askalany T; Mo R,Cureus,NA,2025,10,crossref,AAGL2022_058
10.21275/sr23821002138,Ovarian Torsion Management and its Effect on the Ovarian Reserve,Dongangaokar P,Kumar S,Dongangaokar P; I D; Joshi S; Khetan A; Kumar S,International Journal of Science and Research (IJSR),NA,2023,09,crossref,AAGL2022_058
10.1016/j.fertnstert.2020.02.070,ASSESSING THE WEEKEND EFFECT IN THE SURGICAL MANAGEMENT OF OVARIAN TORSION,Spurlin E,Forman E,Spurlin E; Wen T; Forman E,Fertility and Sterility,NA,2020,04,crossref,AAGL2022_058
10.1007/978-1-4939-1495-1_29,Ovarian Torsion,Wilmoth R,Williamson J,Wilmoth R; Williamson J,Advanced Surgical Techniques for Rural Surgeons,NA,2015,01,crossref,AAGL2022_058
10.36106/ijar/2502840,CASE REPORT- ADOLESCENT BORDERLINE OVARIAN TUMOUR WITH TORSION: A SURGICAL MANAGEMENT.,Arakeri S,Shah P,Arakeri S; Jiwane T; Gharde A; Nadkarni T; Kale D; Shah P,INDIAN JOURNAL OF APPLIED RESEARCH,"Background: Ovarian cancer is one of the common and the leading cause of death among women with gynecological malignancies. Ovarian tumor may sometimes present with torsion which is a gynecological emergency.Case presentation: We report a case of 16 years old girl who presented with acute pain in right sided lower abdomen with vomiting. Ultrasonography suggestive of bilateral complex ovarian cysts with right ovarian cyst torsion. The patient underwent right sided salpingo-oophorectomy and left sided multiple cystectomy with removal of excrescence. The conrmed diagnosis of serous borderline ovarian tumor with torsion was made retrospectively with pathology report. Ultrasonography, clinical presentation and pat Conclusions: hological examination play important role in diagnosis and hence in treatment of ovarian tumors",2023,05,crossref,AAGL2022_058
10.1016/j.suc.2016.08.008,Pediatric Ovarian Torsion,Childress K,Dietrich J,Childress K; Dietrich J,Surgical Clinics of North America,NA,2017,02,crossref,AAGL2022_058
10.1055/b-0034-91266,Surgical Techniques: Endoscopic 4.3.3.8 Laparoscopic Operation for Ovarian Torsion,,,,Atlas of Gynecologic Surgery,NA,2014,01,crossref,AAGL2022_058
10.1097/jps.0000000000000274,Ovarian Torsion in Pediatric and Adolescent Patients,Zander W,Frederick K,Zander W; Frederick K,Journal of Pediatric Surgical Nursing,"
                    Introduction
                    Although rare, ovarian torsion is a surgical emergency. The purpose of this article is to raise awareness of the occurrence, review anatomy and pathophysiology, and share diagnosis and management options with other healthcare providers.
                  
                  
                    Methods
                    This article was composed by two professional nurses who, in seeking to understand more about this dangerous condition, worked together in searching the literature for the latest information on etiology and management options for the patient.
                  
                  
                    Conclusions
                    The sudden onset of lower abdominal pain in female children and adolescents requires immediate evaluation by a qualified medical professional. In the case of ovarian torsion, speed is of the essence if normal function can possibly be restored or if surgical intervention for removal is required.
                  ",2020,10,crossref,AAGL2022_058
10.53347/rid-160083,Ovarian dermoid complicated by ovarian torsion,Awwad B,Awwad B,Awwad B,Radiopaedia.org,NA,2023,01,crossref,AAGL2022_058
10.1016/j.jpag.2013.01.052,Antenatal Ovarian Torsion: Expectant Management or Early Surgical Intervention?,Casey R,Gomez-Lobo V,Casey R; Trotman G; Gomez-Lobo V,Journal of Pediatric and Adolescent Gynecology,NA,2013,04,crossref,AAGL2022_058
10.1016/j.ygyno.2019.04.315,Changing patterns in care settings for surgical management of ovarian and uterine malignancies,Sheu J,Lee Y,Sheu J; Lee Y,Gynecologic Oncology,NA,2019,06,crossref,AAGL2022_058
10.1016/j.jss.2012.10.259,A 10 Year Review of Ovarian Torsion Management and Perioperative Outcomes in Oophorectomy and oopexy,Mortellaro V,St. Peter S,Mortellaro V; Aprahamian C; Sharp S; Gillory L; Yannam G; Chen M; Beierle E; St. Peter S,Journal of Surgical Research,NA,2013,02,crossref,AAGL2022_058
10.53347/rid-230209,Left ovarian torsion with massive ovarian oedema,Emam M,Emam M,Emam M,Radiopaedia.org,NA,2026,03,crossref,AAGL2022_058
10.53347/rid-83017,Mature ovarian teratoma with tubo-ovarian torsion,Mohamed A,Mohamed A,Mohamed A,Radiopaedia.org,NA,2020,10,crossref,AAGL2022_058
10.3390/pediatric18020032,Preservation vs. Resection? Pediatric and Non-Pediatric Management Patterns in Ovarian Torsion,Feng X,Zeidler J,Feng X; Zimmermann P; Pardey N; Gnatzy R; Bassler S; Stahmeyer J; Lacher M; Zeidler J,Pediatric Reports,"Background: Ovarian torsion (OT) is a rare but urgent surgical condition in children and adolescents. Evidence on how management differs between pediatric (PD) and non-pediatric (Non-PD) departments in Germany remains limited. Methods: We conducted a retrospective cohort study using anonymized claims data from two major German statutory health insurance funds (2010–2019), covering 6.3 million insured individuals (≈1 million children). Patients ≤18 years with an inpatient diagnosis of OT (ICD-10-GM N83.5) were analyzed with respect to demographics, department type (PD vs. Non-PD), hospital type (university/maximum care [UM] vs. non-university/maximum care [Non-UM]), surgical procedures, and outcomes. Results: A total of 293 patients (mean age 12.4 ± 4.5 years) were included; 71% were adolescents (12–18 years). Adolescents were predominantly treated in Non-PD (89%), whereas younger children were more often managed in PD (50%; p &lt; 0.0001). Most cases were treated in Non-UM (82%). Laparoscopy was more commonly used in Non-PD departments (85%), while open surgery and oophorectomy occurred more frequently in PD and university hospitals (UM). Ovary-sparing procedures accounted for 77% of all cases, whereas 23% underwent oophorectomy. Mean hospital stay was longer in PD (6.7 ± 9.0 days) than in Non-PD (4.9 ± 2.2 days; p = 0.0167). Readmission rates were comparable across groups. Conclusions: Management of OT in Germany varies markedly by department and hospital type. PD and UM treat more younger patients but perform oophorectomy more frequently, whereas Non-PD and Non-UM favor laparoscopic, ovary-sparing strategies. These differences highlight the urgent need for standardized, evidence-based protocols prioritizing ovarian preservation and optimizing long-term outcomes in affected children and adolescents.",2026,03,crossref,AAGL2022_058
10.5005/jp-journals-10006-2824,Untwisting the Dilemma: Surgical Management of Ovarian Torsion in Pregnancy,Thanappan K,Sharma G,Thanappan K; Jayakrishnan N; Garg R; Sharma G,Journal of South Asian Federation of Obstetrics and Gynaecology,NA,2026,01,crossref,AAGL2022_058
10.1016/j.jmig.2023.08.022,Comparison of O-RADS 2022 and Simple Rules Ultrasound Classifications to Predict Adnexal Malignancy,Solnik M,Nasri F,Solnik M; Atri M; Nanapragasam A; Sagheb S; Nasri F,Journal of Minimally Invasive Gynecology,NA,2023,11,crossref,AAGL2023_015
10.1016/j.crad.2025.107180,Ultrasound Ovarian-Adnexal Reporting and Data System (O-RADS) and modified ultrasound simple rules comparison in evaluation of surgically proven adnexal masses,Kajal D,Atri M,Kajal D; Nanapragasam A; Leckie A; Sagheb S; Nasri F; Bouchard-Fortier G; Solnik J; Atri M,Clinical Radiology,NA,2026,01,crossref,AAGL2023_015
10.12677/acm.2022.123313,"Comparison of O-RADS Classification, GI-RADS Classification and Simple Rules in the Diagnosis of Adnexal Tumors",王 荣,王 荣,王 荣,Advances in Clinical Medicine,NA,2022,01,crossref,AAGL2023_015
10.1002/uog.24777,"Performance of <scp>IOTA</scp> Simple Rules, Simple Rules risk assessment, <scp>ADNEX</scp> model and <scp>O‐RADS</scp> in differentiating between benign and malignant adnexal lesions in North American women",Hiett A,Reid T,Hiett A; Sonek J; Guy M; Reid T,Ultrasound in Obstetrics &amp; Gynecology,"ABSTRACTObjectivesTo apply the International Ovarian Tumor Analysis (IOTA) Simple Rules (SR), the IOTA Simple Rules risk assessment (SRR), the IOTA Assessment of Different NEoplasias in the adneXa (ADNEX) model and the Ovarian‐Adnexal Reporting and Data System (O‐RADS) in the same cohort of North American patients and to compare their performance in preoperative discrimination between benign and malignant adnexal lesions.MethodsThis was a single‐center diagnostic accuracy study, performed between March 2018 and February 2021, which included 150 women with an adnexal lesion. Using the ADNEX model, lesions were classified prospectively, whereas the SR, SRR assessment and O‐RADS were applied retrospectively. Surgery with histological analysis was performed within 6 months of the ultrasound exam. Sensitivity and specificity were determined for each testing modality and the performance of the different modalities was compared.ResultsOf the 150 women, 110 (73.3%) had a benign ovarian tumor and 40 (26.7%) had a malignant tumor. The mean risk of malignancy generated by the ADNEX model without CA 125 was significantly higher in malignant vs benign lesions (63.3% vs 11.8%) and the area under the receiver‐operating‐characteristics curve (AUC) of the ADNEX model for differentiating between benign and malignant adnexal masses at the time of ultrasound examination was 0.937. The mean risk of malignancy generated by SRR assessment was also significantly higher in malignant vs benign lesions (74.1% vs 15.9%) and the AUC was 0.941. To compare the ADNEX model, SRR assessment and O‐RADS, the malignancy risk threshold was set at ≥ 10%. This cut‐off differentiates O‐RADS low‐risk categories (Category ≤ 3) from intermediate‐to‐high‐risk categories (Categories 4 and 5). At this cut‐off, the sensitivity of the ADNEX model was 97.5% (95% CI, 85.3%–99.9%) and the specificity was 63.6% (95% CI, 53.9%–72.4%), and, for the SRR model, the sensitivity was 100% (95% CI, 89.1%–100%) and the specificity was 51.8% (95% CI, 42.1%–61.4%). In the 113 cases to which the SR could be applied, the sensitivity was 100% (95% CI, 81.5%–100%) and the specificity was 95.6% (95% CI, 88.5%–98.6%). If the remaining 37 cases, which were inconclusive under SR, were designated ‘malignant’, the sensitivity remained at 100% but the specificity was reduced to 79.1% (95% CI, 70.1%–86.0%). The 150 cases fell into the following O‐RADS categories: 17 (11.3%) lesions in Category 2, 34 (22.7%) in Category 3, 66 (44.0%) in Category 4 and 33 (22.0%) in Category 5. There were no histologically proven malignant lesions in Category 2 or 3. There were 14 malignant lesions in Category 4 and 26 in Category 5. The sensitivity of O‐RADS using a malignancy risk threshold of ≥ 10% was 100% (95% CI, 89.1%–100.0%) and the specificity was 46.4% (95% CI, 36.9%–56.1%).ConclusionsWhen IOTA terms and techniques are used, the performance of IOTA models in a North American patient population is in line with published IOTA results in other populations. The IOTA SR, SRR assessment and ADNEX model and O‐RADS have similar sensitivity in the preoperative discrimination of malignant from benign pelvic tumors; however, the IOTA models have higher specificity and the algorithm does not require the use of magnetic resonance imaging. © 2022 International Society of Ultrasound in Obstetrics and Gynecology.",2022,05,crossref,AAGL2023_015
10.1002/jcu.24048,Comparison of the Diagnostic Performance of Ovarian Adnexal Reporting Data System (O‐<scp>RADS</scp>) With <scp>IOTA</scp> Simple Rules and <scp>ADNEX</scp> Model for Classifying Adnexal Masses: A Head‐To‐Head Meta‐Analysis,Almeida G,Alcázar J,Almeida G; Bort M; Alcázar J,Journal of Clinical Ultrasound,"ABSTRACTObjectiveTo compare the diagnostic accuracy of O‐RADS (Ovarian Reporting and Data System) and IOTA (international Ovarian Tumor Analysis group) simple rules (SR) and ADNEX (Assessment of Different NEoplasias in the adnexa) model for discriminating benign from malignant adnexal masses using meta‐analysis.MethodsA systematic search of studies comparing O‐RADS with SR and/or ADNEX in the same set of patients with an adnexal mass was performed in Medline, Web of Science, and Scopus databases from January 2020 to September 2023. Quality was assessed using the QUADAS‐2 tool. Quantitative meta‐analysis was performed.ResultsNine articles comprising 3924 women (3979 adnexal masses) were ultimately included after exclusions. Three studies compared O‐RADS versus SR, three studies compared O‐RADS versus ADNEX, and three studies compared all three methods. The risk of bias was high for patient selection in QUADAS‐2 in all studies. Six studies compared O‐RADS versus SR; no significant differences were found (pooled sensitivity and specificity of O‐RADS and IOTA SR were 94.0% and 77.0%, and 91.0% and 87.0%, respectively. p = 0.2204). Six studies compared O‐RADS versus ADNEX; no significant differences were found (pooled sensitivity and specificity of O‐RADS classification system and ADNEX were 95.0% and 79.0%, and 91.0% and 88.0%, respectively. p = 0.2307).ConclusionO‐RADS classification has a similar diagnostic performance to IOTA SR and ADNEX for discriminating benign and malignant adnexal masses.",2025,09,crossref,AAGL2023_015
10.7759/cureus.105757,Comparison of Ovarian-Adnexal Reporting and Data System (O-RADS) Ultrasound and International Ovarian Tumor Analysis (IOTA) Simple Rules in Characterizing Benign and Malignant Ovarian Lesions: A Retrospective Study,Shankar S,Chincholikar S,Shankar S; Sakalecha A; Hemanth Kumar G; Raju K; Chincholikar S,Cureus,NA,2026,03,crossref,AAGL2023_015
10.1136/ebmed-2016-110459,Ultrasound-based IOTA simple rules allow accurate malignancy risk estimation for adnexal masses,Alcázar J,Alcázar J,Alcázar J,Evidence Based Medicine,NA,2016,10,crossref,AAGL2023_015
10.31525/ct1-nct03982914,The Use of HE4 With Simple Ultrasound Rules to Predict Malignancy in a Pelvic Mass,,, ,Case Medical Research,NA,2019,06,crossref,AAGL2023_015
10.1002/uog.27245,EP33.17: Diagnostic added‐value of CA125 on O‐RADS and Simple Rules in discrimination benign and malignant adnexal masses,Gong L,Sun L,Gong L; Sun L,Ultrasound in Obstetrics &amp; Gynecology,NA,2023,10,crossref,AAGL2023_015
10.1002/uog.24077,"VP04.17: Comparison of performance between IOTA Simple Rules, IOTA ADNEX model and O‐RADS in the discrimination of adnexal masses in an oncology centre",Silva S,Sá L,Silva S; Raposo S; Coutinho F; Sousa R; Sá L,Ultrasound in Obstetrics &amp; Gynecology,NA,2021,10,crossref,AAGL2023_015
10.1002/uog.28950,EP23.14: Diagnostic accuracy of adnexal malignancy assessment models ADNEX and simple rules when applied by individuals with no prior clinical experience,Ghanadan G,Ghanadan G,Ghanadan G,Ultrasound in Obstetrics &amp; Gynecology,NA,2024,09,crossref,AAGL2023_015
10.1002/uog.15130,OP03.08: Comparison of the diagnostic performance of risk of malignancy index <scp>RMI‐III</scp> and simple rules in the preoperative assessment of adnexal masses,Abdalla N,Sawicki W,Abdalla N; Roguska M; Cendrowski K; Zolnierczyk P; Sawicki W,Ultrasound in Obstetrics &amp; Gynecology,NA,2015,09,crossref,AAGL2023_015
10.33545/gynae.2022.v6.i5a.1202,Predicting malignancy in adnexal masses by international ovarian tumor analysis (Simple rules) versus risk of malignancy index,S S,Rajesh U,S S; Rajesh U,International Journal of Clinical Obstetrics and Gynaecology,NA,2022,09,crossref,AAGL2023_015
10.1097/01.ruq.0000450891.47845.3c,Simple Rules for Ultrasonographic Subcategorization of BI-RADS®-US 4 Breast Masses,&NA;,&NA;,&NA; ,Ultrasound Quarterly,NA,2014,06,crossref,AAGL2023_015
10.1148/rg.210068.pres,IOTA Simple Rules: Review of 10 Points for Evaluation of Adnexal Masses,,,,RadioGraphics,NA,2022,01,crossref,AAGL2023_015
10.1002/uog.20675,OP03.08: Classification of the adnexal masses by ultrasound based on simple rules compared to ROMA index (risk of ovarian malignancy algorithm),Peró Garcia M,Rams Llop N,Peró Garcia M; Blanch Fons L; Longo A; Rams Llop N,Ultrasound in Obstetrics &amp; Gynecology,NA,2019,10,crossref,AAGL2023_015
10.18231/j.ijogr.2022.088,Role of simple ultrasonography rules in preoperative prediction of malignancy of adnexal masses,Jindal S,Kulkarni S,Jindal S; Kulkarni S,Indian Journal of Obstetrics and Gynecology Research,"Ovarian cancers account to malignancy in pre-menopausal women and post-menopausal women to about 24% and 60% respectively. This makes screening of ovarian cancers and adnexal masses an important part in diagnosis and management of these patients, as they also majorly form a reason for infertility in reproductive age group other than morbidity and mortality in all women. The limited availability of literature on the screening modalities and their definite role in diagnosing malignancy makes it difficult for gynecologists to diagnose the malignancy preoperatively. Ultrasonographic evaluation is considered as one of reliable and accurate diagnostic tool for the diagnosis of the ovarian cancers, so this study on utility of USG rules can help in preoperative screening of malignancy, and prediction of Malignancy helps in planning the management which avoid repeat surgery and morbidity.This study attempts to identify a method for early and accurate diagnosis to provide appropriate treatment for the said diagnosis.An observational comparative study was done and all gynecological patients attending IPD at SAMC and PGI with adnexal masses were evaluated for adnexal masses based on history, clinical examination, USG findings and routine preoperative investigations. Her pre operative diagnosis was co-related with histopathological report. After proper data collection, data was organized and analyzed with the application of Pearson chi-square test and associations were studied among the ultrasound findings and the final histopathological finding using p-value.Among the above said variables assessed by Pearson chi square test they were found to be significantly associated with each other having high p values. So we can predict the risk of malignancy early by using Simple Ultrasonographic Rules as a diagnostic tool and accordingly earlier diagnosis can be made possible by this, thereby preventing both morbidities and mortalities in patient presenting with adnexal masses.",2022,11,crossref,AAGL2023_015
10.1002/uog.22241,"OC06.07: Comparison of the ADNEX model, Simple Rules and O‐RADS in preoperative evaluation of pelvic lesions",Hiett A,Sonek J,Hiett A; Sonek J,Ultrasound in Obstetrics &amp; Gynecology,NA,2020,10,crossref,AAGL2023_015
10.1002/jum.70205,"Comparative Diagnostic Performance of <scp>IOTA</scp> Simple Rules, O‐ <scp>RADS US</scp> , and Subjective Assessment in Differentiating Benign from Malignant Adnexal Masses",Yoshida A,Sarian L,Yoshida A; Stecca C; de Oliveira A; Pereira P; Sarian L,Journal of Ultrasound in Medicine,"
                    Objectives
                    To compare the diagnostic performance of International Ovarian Tumor Analysis (IOTA) Simple Rules, Ovarian‐Adnexal Reporting and Data System for Ultrasound (O‐RADS US), and Subjective Assessment in differentiating benign from malignant adnexal masses.
                  
                  
                    Methods
                    
                      This prospective study included 249 women evaluated between May 2021 and June 2025 at a tertiary oncology center. Participants underwent standardized transvaginal ultrasound classified according to IOTA Simple Rules, O‐RADS US, and Subjective Assessment by examiners blinded to biomarker and imaging results. Most examinations (78%) were performed by a level 2 radiologist, 11% by a level 3 gynecologist, and 11% by level 2 gynecologist sonographers. Final diagnosis was established by histopathology (
                      n
                       = 243) or ≥2 years of follow‐up (
                      n
                       = 6). Diagnostic performance was assessed using sensitivity, specificity, predictive values, accuracy, likelihood ratios, and diagnostic odds ratios (DOR), with pairwise comparisons performed by McNemar's test.
                    
                  
                  
                    Results
                    
                      Malignant lesions were associated with older age, larger size, complex morphology, ascites, and higher CA125 (
                      p
                       &lt; .05). O‐RADS US achieved the highest sensitivity (98.2%) and negative predictive value (95.9%) but the lowest specificity (33.8%). Subjective Assessment had the highest specificity (75.2%) and accuracy (79.6%) but lower sensitivity (85.6%). Simple Rules demonstrated balanced performance (sensitivity 94.6%, specificity 56.8%). DORs were comparable (17.9–27.6). In terms of accuracy, Simple Rules and Subjective Assessment outperformed O‐RADS US, while no statistically significant difference was observed between Simple Rules and Subjective Assessment. Inter‐method agreement was highest between Simple Rules and Subjective Assessment (
                      κ
                       = 0.69), followed by Simple Rules and O‐RADS US (
                      κ
                       = 0.62), and O‐RADS US and Subjective Assessment (
                      κ
                       = 0.41).
                    
                  
                  
                    Conclusion
                    O‐RADS US maximized sensitivity for malignancy detection, Simple Rules provided balanced accuracy, and Subjective Assessment offered superior specificity. Their complementary use may optimize adnexal mass characterization across clinical settings.
                  ",2026,02,crossref,AAGL2023_015
10.1002/uog.29291,"Diagnostic accuracy of Ovarian‐Adnexal Reporting and Data System, <scp>IOTA</scp> Simple Rules and Pediatric Risk of Malignancy Index for pediatric adnexal lesions: comparative study",Wu M,Zhang X,Wu M; Huang L; Chen Y; Wang Y; Zhang M; Cao J; Huang Z; Zhang X,Ultrasound in Obstetrics &amp; Gynecology,"ABSTRACT
                  
                    Objective
                    Many risk stratification models have been developed to improve the accuracy of sonographic evaluation of adnexal lesions. Although these models have been validated across various adult populations, their accuracy in the pediatric population remains underexplored. This study aimed to evaluate and compare the diagnostic accuracy of three sonography‐based risk models in assessing pediatric adnexal lesions.
                  
                  
                    Methods
                    This was a single‐center retrospective diagnostic accuracy study conducted at a tertiary hospital in China, which included consecutive patients aged 17 years or younger with adnexal lesions managed either surgically or conservatively between January 2015 and January 2024. Each adnexal lesion was assessed using the Ovarian‐Adnexal Reporting and Data System (O‐RADS) ultrasound risk stratification and management tool, the International Ovarian Tumor Analysis (IOTA) Simple Rules (SR) followed by expert assessment for inconclusive cases in a two‐step strategy and the Pediatric Risk of Malignancy Index (PRMI) model. The reference standard was either surgical intervention or conservative management with ultrasound surveillance. The accuracy of the different sonography‐based risk models was evaluated using the area under the receiver‐operating‐characteristics curve (AUC), sensitivity, specificity and positive and negative predictive values. The clinical utility of each model was evaluated using decision‐curve analysis.
                  
                  
                    Results
                    This study included 364 patients with a total of 375 adnexal lesions. The median age of the patients was 15.0 (interquartile range, 14.0–17.0) years, with a malignancy rate of 2.1% (8/375). The AUC for the O‐RADS tool, IOTA two‐step strategy and the PRMI model were 0.989 (95% CI, 0.980–0.999), 0.992 (95% CI, 0.985–0.998) and 0.806 (95% CI, 0.626–0.985), respectively. The IOTA two‐step strategy demonstrated the highest accuracy and provided the greatest net benefits at malignancy risk thresholds between 1% and 30% compared with the other two models.
                  
                  
                    Conclusions
                    In this retrospective pediatric cohort, the O‐RADS ultrasound model and the IOTA‐SR followed by expert assessment for inconclusive cases in a two‐step strategy exhibited high diagnostic accuracy in characterizing adnexal lesions, comparable to that observed in adults. These results support the applicability of both of these risk‐stratification methods to the pediatric population. The PRMI scoring system showed lower discriminative capacity compared with the other models; therefore, it is not recommended to serve as a standalone diagnostic tool. © 2025 International Society of Ultrasound in Obstetrics and Gynecology.
                  ",2025,09,crossref,AAGL2023_015
10.1016/j.jmig.2023.08.028,Association between Ultrasound Soft Markers of Endometriosis and Pathologically Confirmed Positivity Rates of Endometriosis Lesions,VanDeman H,Mikhail E,VanDeman H; Moino D; Tanner J; Wyant H; Al Jumaily M; Hochberg L; Mikhail E,Journal of Minimally Invasive Gynecology,NA,2023,11,crossref,AAGL2023_020
10.1089/whr.2023.0068,The Association Between Endometriosis Treatments and Depression and/or Anxiety in a Population-Based Pathologically Confirmed Cohort of People with Endometriosis,Goodwin E,Hanley G,Goodwin E; Abreu do Valle H; Nitschke A; Puyat J; Yong P; Hanley G,Women's Health Reports,"
                    Objective:
                    Endometriosis patients have a high rate of co-occurring anxiety and depression. There is currently no literature investigating how this may affect endometriosis treatment and outcomes. This study examines the prevalence of depression and anxiety in a pathologically confirmed population-based endometriosis cohort and examines how endometriosis treatments and outcomes differ by the presence of co-occurring depression and/or anxiety.
                  
                  
                    Methods:
                    This retrospective cohort study using population-based administrative data sets included pathologically confirmed endometriosis patients identified from the complete pathology records of Vancouver Coastal Health Authority (British Columbia, Canada) between 2000 and 2008. These data were linked with population-based health data for follow-up to 2017. Bivariate analyses assessed differences between patients with depression and/or anxiety and those without. Odds ratios (ORs) were calculated to assess the odds of binary postsurgical outcomes.
                  
                  
                    Results:
                    Our final cohort consisted of 3815 patients. There were 603 patients (15.8%) with depression and/or anxiety. They were more likely to visit a physician for pelvic pain, more likely to take some hormonal medications, and more likely to fill prescription-level analgesics, including opioids both before and after surgery. They also had a significantly higher risk of reoperation for their endometriosis than people without co-occurring depression and/or anxiety (OR 1.32, 95% confidence interval [CI]: 1.07–1.61).
                  
                  
                    Conclusion:
                    Endometriosis patients with co-occurring depression and/or anxiety used more health services for pain, including prescription-level analgesics, and were more likely to have an endometriosis reoperation. We recommend that future study should aim to better understand the direction of this association between depression and/or anxiety and increased health services use.
                  ",2023,02,crossref,AAGL2023_020
10.1016/j.ejogrb.2019.01.018,The association between ultrasound-based ‘soft markers’ and endometriosis type/location: A prospective observational study,Reid S,Condous G,Reid S; Leonardi M; Lu C; Condous G,European Journal of Obstetrics &amp; Gynecology and Reproductive Biology,NA,2019,03,crossref,AAGL2023_020
10.3109/9781439804766-10,Ultrasound assessment of endometriosis,,,,"Atlas of Endometriosis, Third Edition",NA,2020,06,crossref,AAGL2023_020
10.1002/uog.15237,OP15.01: Transvaginal ultrasound soft markers for the prediction of endometriosis type and location,Reid S,Condous G,Reid S; Gerges B; Lu C; Casikar I; Condous G,Ultrasound in Obstetrics &amp; Gynecology,NA,2015,09,crossref,AAGL2023_020
10.1161/blog.20220822.965454,Article Commentary: “Laparoscopically Confirmed Endometriosis and Risk of Incident Stroke”,,,,Blogging Stroke,NA,2022,08,crossref,AAGL2023_020
10.1177/2284026518767259,Poor sensitivity of transvaginal ultrasound markers in diagnosis of superficial endometriosis of the uterosacral ligaments,Robinson A,Piessens S,Robinson A; Rombauts L; Ades A; Leong K; Paul E; Piessens S,Journal of Endometriosis and Pelvic Pain Disorders,"Introduction: This study aims to evaluate the use of transvaginal ultrasound in predicting superficial endometriosis near the uterosacral ligaments, in women with symptoms of endometriosis. Methods: This was a prospective observational pilot study in which women with symptoms of endometriosis underwent detailed pre-operative transvaginal ultrasound to assess the uterosacral ligament area for thickening (‘white line sign’), tenderness and small hypoechoic nodules. Women with deep infiltrating endometriosis were excluded. The test characteristics of transvaginal ultrasound were reported using histologically or visually proven endometriosis near the ipsilateral uterosacral ligament as a reference standard. Results: In 81 patients who underwent pre-operative transvaginal ultrasound and laparoscopy, no marker had appropriate test characteristics for a diagnostic or screening test for endometriosis near the ipsilateral uterosacral ligament when used alone. The presence of a small hypoechoic nodule on the white line had the highest specificity of the three markers, at 82% (95% confidence interval 66%–92%). Quantitative measurement of the white line also achieved a high specificity of ≥96% using a cut-off of 5.8 and 6.1 mm, on the left and right sides, respectively. Conclusion: Transvaginal ultrasound of the uterosacral ligament area using the three proposed markers is not a clinically useful screening test for superficial endometriosis near the uterosacral ligaments. A grossly thickened white line (≥5.8 mm) and/or the presence of small hypoechoic nodules are highly specific findings for superficial endometriosis near the uterosacral ligaments and may prompt surgical management. ",2018,03,crossref,AAGL2023_020
10.1201/9780429488115-3,Pelvic Ultrasound for Endometriosis:,Exacoustos C,Lazzeri L,Exacoustos C; Lazzeri L,Endometriosis,NA,2022,06,crossref,AAGL2023_020
10.1016/j.jeud.2025.100140,"The association between body mass index (BMI) and the severity of endometriosis, pelvic pain, and frequency of gastrointestinal symptoms in patients with endometriosis",Giahi L,Razi S,Giahi L; Padmehr R; Shadjoo K; Irani H; Razi S,Journal of Endometriosis and Uterine Disorders,NA,2026,03,crossref,AAGL2023_020
10.1177/2284026518774997,The association between endometriosis and the risk of LBW: A meta-analysis,Jenabi E,Fereidooni B,Jenabi E; Fereidooni B,Journal of Endometriosis and Pelvic Pain Disorders,"Background: Many observational services have been conducted to evaluate the risk factors of low birth weight, but the results showed no consistency. Therefore, we conducted this meta-analysis to investigate the association between endometriosis (body mass index) and the risk of low birth weight. Methods: Relevant works that were published in major international electronic databases such as PubMed, Scopus, Web of Science, LILACS, SciELO, and Cochrane were systematically searched until February 2018. Begg’s and Egger’s tests were used to determine publication bias in included studies. The random-effects model was carried out to determine the odds ratio. Results: A meta-analysis of the 12 studies proposed a significant association between endometriosis and the risk of low birth weight (odds ratio = 1.34, 95% confidence interval = 1.08–1.60). The subgroup analysis was carried out based on the design, adjusted form, and use of assisted reproductive technology in studies. The pooled results based on subgroup analysis in case–control and cohort studies were 1.46 (0.79–2.12) and 1.32 (1.02–1.62), respectively. There was significant correlation between endometriosis and low birth weight in cohort studies. Also, heterogeneity was not reported among studies in the subgroup based on adjusted form. There was no significant correlation between endometriosis and low birth weight in studies using assisted reproductive technology methods Conclusion: The systematic review and meta-analysis showed that endometriosis increases the risk of low birth weight. Therefore, it is a risk factor for low birth weight. ",2018,06,crossref,AAGL2023_020
10.1186/s12916-023-03184-z,Polygenic risk score phenome-wide association study reveals an association between endometriosis and testosterone,McGrath I,Mortlock S,McGrath I;  ; Montgomery G; Mortlock S,BMC Medicine,"Abstract
                Background
                Endometriosis affects 1 in 9 women, yet it is poorly understood with long diagnostic delays, invasive diagnoses, and poor treatment outcomes. Characterised by the presence of endometrial-like tissue outside of the uterus, its main symptoms are pain and infertility. Endometriosis often co-occurs with other conditions, which may provide insights into the origins of endometriosis.
              
                Methods
                Here a polygenic risk score phenome-wide association study of endometriosis was conducted in the UK Biobank to investigate the pleiotropic effects of a genetic liability to endometriosis. The relationship between the polygenic risk score for endometriosis and health conditions, blood and urine biomarkers and reproductive factors were investigated separately in females, males and females without an endometriosis diagnosis. The relationship between endometriosis and the blood and urine biomarkers was further investigated using genetic correlation and Mendelian randomisation approaches to identify causal relationships.
              
                Results
                Multiple health conditions, blood and urine biomarkers and reproductive factors were associated with genetic liability to endometriosis in each group, indicating many endometriosis comorbidities are not dependent on the physical manifestation of endometriosis. Differences in the associated traits between males and females highlighted the importance of sex-specific pathways in the overlap of endometriosis with many other traits. Notably, an association of genetic liability to endometriosis with lower testosterone levels was identified. Follow-up analysis utilising Mendelian randomisation approaches suggested lower testosterone may be causal for both endometriosis and clear cell ovarian cancer.
              
                Conclusions
                This study highlights the diversity of the pleiotropic effects of genetic risk to endometriosis irrespective of a diagnosis of endometriosis. A key finding was the identification of a causal effect of the genetic liability to lower testosterone on endometriosis using Mendelian randomisation.
              ",2023,12,crossref,AAGL2023_020
10.1016/j.atherosclerosis.2022.06.773,Markers of chronic inflammation and atherosclerosis in women at menopausal transition and history of confirmed endometriosis,Alieksieieva V,Gargin V,Alieksieieva V; Muryzina I; Shcherbina M M; Gargin V,Atherosclerosis,NA,2022,08,crossref,AAGL2023_020
10.1177/2284026518818975,"Association between endometriosis, headache, and migraine",Karamustafaoglu Balci B,Attar E,Karamustafaoglu Balci B; Kabakci Z; Guzey D; Avci B; Guler M; Attar E,Journal of Endometriosis and Pelvic Pain Disorders,"Introduction: Available data suggest that there is an association between endometriosis and a group of disorders including autonomic nervous system irregularities. A deeper understanding of relationship between endometriosis and autonomic nervous system is needed as it may lead to novel discoveries on the causes or consequences of endometriosis. In this study, we analyzed the prevalence of migraine in patients with endometriosis. Methods: In this cross-sectional study, medical records of women were reviewed through January 2013 to December 2017. Women with laparoscopically proven endometriosis (n = 185) were compared with those without endometriosis (n = 168). The 3-item screening questions (ID Migraine™) test was used to screen migraine. Data were analyzed using SPSS v25 (IBM Corporation). The χ2 test was used for analyzing the nominal parameters and group comparisons. Pearson χ2 was used to study the association between endometriosis and migraine. Results: The mean age was 31.86 ± 4.49 years of the endometriosis group and 28.95 ± 5.11 years of the controls (p = 0.408). The two pre-screening questions of ID Migraine test were answered positively by 86 patients of the endometriosis group (75.4%) and by 53 patients of the control group (54.6%) (p = 0.001). Of these patients, 51 (44.7% of endometriosis group) and 26 (26.8% of control group) were diagnosed as having migraine using 3-item Migraine questionnaire (p = 0.007). Conclusion: This study showed that the prevalence of migraine was significantly higher in patients with endometriosis. Because there is a strong correlation, patients with endometriosis should be screened for headache and migraine to increase the benefits of care. ",2019,03,crossref,AAGL2023_020
10.1007/s00261-019-02124-x,Comparison of routine pelvic US and MR imaging in patients with pathologically confirmed endometriosis,Bartlett D,VanBuren W,Bartlett D; Burkett B; Burnett T; Sheedy S; Fletcher J; VanBuren W,Abdominal Radiology,NA,2020,06,crossref,AAGL2023_020
10.1177/2284026519832814,The association between body mass index and the risk of endometriosis: A meta-analysis,Jenabi E,Veisani Y,Jenabi E; Khazaei S; Veisani Y,Journal of Endometriosis and Pelvic Pain Disorders,"Background: Many epidemiologic studies have been conducted to assess factors that were associated to endometriosis, but there is no consistency in results. Therefore, we conducted this meta-analysis to investigate the association between body mass index and the risk of endometriosis. Methods: In this meta-analysis, relevant studies that published in major international electronic bibliographic databases of PubMed, Scopus and Web of Science were systematically searched during November 2017. The Begg and Egger’s test was used to investigate publication bias in included studies. The Q-statistic and I2 tests were carried out for measuring heterogeneity. The random-effects model was conducted to obtain pooled odds ratio. Results: Our results showed a direct association between underweight and endometriosis in woman (odds ratio = 1.41, 95% confidence interval = 1.16–1.66), so underweight woman had 41% higher chance for endometriosis. However, we did not find linear association between overweight and endometriosis (odds ratio = 0.95; 95% confidence interval: 0.72–1.18) and obesity and endometriosis (odds ratio = 0.88; 95% confidence interval: 0.54–1.21), respectively. Conclusions: Our results suggested that underweight was a risk factor for the endometriosis, while overweight and obesity were not protective factors for endometriosis. ",2019,06,crossref,AAGL2023_020
10.1002/uog.19310,OC15.07: Ultrasonographic “soft” markers for the detection of rectosigmoid endometriosis,Guerriero S,Alcazar J,Guerriero S; Ajossa S; Pascual M; Rodríguez I; Perniciano M; Piras A; Mais V; Saba L; Alcazar J,Ultrasound in Obstetrics &amp; Gynecology,NA,2018,10,crossref,AAGL2023_020
10.7554/elife.99226.2.sa2,"Reviewer #1 (Public review): Kynurenine monooxygenase blockade reduces endometriosis-like lesions, improves visceral hyperalgesia, and rescues mice from a negative behavioural phenotype in experimental endometriosis",,,,NA,NA,2024,11,crossref,AAGL2023_020
10.7554/elife.99226.1.sa1,"Reviewer #1 (Public Review): Kynurenine monooxygenase blockade reduces endometriosis-like lesions, improves visceral hyperalgia, and rescues mice from a negative behavioural phenotype in experimental endometriosis",,,,NA,NA,2024,08,crossref,AAGL2023_020
10.5256/f1000research.155270.r243123,Peer Review Report For: Pelvic pain symptoms and endometriosis characteristics in relation to oxidative stress among adolescents and adults with and without surgically-confirmed endometriosis [version 1; peer review: 2 approved],Mechsner S,Mechsner S,Mechsner S,NA,NA,2024,03,crossref,AAGL2023_020
10.26226/morressier.597eedbad462b80296ca19a3,ASSOCIATION BETWEEN OVARIAN OR EXTRA-OVARIAN ENDOMETRIOSIS AND CANCER IN PELVIC MRI : CLINICAL CASES,Gwendoline L,Gwendoline L,Gwendoline L,NA,NA,NA,01,crossref,AAGL2023_020
10.1016/j.jmig.2023.08.035,The Correlation between Endometrial Polyp Size and the Risk for Uterine Malignancy,Nassie D,Borovich A,Nassie D; Cohen G; Matot R; Bral P; Elfeky A; Goldchmit C; Borovich A,Journal of Minimally Invasive Gynecology,NA,2023,11,crossref,AAGL2023_026
10.53347/rid-22640,Uterine leiomyomas and endometrial polyp,Abdrabou A,Abdrabou A,Abdrabou A,Radiopaedia.org,NA,2013,04,crossref,AAGL2023_026
10.1093/bjs/znaf270.302,7 Association Between Gallbladder Polyp Size and Risk of Malignancy: A Single Centre Retrospective Study,Kassem A,Kassem A,Kassem A,British Journal of Surgery,"Abstract
                  
                    Aim
                    To investigate ultrasound image findings in patients with gallbladder polyps requiring cholecystectomy and assess the risk of gallbladder malignancy associated with polyps.
                  
                  
                    Method
                    Patients with ultrasound diagnosis of gallbladder polyps who underwent cholecystectomy between January 2019 and September 2023 were included. Histology reports were thoroughly reviewed to find possible diagnosis of gallbladder malignancy.
                  
                  
                    Results
                    A total of 701 patients' records who had cholecystectomy were reviewed, 45 patients were included as per the inclusion criteria, of whom 73% were women. Mean age was 52÷15 years. Average size of the polyps on ultrasound was 7.26mm and approximately 26.7% of polyps were noted to be bigger than 10mm.
                    Overall analysis of the data showed that none of the histology confirmed malignancy.
                  
                  
                    Conclusions
                    Literature review and current ESGAR guidelines suggests that gallbladder polyps, particularly with size
                    &amp;gt; 10mm have significant risk of conversion to malignancy. Nearly a quarter of the patients who underwent cholecystectomy for gallbladder polyp had a polyp size &amp;gt; 10mm however none of them were proven malignant on histology. This study was conducted on small cohort of patients, further studies on larger cohorts are needed in order to draw conclusions.
                  ",2025,12,crossref,AAGL2023_026
10.5220/0011375000003443,Correlation between Differential Expression of m6A and Prognosis of Uterine Corpus Endometrial Carcinoma,Zuo M,Zuo M,Zuo M,Proceedings of the 11th International Conference on Biomedical Engineering and Bioinformatics,NA,2022,01,crossref,AAGL2023_026
10.1186/s12905-024-03406-3,Malignancy risk factors based on endometrial polyp,Cetin F,Goc G,Cetin F; Kayar İ; Birge Ö; Goc G,BMC Women's Health,NA,2024,10,crossref,AAGL2023_026
10.48095/cccg202444,Ultrasound finding of endometrial polyp and factors increasing risk of malignancy,,Weinberger V, ; Koblížková M; Bretová P; Felsinger M; Minář L; Bednaříková M; Weinberger V,Česká gynekologie,"This article presents a comprehensive review of factors that increase the risk of malignancy in ultrasound findings of an endometrial polyp. We collected original studies, reviews, and meta-analyses that dealt with the topic of endometrial polyps and the risk of developing endometrial cancer. Each presumed risk factor was analysed individually. According to searched studies, abnormal uterine bleeding, old age, and body mass index are valid risk factors for developing endometrial cancer in endometrial polyps. Lynch syndrome patients are also in a high-risk group for endometrial cancer. On the other hand, the number of polyps, their size, diabetes mellitus, hypertension, and positive family history are factors with inconclusive results. There are either not enough data or different results among several studies.   Key words: endometrial polyp – risk factors – endometrial carcinoma – polyp size – tamoxifen – abnormal uterine bleeding",2024,02,crossref,AAGL2023_026
10.1016/j.gmit.2016.08.006,Endometrial adenomyoma polyp caused postmenopausal bleeding mimicking uterine malignancy,Huang C,Ding D,Huang C; Hong M; Ding D,Gynecology and Minimally Invasive Therapy,NA,2017,08,crossref,AAGL2023_026
10.55418/9781933477480-03,Endometrial Polyp,,,,Tumors of the Uterine Corpus and Gestational Trophoblastic Diseases,NA,2020,01,crossref,AAGL2023_026
10.2139/ssrn.4868108,Correlation Analysis between Molecular Subtypes of Type I Endometrial Cancer and the Duration of Abnormal Uterine Bleeding-----A Small Sample Size Single Center Retrospective Analysis,Yanli Y,Li C,Yanli Y; Xiao Die X; Tian Mei W; Li C,NA,NA,NA,01,crossref,AAGL2023_026
10.1016/j.jogc.2018.07.019,Endometrial Polyp Size and the Risk of Malignancy in Asymptomatic Postmenopausal Women,Namazov A,Silberstein T,Namazov A; Gemer O; Ben-Arie A; Israeli O; Bart O; Saphier O; Mahler N; Kapustian V; Silberstein T,Journal of Obstetrics and Gynaecology Canada,NA,2019,07,crossref,AAGL2023_026
10.1093/bjs/znae197.128,WP2.4 - Association between Gallbladder Polyp Size and Risk of Malignancy: A single centre retrospective study,Khalid M,Marzouk A,Khalid M; Mallon C; Aktas M; Kassem A; Junkin A; Marzouk A,British Journal of Surgery,"Abstract
               
                  Aims
                  To investigate ultrasound image findings in patients with gallbladder polyps requiring cholecystectomy and assess the risk of gallbladder malignancy associated with polyps.
               
               
                  Methods
                  Patients with ultrasound diagnosis of gallbladder polyps who underwent cholecystectomy between January 2019 and September 2023 were included. Histology reports were thoroughly reviewed to find possible diagnosis of gallbladder malignancy.
               
               
                  Results
                  A total of 701 patients’ records who had cholecystectomy were reviewed, 45 patients were included as per the inclusion criteria, of whom 73% were women. Mean age was 52±15 years. Average size of the polyps on ultrasound was 7.26mm and approximately 26.7% of polyps were noted to be bigger than 10mm. Overall analysis of the data showed that none of the histology confirmed malignancy.
               
               
                  Conclusion
                  Literature review and current ESGAR guidelines suggest that gallbladder polyps, particularly with size &amp;gt;10mm have significant risk of conversion to malignancy. Nearly a quarter of the patients who underwent cholecystectomy for gallbladder polyp had a polyp size &amp;gt;10mm however none of them were proven malignant on histology. This study was conducted on small cohort of patients, further studies on larger cohorts are needed in order to draw conclusions.
               ",2024,09,crossref,AAGL2023_026
10.26226/morressier.599bdc78d462b80296ca0f85,A CASE OF EXTRA-UTERINE SPREAD IN NONINVASIVE SEROUS PAPILLARY ENDOMETRIAL CARCINOMA ARISING FROM A POLYP,Damir D,Damir D,Damir D,NA,NA,NA,01,crossref,AAGL2023_026
10.7759/cureus.43675,Exophytic Subserosal Uterine Adenomyomatous Polyp Mimicking Malignancy: A Case Report,Manivannan A,Reddy S,Manivannan A; Pandurangi M; Vembu R; Reddy S,Cureus,NA,2023,08,crossref,AAGL2023_026
10.17826/cumj.500359,"Coexistence of uterine lipoma, leiomyoma and endometrial polyp",SÖĞÜTÇÜ N,ŞEKER N,SÖĞÜTÇÜ N; ŞEKER N,Cukurova Medical Journal,"Lipomas of the uterus are very rare tumors, they are often misdiagnosed by preoperative radiological examination due to their content and their rarity. Although MRI is preferred because of the fat nature of the lesion, the definitive diagnosis requires histopathological examination. Although many theories have been proposed about the histogenesis of the tumor, there is still no accepted theory. These lesions may have concomitant malignancy in the uterus, ovaries, and fallopian tubes, or may have other metabolic disorders and abnormal estrogen status. Here, we report a 39-year-old female patient who was admitted to the hospital with pelvic pain and irregular vaginal bleeding. Abdominal hysterectomy and bilateral salpingo-oopherectomy was performed and histopathological examination revealed rare occurrence of coexistent uterine lipoma, leiomyoma and endometrial polyp.",2019,09,crossref,AAGL2023_026
10.1016/s0090-8258(22)01612-2,Risk stratification for endometrial hyperplasia and malignancy in women age ≤45 with abnormal uterine bleeding (390),Patel A,Mankus E,Patel A; McCann G; Mankus E,Gynecologic Oncology,NA,2022,08,crossref,AAGL2023_026
10.5256/f1000research.187658.r447598,Peer Review Report For: Development and Internal Validation of a Novel Risk Prediction Score for Endometrial Malignancy in Premenopausal Women with Abnormal Uterine Bleeding [version 1; peer review: 1 not approved],Wang X,Wang X,Wang X,NA,NA,2026,02,crossref,AAGL2023_026
10.7759/cureus.72353,A Non-puerperal Uterine Inversion Due to an Endometrial Polyp,Almeida M,Rego J,Almeida M; Bettencourt P; Couto S; Aleixo M; Rego J,Cureus,NA,2024,10,crossref,AAGL2023_026
10.5799/jcei.433819,Evaluation of Malignancy Risk in Patients Who Underwent Hysteroscopy for Preliminary Diagnosis of Endometrial Polyp,Günay T,Şeneldir H,Günay T; Yardımcı O; Polat M; Sandal K; Şeneldir H,Journal of Clinical and Experimental Investigations,NA,2018,06,crossref,AAGL2023_026
10.1016/j.ygyno.2024.07.101,Endometrial pathology among premenopausal patients seeking emergency care for abnormal uterine bleeding: High risk of endometrial malignancy and premalignancy,Grubman J,Kiszka A,Grubman J; Bling D; Beer H; Mehra S; Tian P; Kakwan H; Miller E; Pruszynski J; Kiszka A,Gynecologic Oncology,NA,2024,11,crossref,AAGL2023_026
10.32895/ump.mpr.5.3.4,The risk of endometrial (pre)malignancy in women having postmenopausal uterine bleeding at Tu Du Hospital,Nguyen H,Trinh T,Nguyen H; Ha L; Tran N; Trinh T,MedPharmRes,"



Endometrial cancer and endometrial atypical hyperplasia, futher referred to as endometrial (pre)malignancy in approximately 8.3-17.6% of cases depending on different studies. The incidence of abnormal endometrium increases during the postmenopausal period, especially endometrial (pre)malignancy. There are limited data regarding endometrial (pre)malignant disorders in patients with postmenopausal uterine bleeding.



The aim of this study is to investigate the risk of endometrial cancer and atypical hyperplasia in the women who had postmenopausal uterine bleeding (PUB) and assess the risk factors associated with such cases.



A cross-sectional study was conducted on 164 women with PUB used vacuum aspirator with Karman canula to evaluate endometrial pathology, underwent treatment at deparment of Gynaegology, Tu Du hospital through a set of questionaires and case file reports completed from February to June of 2020.



In Bayesian inference, the risk of endometrial (pre)malignancy was 17.5%, CI (credible interval) 95% of 14.1 to 21.1%. There was a significant association between the risk and the duration of bleeding (OR = 1.02, CI 95% 1.01 to 1.03, LR+ 1.96, LR-0.37), number of live births (OR = 0.79, CI 95% 0.66 to 0.95, LR+ 2.41, LR- 0.76), endometrial thickness (OR = 1.08, CI 95% 1.01 to 1.16, LR+ 1.16, LR- 0.77) and the presence of abnormal intracavitary mass in transvaginal ultrasound (OR = 9.12, CI 95% 4.09 to 20.33, LR+ 3.65, LR- 0.4).



Using manual vacuum aspirator with Karman canula showed the risk of (pre)malignancy in women having PUB and this risk depends on the presence of the risk factors.

",2021,09,crossref,AAGL2023_026
10.1016/j.jmig.2023.08.037,Methoxyflurane Analgesia for Conscious Hysteroscopy: A Double-Blind Randomised Placebo-Controlled Trial (MACH Trial),Twidale E,Dudley N,Twidale E; Neutens S; Streeton C; Mudzamiri T; Hunt L; Dudley N,Journal of Minimally Invasive Gynecology,NA,2023,11,crossref,AAGL2023_028
10.1186/isrctn54176811,Randomised double blind placebo controlled trial of the efficacy of gabapentin in improving analgesia in patients undergoing hysterectomy receiving patients controlled analgesia,Brandner B,Brandner B,Brandner B,http://isrctn.org/&gt;,NA,NA,01,crossref,AAGL2023_028
10.1111/ajo.13861,"Methoxyflurane analgesia for outpatient hysteroscopy: A double‐blind, randomised, controlled trial",Twidale E,Streeton C,Twidale E; Neutens S; Hynt L; Dudley N; Streeton C,Australian and New Zealand Journal of Obstetrics and Gynaecology,"BackgroundDespite clinical and economic benefits, pain during outpatient hysteroscopy (OPH) remains a barrier to use. There is a lack of evidence to support routine use of one analgesic over another versus no analgesic.AimsTo study the efficacy and safety of methoxyflurane analgesia during OPH.Materials and MethodsA single‐centre, randomised, double‐blind, placebo‐controlled experiment was performed; 90 patients were randomly assigned (1:1). Participants allocated to the treatment group (cases) received 3 mL of methoxyflurane through an inhaler. The control group received a placebo. The primary outcome was a mean difference in pain, via a change in Visual Analog Scale (VAS) score from baseline at diagnostic hysteroscopy. Secondary outcomes were a mean difference in VAS score with any subsequent operative procedures; a mean difference in VAS score at 15 min post‐procedure; participant and clinician‐reported adverse effects and events; and participant‐reported procedure acceptability, adjuvant nitrous oxide (N2O2) use and a composite of ‘distress’.ResultsDuring diagnostic hysteroscopy, there was a mean difference of 11.5 mm/100 (95% confidence interval (CI) 0.08–22.95), P = 0.05, with the lower score in the cases, compared with controls. During subsequent operative procedures, there was a mean difference of 15 mm/100 (95% CI 2.71–28.22), P = 0.02, with the lower pain score in the cases, compared with controls. There was no significant difference in pain 15 min post‐procedure, participant‐ and clinician‐ reported adverse effects and events, procedure acceptability and the ‘distress’ composite.ConclusionsMethoxyflurane significantly reduced pain during OPH compared with placebo, for diagnostic as well as operative procedures. Furthermore, methoxyflurane was well tolerated, with no adverse events.",2025,02,crossref,AAGL2023_028
10.1186/isrctn36133252,Randomised double blind placebo controlled internet trial of probiotics and ankylosing spondylitis (PAS- trial),Allen S,Allen S,Allen S,http://isrctn.org/&gt;,NA,NA,01,crossref,AAGL2023_028
10.26226/morressier.5971be86d462b80290b53243,A double blind placebo controlled randomised clinical trial of pregabalin for alcohol dependence,Krupitsky E,Krupitsky E,Krupitsky E,NA,NA,NA,01,crossref,AAGL2023_028
10.1186/isrctn06126383,Antibiotics with catheter withdrawal (a randomised double blind placebo controlled trial),Wazait H,Wazait H,Wazait H,http://isrctn.org/&gt;,NA,NA,01,crossref,AAGL2023_028
10.64239/pi-qt3801,"Study of Mirtazapine for Agitated Behaviors in Dementia (SYMBAD): A Randomised, Double-Blind, Placebo-Controlled Trial",,,,NA,"The first line of management for agitation in dementia is a full assessment to identify any potentially modifiable causes for the behavior. In all but the most urgent of situations, the next line is nonpharmacologic treatment because such approaches have been shown to be at least as effective as drug treatment. Mirtazapine was no better than placebo, and 7 deaths among 102 patients raise concern about safety. By contrast, citalopram 30 mg/day was significantly more effective than placebo but associated with QT prolongation in 12% of participants.",2022,04,crossref,AAGL2023_028
10.1186/isrctn25268811,Randomised double blind placebo controlled trial of calcium supplements in teenage pregnancy,Anumba D,Anumba D,Anumba D,http://isrctn.org/&gt;,NA,NA,01,crossref,AAGL2023_028
10.1186/isrctn31432640,"Randomised double-blind, placebo-controlled trial of selenium supplementation in adult asthma",Shaheen S,Shaheen S,Shaheen S,http://isrctn.org/&gt;,NA,NA,01,crossref,AAGL2023_028
10.1186/isrctn34475330,Ultrasound therapy for lateral epicondylitis. A double blind randomised placebo controlled trial,Speed C,Speed C,Speed C,http://isrctn.org/&gt;,NA,NA,01,crossref,AAGL2023_028
10.1186/isrctn87769578,Ultrasound therapy for plantar fasciitis. A double blind randomised placebo controlled trial,Speed C,Speed C,Speed C,http://isrctn.org/&gt;,NA,NA,01,crossref,AAGL2023_028
10.1186/isrctn71865873,Ultrasound therapy for medial epicondylitis. A double blind randomised placebo controlled trial.,Speed C,Speed C,Speed C,http://isrctn.org/&gt;,NA,NA,01,crossref,AAGL2023_028
10.1186/isrctn75728112,"A randomised, placebo-controlled, double-blind trial of ondansetron in renal itch",Murphy M,Murphy M,Murphy M,http://isrctn.org/&gt;,NA,NA,01,crossref,AAGL2023_028
10.1186/isrctn80334919,Double Blind Randomised Placebo Controlled Trial of Oral Co-trimoxazole in Pulmonary Fibrosis,Varney V,Varney V,Varney V,http://isrctn.org/&gt;,NA,NA,01,crossref,AAGL2023_028
10.1186/isrctn56033334,Randomised double-blind placebo-controlled trial of intravenous antioxidant therapy in predicted severe pancreatitis,Galloway S,Galloway S,Galloway S,http://isrctn.org/&gt;,NA,NA,01,crossref,AAGL2023_028
10.1186/isrctn28863939,Metformin in women with cardiac syndrome X: a randomised double blind placebo controlled trial,Sattar N,Sattar N,Sattar N,http://isrctn.org/&gt;,NA,NA,01,crossref,AAGL2023_028
10.1186/isrctn07249128,"Double-blind, randomised, placebo-controlled trial of Nicotine Replacement Therapy (NRT) in pregnancy - SNAP",Cooper S,Cooper S,Cooper S,http://isrctn.org/&gt;,NA,NA,01,crossref,AAGL2023_028
10.1186/isrctn21047731,"Randomised double-blind, placebo-controlled multicentre trial of antioxidant therapy in painful chronic pancreatitis",Siriwardena A,Siriwardena A,Siriwardena A,http://isrctn.org/&gt;,NA,NA,01,crossref,AAGL2023_028
10.1186/isrctn58943280,"Randomised, double-blind, placebo-controlled trial of azathioprine in moderate to severe atopic eczema",Meggitt S,Meggitt S,Meggitt S,http://isrctn.org/&gt;,NA,NA,01,crossref,AAGL2023_028
10.1186/isrctn54619615,"Methylphenidate in the treatment of amphetamine dependence: a double-blind randomised, placebo-controlled trial",Tiihonen J,Tiihonen J,Tiihonen J,http://isrctn.org/&gt;,NA,NA,01,crossref,AAGL2023_028
10.1016/j.jmig.2023.08.046,Prediction Outcomes Including Major Complications in Patients Undergoing Laparoscopic and Open Hysterectomy for Benign Indications,Madhvani K,Khan K,Madhvani K; Fernandez Garcia S; Fernandez-Felix B; Carpenter T; Zamora J; Khan K,Journal of Minimally Invasive Gynecology,NA,2023,11,crossref,AAGL2023_036
10.1503/cmaj.220914,Predicting major complications in patients undergoing laparoscopic and open hysterectomy for benign indications,Madhvani K,Khan K,Madhvani K; Garcia S; Fernandez-Felix B; Zamora J; Carpenter T; Khan K,Canadian Medical Association Journal,NA,2022,10,crossref,AAGL2023_036
10.7759/cureus.80978,Intraoperative and Postoperative Outcomes in Patients Undergoing Total Laparoscopic Hysterectomy for Benign Conditions With Drain Placement,Malkan N,Şahin S,Malkan N; Aktürk H; Tekin C; Şahin S,Cureus,NA,2025,03,crossref,AAGL2023_036
10.17772/gp/1572,Total laparoscopic hysterectomy – indications and complications of 158 patients,Antosiak B,Malinowski A,Antosiak B; Makowska J; Malinowski A,Polish Gynaecology,NA,2013,01,crossref,AAGL2023_036
10.23880/oajg-16000217,Differences among Obese Versus Nonobese Patients Undergoing Total Laparoscopic Hysterectomy. A Single Surgeon Experience,I F,I F,I F,Open Access Journal of Gynecology,"Aim of the Study: The main of this study is to analyze the influence of obesity over the intraoperative, in the context of total laparoscopic hysterectomy. Material and Methods: The study developed in the 2nd Surgical Clinic of the “Pius Brinzeu” County Emergency Hospital Timisoara between 1st of January 2017- 1st of January 2019 and it was applied to a general batch of 29 women patients diagnosed with benign pathology of the uterus and adnexa. Results: The general batch we considered necessary some type of categorization of the women patients based on the BMI: Group A: BMI= 19.5-24.9 kg/m2; Group B: BMI= 25-29.9 kg/m2; Group C: BMI&gt;30 kg/m2. A positive moderated co-relation between the number of the comorbidities and the BMI (r=0,493, p&lt;0,05). Somehow self-explanatory, it was emphasized the fact that group B and C which contained mostly patients with BMI limit over the usual one, it was remarked a proportional increase of the comorbidities at the same time with the increase of the BMI. A strong positive co-relation between the BMI and the intervention time (p=0.047), therefore, those two being tied by proportional increase relation. In this way we obtained a statistically significant co-relation between BMI and the post-operative complications (p&lt;0.05) but with a low number of major complication on the general batch. Conclusion: By analyzing the comorbidities and the post-operative evolution, minor differences were encountered between the study groups, and it was demonstrated that there is no reason to see a high BMI level as an obstacle in performing TLH",2022,04,crossref,AAGL2023_036
10.7759/cureus.105429,"Laparoscopic Retrograde Hysterectomy: A Review of Techniques, Indications, and Outcomes",Akkour K,Akkour K,Akkour K,Cureus,NA,2026,03,crossref,AAGL2023_036
10.1097/aog.0000000000001427,Risk of Occult Uterine Sarcoma in Women Undergoing Hysterectomy for Benign Indications,,,,Obstetrics &amp; Gynecology,NA,2016,05,crossref,AAGL2023_036
10.1016/j.jmig.2013.12.011,Outcomes of Risk-Reducing Bilateral Salpingectomy at Laparoscopic Hysterectomy for Benign Indications,Hou H,Kane S,Hou H; Pollard R; Kane S,Journal of Minimally Invasive Gynecology,NA,2014,03,crossref,AAGL2023_036
10.22541/au.158999371.16557009,Are Patients with Thrombocytopenia at Higher Risk for Adverse Outcomes after Hysterectomy for Benign Indications?,Sheyn D,Bretrschneider C,Sheyn D; Darvish R; Nayak L; Myer S; Clardige C; Bretrschneider C,NA,NA,NA,01,crossref,AAGL2023_036
10.4103/gmit.gmit_50_20,Trocar Configuration in Laparoscopic Hysterectomy for Benign Indications,Grigoriadis G,Mumdzjans A,Grigoriadis G; Mumdzjans A,Gynecology and Minimally Invasive Therapy,"
            
            Hysterectomy is the most common gynecological surgical procedure worldwide. In recent years, there has been a significant increase in the proportion of hysterectomies performed laparoscopically. Despite attempts to standardize the procedure, there are various approaches available to the surgeon, in terms of number and position of laparoscopic trocars. We have conducted an electronic search on PubMed and, in this article, we present different laparoscopic trocar configurations in order to perform a laparoscopic hysterectomy
          ",2021,07,crossref,AAGL2023_036
10.4103/gmit.gmit_142_20,Perioperative Serum Creatinine Change and Delayed Urologic Complications Following Total Laparoscopic Hysterectomy for Benign Indications,Higami S,Shiki Y,Higami S; Tanaka Y; Terada M; Hosoi A; Koyama S; Shiki Y,Gynecology and Minimally Invasive Therapy,"
            Objectives:
            The objective of the study was to investigate the association between perioperative serum creatinine change and delayed urologic complications following total laparoscopic hysterectomy (TLH) for benign indications.
          
          
            Materials and Methods:
            A total of 510 cases (503 cases without delayed urologic injuries and 7 cases with delayed urologic injuries) in which TLH was performed for benign indications were retrospectively reviewed. The patient characteristics and surgical outcomes were compared between patients with and without delayed urologic injuries. Laboratory markers (serum creatinine level at the preoperative and postoperative periods, white blood cell [WBC] ratio, and C-reactive protein [CRP] ratio) were analyzed to evaluate the diagnostic value of these laboratory markers.
          
          
            Results:
            There were no statistically significant differences in age, parity, body mass index, the presence of diabetes mellitus, preoperative GnRH agonist use, previous history of abdominal surgery or the performance of adnexal surgery, ASRM score, the presence of cul-de-sac obliteration, operative time, blood loss or weight of the resected specimens between the two groups. The proportions of patients who showed an elevated creatinine level on postoperative day 1 was significantly higher in the delayed urologic injury group (9.9% vs. 57%, P &lt; 0.001). The combination of the three laboratory markers yielded an area under the ROC curve value of 0.75 (95% confidence interval, 0.491–1) in the detection of delayed urologic injuries.
          
          
            Conclusion:
            A change in the serum creatine level over baseline after surgery may indicate the possibility of urologic injuries. The combination of creatinine change and other factors, such as WBC or CRP would be helpful for detecting urologic complications after TLH.
          ",2022,04,crossref,AAGL2023_036
10.1016/j.jmig.2019.04.001,Differences in Postoperative Morbidity among Obese Patients Undergoing Abdominal Versus Laparoscopic Hysterectomy for Benign Indications,Tyan P,Moawad G,Tyan P; Amdur R; Berrigan M; Robinson H; Sparks A; Gu A; Wei C; Klebanoff J; Moawad G,Journal of Minimally Invasive Gynecology,NA,2020,02,crossref,AAGL2023_036
10.1097/aog.0000000000002710,Occult Gynecologic Cancer in Women Undergoing Hysterectomy or Myomectomy for Benign Indications,Noorchashm H,Noorchashm H,Noorchashm H,Obstetrics &amp; Gynecology,NA,2018,08,crossref,AAGL2023_036
10.1016/j.jmig.2013.08.573,"Vaginal Hysterectomy, Abdominal Hysterectomy, Robotic Laparoscopic Hysterectomy &amp; Laparoscopic Assisted Vaginal Hysterectomy, Comparative Study Including the Clinical Outcomes and the Cost",Hanafi M,Hanafi M,Hanafi M,Journal of Minimally Invasive Gynecology,NA,2013,11,crossref,AAGL2023_036
10.1016/j.ajog.2019.12.120,80: Effect of surgical case order on perioperative outcomes of total laparoscopic hysterectomy for benign indications,Davenport A,Sheyn D,Davenport A; Sheyn D,American Journal of Obstetrics and Gynecology,NA,2020,03,crossref,AAGL2023_036
10.1097/01.aog.0000558761.19994.7e,Cervical Elongation Among Patients Undergoing Vaginal Hysterectomy for Prolapse Versus Other Benign Indications [22H],Elio Zeno A,Yazdany T,Elio Zeno A; Takashima Y; Ghayouri S; Yazdany T,Obstetrics &amp; Gynecology,"
            INTRODUCTION:
            Surgeons have cited anterior colpotomy as a barrier to performing vaginal hysterectomy (VH); cervical elongation (CE) may make this difficult. This study aims to understand CE and its significance among patients undergoing VH for pelvic organ prolapse (POP) versus those undergoing VH for other benign indications.
          
          
            METHODS:
            VH from 2015-2017 were identified through CPT codes. Study variables were obtained from operating room and pathology reports. CE was identified according to four definitions reported in three different studies. Twenty-three patients per study arm were estimated to be necessary to detect a statistically significant difference in CL &gt;33.8mm between VH patients with versus without POP.
          
          
            RESULTS:
            Chart review yielded 217 cases. Number of included VH cases was 128. There were 51 VH for POP, and 77 VH for other indications. CE prevalence was higher among patients undergoing VH for POP based on uterine corpus to cervical length ratio (UC:CL) &gt; 0.79 (25.5% versus 15.6%) and CL &gt; 33.8mm (66.7% versus 51.9%). Other CE parameters demonstrated no statistically significant difference between groups. In regression analysis, postmenopausal status was not associated with CL &gt; 3.38 (OR 0.138, 95% CI 0.02-0.941); and VH not for POP were more likely to have longer-than-average operating time (mean=210).
          
          
            CONCLUSION:
            CE was more prevalent in patients undergoing VH for POP compared to those having VH for other indications. CE was not associated with perioperative outcomes. These results refute existing literature regarding CE, particularly that CE may not be of consequence with regards to clinical outcomes during and after VH.
          ",2019,05,crossref,AAGL2023_036
10.37990/medr.1529028,"Comparison of the Female Sexual Function Index, Beck Depression Inventory, and Patient Satisfaction Scale in Patients Undergoing Total Abdominal Hysterectomy and Single-Port Laparoscopic Hysterectomy for Benign Conditions",Kaplan S,Kale A,Kaplan S; Kale A,Medical Records,"Aim: The uterus is widely accepted as a sexual organ, children-making body, secretory organ, youth, charm, or power supply by women. By hysterectomy, psychosocial problems such as fear of losing sexual identity occur, and depression may arise as a result of this. In this study, we investigated the effects of surgery on female sexual function and psychosocial situation according to the methods of Total Abdominal Hysterectomy (TAH) and Single Port Laparoscopic Hysterectomy (SPLH).
Material and Method: This prospective surgical study included 60 patients, including 30 SPLH and 30 TAH patients with benign reasons. The demographic data of patients, Female Sexual Function Inventory (FSFI) score, Beck Depression Inventory (BDI) score, and Patient Satisfaction Scale (PSS) score results were all assessed according to TAH and SPLH methods.
Results: In the FSFI questionnaire, significant differences were found between SPLH and TAH groups for all ""desire frequency,"" ""desire level,"" ""stimulation frequency,"" ""stimulation level,"" and ""stimulation trust"" subquestions (p=0.004, p=0.0001, p=0.003, p=0.011 and p=0.011, respectively). In the BDI, the TAH score (4.4±3.25) was significantly higher than the SPLH score (2.77±2.97) (p=0.047). TAH had 7.97±3.6 points, and SPLH had 3.73±1.1 points regarding treatment results (p=0.00017). Similarly, TAH had 14±4.4 points, while SPLH had 6.1±1.3 points regarding the functionality of hysterectomy (p",2024,09,crossref,AAGL2023_036
10.1142/9789811243936_0007,Laparoscopic Hysterectomy Procedure,,,,Hysterectomy for Benign Conditions,NA,2022,07,crossref,AAGL2023_036
10.31083/j.ejgo.2020.03.5435,Likelihood of incidental finding of gynecological cancer in women undergoing hysterectomy for benign indications,,,,European Journal of Gynaecological Oncology,NA,2020,01,crossref,AAGL2023_036
10.1136/gutjnl-2015-309861.817,PWE-371 Clinical outcomes of patients undergoing laparoscopic vs open surgery for rectal cancers,Sinukumar S,Saklani A,Sinukumar S; Menezes J; Desouza A; Saklani A,"Colon and Anorectum – Cancer Including Diagnosis, Prevention and Screen",NA,2015,06,crossref,AAGL2023_036
